Scraped_Emails,index,Phone,Decision_Maker
atendimento@rhosse.com.br,105,,
contato@bioengenharia.com.br; bioengenharia@bioengenharia.com.br,76,(51) 3588-0880,
,96,(16) 99756-6883,
,31,(51) 3718-7000,
,41,(11) 6385-0015; (11) 6385-0016,
,116,(44) 3025-4650,Reprodução Humana - Líder; Reprodução Equina - Médico; Médico Veterinário - Médico
atendimento@novadentalcenter.com.br,115,(48) 3224-0579; (48) 9838-6193,
comercial@bioadvance.com.br,47,,
,49,(11) 5904-0215; (11) 94771-6386,Estados Unidos - Líder
,13,(41) 3296-9687,
,42,(16) 3954-1464,Ultrassom Odontológico - dentista
vendas@biodina.com.br; sac@biodina.com.br,84,(21) 4040-1111,
,34,,Médico Neurocirurgião - Médico; Cirurgião Bucomaxilo Facial - Cirurgião; Cirurgião Dentista - Cirurgião
gerencia@dentalbrod.com.br,121,(47) 99146-6777; (47) 3026-5547,
contato@amerj.com.br,119,(21) 2493-6200; (21) 2236-1011,
,18,,You Covered - Head; Zimmer Biomet And Arnold Have - Head
sac@farmatex.com.br; comercial@farmatex.com.br,126,(41) 3078-7760,
,27,(19) 3765-9900,
,136,(11) 3568-1300,
publicrelations@dentsplysirona.com; cristiane.yajima@dentsplysirona.com,21,,Qualidade Global - Presidente; Negócios Globais - Presidente; Presidente Executivo - Presidente
,70,(11) 3022-2588,
,45,,Indústrias Médico Odontológicas - Médico
engenharia.clinica2019@outlook.com,165,(31) 99901-5182,
impol@impol.com.br,133,(11) 4070-6464; (11) 94289-1627,
,141,,Kevin Lobo - presidente
abimade@abimade.com.br; vendas@abimade.com.br,162,(11) 4622-7555; (11) 91413-4555,
nicole.chang@stryker.com; infosmi@stryker.com; hanlijun@trauson.com,178,,
relacionamento@medic.com.br,183,(16) 3289-8272,
atendimento@dentalsantaclara.com.br,150,(48) 3447-0300; (48) 99624-2676,
,174,(11) 5904-0215; (11) 94771-6386,Estados Unidos - Líder
,122,(31) 99619-0514; (14) 2000-7270,
contato@vmgfarmaceutica.com.br,164,(31) 3115-6120,
,95,(38) 3720-9943; (38) 99178-0379,
,152,(48) 3223-0400,
oximil@oximil.com.br; cassio.develop@gmail.com,180,(31) 3385-6268,
,17,(14) 98118-1788; (14) 98147-1783,
,182,(51) 98116-5986,
contato@qualidental.com.br,173,(41) 98890-9748,
,177,,Chief Executive Officer Joaquin Duato - Chief Executive Officer
contato@dentalpaulista.com.br,134,(41) 98706-9492; (41) 3222-2426,
distribuidora@helfer.com.br,188,(51) 3024-8811,
,202,(47) 98810-0928,
contato@vrmedical.com.br,212,,
,132,,Diretor Superintendente - Diretor
sanitservicos@sanitservicos.com.br,197,(51) 3398-8646; (51) 98635-0520,
camedical@camedical.com.br,146,(21) 98454-9740; (21) 2499-0630,
,203,(47) 99164-1110,
contato@maximedsul.com.br,175,(51) 98406-8400; (51) 3342-0002,
,14,(11) 2465-2199; (11) 2972-5700,
comercial@ortomedic.com.br,74,(11) 4123-9711,
atendimento@casamedica.com.br,153,(43) 99852-0605,Aparelho Médico - Médico; Equipamentos Médicos - médico; Especialista Agora - Especialista
,120,(41) 3019-9999,
,187,(11) 3616-0409; (11) 2501-6272,
,201,(48) 3028-1030,
suporte@5s.med.br; 5s@5s.med.br,139,(11) 98261-9923; (11) 3826-8826,
frontdesk@carolinaperioandimplants.com,205,,
,185,(11) 2897-8023,
,233,(41) 3538-2344,
rangemed@rangemed.com.br,248,(41) 3195-2105; (21) 3195-6370,Range Med - Líder
zimmerbiometfoundation@zimmerbiomet.com; grants.amer@zimmerbiomet.com; medicaloutreach@americares.org,179,,Associate General Counsel - President; Global Chief - President; Chief Communications Officer - President
contato@hsmed.com.br,181,(11) 95222-2728; (11) 3530-4243,
,143,(11) 3855-4050; (11) 97305-9835,
dentalparana@uol.com.br; vendas@dentalparana.com.br,238,(41) 3408-3070; (41) 99117-5247,
,85,,Clareamento Dental - Líder; Dental Group - Líder
comercial@medicalmed.com.br,199,(51) 3026-5636,
,16,,Clareamento Dental - Líder; Dental Group - Líder
,204,,Material Médico Hospitalar - Médico; Equipamento Médico Hospitalar - Médico
,226,(11) 3062-2600,
contato@magimplantes.com.br,157,(19) 3805-9292; (19) 99774-8188,
marketing@lojabnp.com.br,234,,
contact@veryverde.com,278,(71) 3015-9887,
vendas@dentalcuritibana.com.br,244,(41) 3322-0449,
contato@medlifeba.com.br,285,(71) 3024-6147,
comercial@medicalhealthrio.com.br,118,,
sac@casadomedicoipanema.com.br,219,(21) 98259-0174; (21) 2522-0079,Médico Ipanema - Médico; Comprar Distribuidora Mediq - Médico; Glicose Reagentes - Médico
,198,,Balneário Barra - Dentista; Clínica Odontológica OdontoCompany - Dentista
,215,(11) 2364-8229; (51) 3012-7587,
recepcao@condominiomundoplaza.com.br; eventos@condominiomundoplaza.com.br,294,(71) 3500-2555,
,191,(11) 6385-0015; (11) 6385-0016,
,284,(71) 3032-2600; (71) 98205-8363,
vendas@hospitalardistribuidora.com.br,275,,
bioethica@bioethica.com.br,290,,
,280,(71) 98770-0804,
,12,,Bioscience Medical - médico
,160,,Rua Doutor Abelardo Vergueiro César - Doutor; São Paulo - Doutor
,220,(21) 96497-9743; (21) 2430-3133,Instrumentos Médicos - Médico; Lojas Físicas - Médico; Estetoscópios Profissionais - Médico
,186,(51) 98617-0133; (51) 3110-8690,Equipamentos Médico Hospitalar - Médico; Consumo Médico Hospitalar - Médico; Vestuário Médico - Médico
comercial@singularimplants.com.br,213,(84) 99806-2299,
,169,(41) 99971-5959; (41) 3076-7679,
,289,(71) 3034-3044,
,276,(48) 99650-0500; (48) 3225-2359,
,279,(71) 99167-1818; (71) 3901-1818,Salvador Shopping - CEO; Torre Londres - CEO; Alfredo Nelli - Especialista
,255,(48) 3035-5797,Asamed Distribuidora - Médico
sac@manancialmedical.com.br,245,(31) 99307-0522; (31) 3991-0184,
,295,,Médico Nutrólogo - Médico
,310,,Médico Hospitalares - Médico
,262,(41) 3322-5069,
,319,(71) 3383-1040; (75) 3623-3477,
orcamento@matmedhospitalar.com,214,(85) 9827-0053,Equipamentos Médico - Médico
,306,(82) 3317-6907; (81) 3721-4781,
contato@sdental.com.br,236,(41) 99686-7108,
sacs@trmedicohospitalar.com.br,304,,Médico Hospitalar - Médico; Quem Somos - Médico
,249,,Clareamento Dental - Líder; Dental Group - Líder
,250,(31) 97157-6533; (11) 93500-1099,
,147,,Christian Storz - CEO
sac@dentalbusiness.com.br,256,(47) 3360-6725; (47) 99925-1113,
,307,,Diretor Comercial - Co-fundador
administracao@techminas.com; comercial@techminas.com,218,(31) 99403-1208; (31) 3376-2638,Presidente Epitácio - Presidente; Presidente Venceslau - Presidente; Presidente Bernardes - Presidente
ekipamoveis@gmail.com,312,(71) 3042-1398; (71) 98501-8465,
,223,,Cevi Med - owner
,252,(11) 2376-5818; (11) 98855-0531,
contato@odontostore.com.br,235,(41) 3010-3181; (41) 99785-1067,
contato@odontodental.com.br,247,(47) 99636-0819; (47) 3013-1111,
,292,(71) 3254-6600,
,267,(11) 3504-1570,
dprosmed@dprosmed.com.br,308,(81) 3033-9090,
contato@mafmed.com.br,309,(81) 3445-5200; (81) 99542-0979,
marketing@fortecare.com.br,231,(41) 3888-4466,Forte Care Indústria Fabricante - Médico; Produtos Médico Hospitalares - Médico; Material Médico Hospitalar - Médico
,366,(61) 98345-8302; (61) 8345-8302,
,335,(48) 99974-6829,
medimplant@medimplant.com.br,317,(71) 3311-9150,
,140,(51) 3272-2000,Bioteck Implants - presidente; Rafael Amaral - presidente; Saúde Julio Cesar Viero Ruivo - presidente
,367,(61) 3351-7379,
,360,(79) 3211-5848; (31) 3268-9210,
,370,(61) 3379-8897,
contato@bahiafix.com.br,355,(71) 99257-6077,
,287,(71) 3023-2593,
atendimento@seguard.com.br,227,(62) 3030-3684; (62) 3251-0100,Kits Odontológicos Descartáveis - dentista
,398,(61) 3204-3040; (31) 7351-3200,
vendas@linkmedequipamentos.com.br,302,(81) 99978-7308,Soluções Médicas - médico
gigavida@gigavida.com.br,383,(81) 3314-7914,
bahiamed@bahiamed.com.br,358,(71) 99938-9506; (71) 3264-9699,
financeiro@dentalmac.com.br,356,(82) 9909-6271; (82) 3336-4900,
,315,,Saúde Masculina - Especialista; Reposição Hormonal - Especialista
financeiro@dentalmac.com.br,354,(82) 9909-6271; (82) 3336-4900,
dentallegal@yahoo.com,406,,
contato@meets.com.br,408,,
,347,(71) 3354-4555,Implante Master - fundador; Igor Brandão - cirurgião; Nicolas Nelli - cirurgião
,351,(71) 3354-4555,Implante Master - fundador; Igor Brandão - cirurgião; Nicolas Nelli - cirurgião
vendas@medicalprodutos.com.br,273,(41) 3042-0996; (41) 3042-0997,
,391,(61) 3563-3333; (61) 99122-7798,Diretor Clínico - Diretor; Harmonização Orofacial - Especialista
recantodoctor@gmail.com,403,(78) 95742-1613; (61) 3081-7491,
frpe@frpe.com.br,303,(81) 99904-4973; (81) 99922-1570,
neope@hotmail.com.br,421,,Prótese Dentária - Especialista; Disfunção Temporomandibular - Especialista; Cirurgia Bucomaxilofacial - Especialista
,374,,Portal Médico - Médico; Unimed Sorocaba - Diretor; Neoh Jornada Cirúrgica - médico
,251,(51) 99701-2214,
,415,(40) 2049-2500,
,377,(81) 9191-1836,Teach Lead - Lead
,298,(81) 3227-0344; (81) 99684-0060,Tupan Saúde - médico
contato@francinespessatto.com.br,339,,
,438,(81) 3226-9130,
,419,(81) 3301-5780; (81) 3301-7833,
,426,(81) 3314-2000,
pulsartechnologies@pulsartechnologies.com.br,386,(61) 98156-0006; (61) 3322-0666,
,401,(61) 3352-5257; (61) 3201-2000,
cotacao@cattismedical.com.br,368,(61) 99587-9781; (61) 99244-5783,Produtos Médico - Médico
,392,(61) 3030-5757,Vital Implantes - Dentista
contato@qualydigital.com.br,435,(81) 3137-5102; (81) 98288-0800,
contato@studiosorrir.com.br,422,(81) 3074-0211; (81) 98218-8913,Invisalign Doctor - Especialista
,337,(71) 99989-7579,
comercial@nuclearis.com.br,313,(81) 99541-7337,
comercial@analisesistemas.com,380,,
ctt@orthoserv.com.br,413,(81) 2138-6901; (81) 2138-6900,
comercial@jehospitalar.com.br; contato@jehospitalar.com.br,282,(71) 3017-8300; (71) 99673-2345,
,423,(81) 97309-1311; (81) 99932-2979,
pedidos@saudental.com.br,375,(83) 3133-3000,Ultradent Líder Mundial - Líder
contato@dmidf.com.br,364,(61) 99235-7460; (61) 3048-7650,Eletrodo Médico - Médico; Material Médico Hospitalar - Médico; Material Médico - Médico
contato@csproteselab.com.br,462,(19) 9347-0533; (19) 99347-0533,
,458,(19) 3765-9900,
atendimento@casadaprotese.com.br,464,(19) 98300-1847; (19) 3242-4770,
,343,(71) 98182-3931,
,466,(19) 2513-2077,
,452,(81) 3221-0662,
sac@bhs1.com.br,450,(20) 5615-7757; (20) 7082-8042,
,454,(48) 99630-1700,
,373,(61) 3393-6660,
,456,(48) 3024-5858,Alexandre Ferreira - CEO; Sysmarine Ltda - CEO; Guillaume Barrault - CEO
,429,(81) 99782-2155,
,459,(19) 3277-0905; (19) 3305-3573,Vice Diretor Financeiro - Diretor; Vice Presidente - Presidente
,388,,Diretor Superintendente - Diretor
,457,(19) 99675-0928; (23) 2507-3800,
contato@recifetecnologia.com.br; curriculos@recifetecnologia.com.br,381,(81) 3040-1010; (11) 5387-8496,
contato@horizontelocacao.com.br,480,(19) 98315-5062; (19) 98224-5838,
,420,(81) 9219-8061,Prótese Dentária - Especialista
atendimento1@avatti.com.br,478,(19) 99916-3612,
ribeiro@dentalgolden.com.br,404,(61) 3052-9850; (61) 99177-1877,
,471,(19) 99850-7004; (19) 3241-4443,Josi Marques - especialista; Fabiano Arrivabene - especialista; Harmonização Orofacial - especialista
consultoriavendas@mileski.com.br,385,,
,488,(19) 99777-5497,
contato@sauvet.com.br,489,(19) 3846-3600,
faleconosco@farmaciasindical.com.br,441,,
irenio.neto@injefarma.com.br,443,(81) 3252-8000,Materiais Médico - Médico; Equipamentos Médico - Médico
atendimento@poliexpress.com.br,283,(71) 3392-3970; (71) 3341-0268,
dentflex@dentflex.com.br,529,,
,494,(11) 5042-1155; (35) 5030-8014,
atendimento@med.place,522,(51) 3321-1414,Médico Responsável Técnico - Médico
tecnoclin@tecnoclin.com.br,505,(19) 3778-1400,Equipamentos Médico Hospitalares - Médico; Equipamentos Médico Hospitalar - Médico
comercial@gamacamp.com.br,537,(19) 3743-7070; (19) 99161-0915,
,455,(19) 3383-9362; (19) 98401-2003,Marcos Hayashi - doutor; Marcos Hayashi - especialista; Marcos Hayashi - dentista
vendas@ortopediaespecial.com.br,447,(81) 3132-1111,
topimplantes@gmail.com,412,(83) 3063-1010,
,491,(19) 3239-3377,
,511,(51) 99329-1468,Ambulatório Médico - Médico; Fisioterapia Corporativo - Médico
,378,,Business Partner - Partner; Diretor Comercial - Diretor; Diretor Financeiro - Diretor
atendimento@clinia.io; contato@clinia.io,508,,
comercial@metalclin.com.br,558,(47) 9688-7365,
kernit@kernit.com.br,515,(19) 3894-7331; (19) 3894-7372,
,550,(34) 3221-5300,
comercial@norsupri.com,432,(81) 98264-4175,
vendas@brazimed.com.br,538,(19) 98432-3234; (19) 99107-3185,
,473,(19) 98255-5790; (19) 3231-4737,
dpo@pucrs.br; dpo.hsl.g@pucrs.br,509,,Porto Alegre - líder
,553,(48) 98446-8244; (50) 6849-7000,
,474,,Diretor Clínico - Diretor; Cirurgiã Dentista - Dentista; Cirurgião Dentista - Cirurgião
,584,,Leandro José João - Diretor; Diretor Executivo - Diretor
,569,(48) 3244-9425; (48) 98411-2092,
,465,(19) 3233-3007; (19) 3237-4611,
contato@campmedical.com.br,526,(19) 3381-8199; (19) 98454-8199,Imobilizador Lateral - Head; Head Block - Head
proimplante@gmail.com,350,,Prótese Dentária - Especialista
comercial@marcahospitalar.com.br,560,,
wbprotesedentaria@gmail.com,561,(48) 98427-1179; (48) 3050-2562,
info@website.com; contato@implantop.com.br,477,(19) 3254-9390,
,481,(19) 4141-4939; (19) 3243-6725,
,593,,Loja Dr - Dr.
,565,(48) 3257-1455,
,588,(48) 99663-5511,
,536,(19) 3291-2283,Compliance Cirúrgica - Médico; Equipamentos Científicos - Médico; Cuidados Médicos - Médico
contato@bhiosupply.com.br,568,(51) 3458-4479; (51) 3459-4000,
comercial@loglifelogistica.com.br,549,(31) 3654-4851; (31) 3654-4852,Motofretista Especialista - Especialista; Respiramos Logística - sócio; Material Biológico - Especialista
,341,(71) 3012-0608,
contato@mixmedsc.com.br,567,(48) 99126-2523,
interletro@interletro.com.br,540,(19) 3231-4014; (19) 99778-5597,Equipamentos MÃ - Especialista
acaisaudenordeste@gmail.com,439,,
,532,(19) 3258-8087; (19) 97404-1082,Produtos Halitus - Dentista; Maurício Duarte - Sócio; Sócio Diretor - Sócio
,633,(48) 3024-4492,
sin@sinimplantsystem.com; bia@keypress.com.br,531,(11) 99242-4071,Ed Whitacre - CEO; Ed Whitacre - presidente
,577,(48) 8805-4761,Thiago Leite - médico
,600,,Diretor Health Care - Diretor
contato@yelocirurgica.com.br,598,,
contato@visio.com.br,613,,
,571,(48) 3248-0387; (48) 99613-6141,
,628,(48) 3223-2564; (48) 98419-5838,Universitário Avantis - Especialista; Balneário Camboriú - Especialista
,643,(61) 3522-7803; (61) 3522-7811,Asa Norte - Dentista; Park Sul - Dentista; Park Way - Dentista
,548,(19) 98281-0807,
,641,(61) 3326-9257,
,610,(19) 2660-4828,
,597,(48) 3223-7333; (48) 99147-7333,
,479,(19) 99713-3637,
,654,,Prótese Capilar - Especialista; Personal Stylist - Especialista
,607,(19) 3755-6500,Jovem Pan News Campinas - Presidente; Diretor Presidente - Diretor; Cidades Inteligentes - Presidente
contato@arquimedhospitalar.com.br,619,(48) 98818-3176; (48) 3304-4993,Rua Doutor Heitor Blum - Doutor
,636,(48) 3248-0387; (48) 99613-6141,
,576,,Gestão Administrativo Financeiro - Diretor; Head Operações - Diretor; Instituto Santé - Diretor
viafarma@viafarma.com,646,(47) 98831-6304; (47) 3028-8028,
comercial@librahospitalar.com.br,634,,Especialista TÃ - Especialista
vendas@oxisaude.com.br,589,(48) 3065-0111,
atendimento@medicamentum.com.br,668,(47) 3433-8669; (47) 99932-2129,
,653,(47) 3804-9699,
comercial@pelegrinionline.com.br,594,,
,504,,Suporte Técnico - Sócio; Security Awareness Officer - Sócio; Sócio Fundador - Sócio
contato@pulseclinic.com.br,681,(47) 98815-0773; (47) 3013-7138,
farmahofonline@gmail.com,647,(10) 2610-0027; (47) 99657-8812,
vendas@elroimedical.com.br,632,(48) 3047-4007; (48) 99676-0025,
,623,(48) 98409-9360; (48) 3322-1626,Dentista Especialista - Dentista; Implante Dentário - Dentista
atendimento@sysfar.com.br,604,(19) 3731-6600,
contato@drugstorepopular.com.br,487,(19) 3271-4898; (19) 3722-7866,
pedidos@grupodalazen.com.br,631,(48) 99181-7088; (48) 3039-8201,
,679,(47) 3407-1377,
vendas@vitoriasoftwarecom.br,696,(27) 3026-9548; (27) 3039-5007,
comercial@cirurgicaluzitana.com.br,541,(19) 3233-7418; (19) 3233-7724,
comercial@rcsat.com.br,630,(48) 3244-6422,
,620,(48) 99141-5196,
contato@hubsul.com.br,683,(47) 3025-4050,
,332,(17) 6540-2509; (48) 99670-1182,Valor Econômico - Médico; Rafael Gallassini - Médico
sac@santaapolonia.com.br,618,,Encosto Doutor Coluna Cf - Doutor
,655,,Clareamento Dental - Líder; Dental Group - Líder
,720,,Médico Odont - Médico; Rua Presidente Campos Salles - Presidente; Welfare Imp - Médico
,716,(47) 99681-0032; (47) 3145-8300,
sac@santaapolonia.com.br,640,,Encosto Doutor Coluna Cf - Doutor
,712,(72) 4700-0104,
,596,(48) 3036-1856,
comercial@poscirurgica.com,737,(27) 99815-2676,
csi@csiway.com.br,699,(27) 99962-7372; (27) 99904-3626,Nacional Peças - Diretor
,732,(47) 99765-9498,
vendas1@cinord.com.br,742,(16) 3987-5013; (16) 99155-6015,
medpej@medpej.com.br,735,(16) 3238-0300,
vendascuiaba@cqc.com.br; suporte@cqc.com.br; vendascpg@cqc.com.br,608,(65) 3642-4387; (65) 3021-2907,
,738,(16) 3965-1416,
,725,(47) 99260-9623,
assistenciahtr@gmail.com,601,(11) 98342-1132,
,523,(11) 2666-4698; (51) 3227-3594,Líder Técnico - Líder
,664,(47) 3041-0999; (47) 99652-6982,
,688,(47) 3041-0999; (47) 99652-6982,
marketing@belfarma.com.br,745,(16) 3601-0550; (16) 3235-0551,
,694,(27) 99265-1597; (27) 99282-3548,Diretor Executivo - Diretor
,662,(47) 99229-6696,Parabéns Doutora - dentista
,748,(16) 99614-8886,
vendas@oxisaude.com.br,727,(48) 3065-0111,
atendimento@cortical.com.br,749,(16) 2102-4811,
,750,,Presidente Venceslau - Presidente; Presidente Epitacio - Presidente; Presidente Prudente - Presidente
,627,(48) 99131-2204; (48) 3269-6147,
fabrica@villevie.com.br,723,(47) 3454-2200,
,736,(16) 3456-1400,
sac@viabem.com.br,739,(16) 3877-7311; (10) 3603-1900,
vanderson@vcom.ind.br,730,,
contato@clinicaallcare.com.br,680,(47) 3433-0876; (47) 99915-8427,
vendas@grantechospitalar.com.br,734,(47) 99730-8551; (47) 99613-8134,
sin@sinimplantsystem.com; bia@keypress.com.br,721,(11) 99242-4071,Ed Whitacre - CEO; Ed Whitacre - presidente
,689,(47) 3804-7075; (47) 98857-5907,Cirurgião Dentista - Cirurgião
contato@insidetecnologia.com,705,(27) 3093-8969; (27) 2104-0831,Realidade Virtual - especialista; Inside Tecnologia - especialista
sac@supriclinic.com.br,790,(16) 99252-3521,
,777,(16) 3102-6402; (16) 99173-8080,
,710,(27) 3024-3065; (27) 99702-5481,
,759,(11) 2179-9222,
dipha@dipha.com.br,753,(16) 3771-5458,
sac@casadomedicodistribuidora.com.br; contato@casadomedicodistribuidora.com.br,740,,Médico Distribuidora - Médico
comercial@gtks.com.br,784,,
,788,(16) 99231-6251; (16) 3013-7615,
contato@realtecnologia.com.br,698,(27) 3315-3600,
,718,,Prótese Dentária - especialista
ribermedica.vendas@gmail.com,690,(16) 3234-9943; (16) 3636-6973,Equipamento Médico - Médico
,747,(16) 3623-3339,
,673,(47) 3013-0301; (47) 99967-0507,
,807,(16) 99182-0853; (16) 3625-1772,
,771,(16) 3289-0281,Diretor MÃ - Diretor; Relacionamento Corporativo - Diretor
vendasprecision@precisionhospitalar.com.br,780,(16) 3236-9010,
,822,,Diretor ClÃ - Diretor
,804,(15) 6810-0011; (16) 99337-8549,
soulquimica@hotmail.com,592,(48) 98459-2251,
,829,(27) 99903-5753,
,794,(16) 99649-2193; (16) 3329-2933,
contato@lssaudecorporativa.com.br,611,(19) 2018-8410; (19) 99918-8624,Controle Médico - Médico; Saúde Ocupacional - Médico
atendimento@etox.com.br,764,(16) 99451-6155; (16) 3325-1356,
contato@ortopedicoshop.com.br,814,(16) 3635-8175; (16) 3236-9700,
encarregado@senior.com.br,672,,Senior Sistemas - líder
,817,(16) 3772-0273; (16) 99247-0522,
,831,(61) 3030-5757,Vital Implantes - Dentista
dentalribeirania@gmail.com,808,,
,837,(62) 99374-9007,
,823,(16) 99340-0443; (16) 3703-4189,Gabriel Francischini Caetano - Dr.
contato@hcenterhospitalar.com.br,785,(16) 99322-4290,
,834,(62) 3241-5555,Robo Cirurgião Toumai - Cirurgião
vendas@vitalville.com.br; comercial@vitalville.com.br,733,(47) 99159-7333,
,856,(62) 3602-4400,
,781,(19) 3515-8450; (31) 2117-0520,
contato@sishosp.com.br,605,(19) 3743-4890; (19) 99947-8017,
comercial@centralmedicago.com.br,838,(62) 3541-4158,
vendas@sessaut.com.br; sessaut@sessaut.com.br,775,(16) 3632-5828; (16) 99799-5828,Controle Médico - Médico; Saúde Ocupacional - Médico
contato@divoshospitalares.com.br,728,(47) 98474-2563; (47) 3278-2923,
site@alemana.com.br,812,(16) 99119-6408; (16) 3636-1231,
contato@faturemaiscia.com.br,850,,
contato@uniarte.com.br,859,(62) 9884-6659,Dentista EstÃ - Dentista
,845,(61) 99508-8700,
loja@microdent.com.br,828,(16) 99411-1617; (16) 3610-7666,Kit Médico - Médico; Cirúrgico Completo - Médico
vendas@adinstrumentos.com.br,796,(16) 3941-6450; (16) 98178-0333,
vendas4@singular.com.br,840,(62) 3636-1391,Na Singular - médico
mkt@triomed.com.br,782,(16) 99797-4453,Fixador Azul - Médico; Diapasão Médico - Médico; Cabeça Head Block Adulto Resgate - Head
implantisgo@gmail.com,865,(62) 9844-5151,
,878,,Dr Ady Reis Especialista - Especialista
healthcarebrasilia@gmail.com,849,,Amil One - líder; Assistência Viagem Internacional - líder
,768,(16) 99700-4265; (16) 99159-3786,
,836,(67) 3321-1117; (31) 3024-6040,Medi Saúde - médico
,824,(16) 99175-4648,
contato@ecel.ind.br,827,,
atendimento@brasmedical.com.br,799,(16) 99188-0992; (16) 99646-0425,
,851,(61) 3329-4500,
buteri@buteri.com.br,830,(27) 3134-9200,
,861,(62) 3999-0004,
,886,(61) 3218-7000,
comercial.farma@medicamental.com.br; comercial.hosp@medicamental.com.br,792,,
contato@cadistribuidora.com,874,(62) 3983-2239; (62) 3983-2238,
,843,(11) 2109-8500,
contato@marcomed.com.br,802,(16) 3610-9595; (16) 99635-5045,
,903,(61) 99512-6057,
contato@hospiconnect.com.br,879,(61) 98196-4138,
,773,,Hope KphÃ - Founder; Diretor Presidente - Diretor; Diretor TÃ - Diretor
,893,(61) 99951-1951,
comercial@sxmedic.com.br,853,(63) 99108-6787; (61) 99859-2307,
cetel@ceteleletronica.com.br,926,(27) 3222-1967,
,866,,Dentista Perto - Dentista; Buriti Shopping - Dentista; Prótese Dentária - Especialista
sac@axonbr.com,847,,
,881,(11) 5548-0506; (61) 2194-8280,
,904,(61) 98491-7201,
,920,(61) 3443-8880,
dentalcapixaba@dentalcapixaba.com.br,935,(27) 3205-2000; (27) 99902-5593,
,888,(61) 99691-2725; (61) 99218-3887,
site@dentaladelar.com.br,873,(62) 3501-2400,
,821,,Ribeirão Preto - dentista
emilcardio@emilcardio.com.br,940,(27) 3222-8494; (27) 99279-7913,
,911,(61) 3205-4220,
adm@belbidistribuidora.com.br,917,(61) 3052-2520,
,950,(27) 99921-8984,
riberdente@riberdente.com.br,819,(16) 99187-1808,
,907,,Detalhes Próteses - Especialista; Próteses Dentárias - Especialista
dentistry@dentaldentistry.com.br,932,,
contato@nrdist.com.br,918,(61) 9240-0521; (61) 99240-0521,
comercial@bsblogistica.com.br,913,(61) 3550-6689; (61) 99925-1200,
cicatrizecirurgica@gmail.com,939,(27) 99975-1931,
riberdente@riberdente.com.br,818,(16) 99187-1808,
odontosin0@gmail.com,867,(62) 99923-6158; (62) 3223-8234,
,921,(61) 3345-2327; (62) 3233-1901,
,791,(16) 3512-3500,Suporte Médico - Médico; Subseção Ribeirão Preto - CEO; Equipamentos Médico - Médico
matheusalvarengaeng@gmail.com,923,,
,846,(11) 3879-7822,
,902,(85) 99204-6611; (61) 3546-6904,
contatos@theralog.com.br,959,,
vendas@saudenacapital.com.br,885,(61) 99260-1500,
,798,(11) 5505-4040; (16) 3325-3966,Artigos Médico - Médico; Nova Parceria - Sócio; Presidente Vargas - Presidente
,927,(27) 3225-0288,Grande Rio - dentista; Universidade Federal - Especialista; Ribeirão Preto - Especialista
,973,(62) 98132-5813,
contato@cotadental.com.br,930,(27) 99828-4753; (27) 3022-8146,
admin@vixhospitalar.com.br,945,(78) 98390-9137; (78) 98360-9164,
,987,,Líder Ortopedia - Líder
imperial@imperialhospitalar.com.br; sac@imperialhospitalar.com.br,979,(62) 3932-0500; (10) 2163-5011,
,956,(27) 99263-0323; (27) 3227-9000,
,810,(16) 3610-7424; (16) 99216-6444,Nosso Fundador - Fundador
contatobiocompany@gmail.com,1005,(62) 99195-6835,
,977,(16) 3931-2858,
contato@alfamare.com.br; comercial@alfamare.com.br,981,(62) 4141-6997; (62) 99928-5240,
,949,(27) 3239-1685; (27) 99894-2954,
,954,(27) 3212-4444,Filipe Morgado - Diretor; Bruno Souza - Diretor; Braz Luiz Bosi - Presidente
,916,(61) 3404-5959,
,857,(62) 3924-5132; (62) 99648-3833,
,993,(61) 3020-0888; (62) 99209-1814,
contato@alianzapharma.com.br; farmacia.delivery@oncovit.com.br,955,(27) 99509-8742,
,1000,,Sou Médico - Médico; Na Onisaúde - médico
,986,(62) 99690-6466; (62) 3212-5688,Copyright Medley Equipamentos Médico - Médico; Produtos Médico - Médico; Ampla Variedade - Médico
,985,(62) 99690-6466; (62) 3212-5688,Copyright Medley Equipamentos Médico - Médico; Produtos Médico - Médico; Ampla Variedade - Médico
compras@ortopediabrasil.com.br,992,(62) 99137-2861; (54) 7710-7000,
,997,,Avenida Doutor José Neto Carneiro - Doutor
,946,(62) 3609-7048,
,1002,(62) 99988-3721,
,895,(61) 99279-7011; (61) 3233-0536,
contato@ortolifego.com.br; ortolifego@gmail.com,988,(62) 3095-5232,
sac@dynlab.com.br,1013,,
comercial@maximaes.com.br,962,(27) 2141-2151; (27) 99878-1101,Presidente Kennedy - Presidente
contato@medfutura.com.br,1032,(21) 3311-5172; (21) 97290-5756,
relacionamento@hospitalar-ats.com.br,1017,,
contato@maxxidental.com.br,934,(27) 3325-3038,
contato@ortolinea.com.br,989,(62) 98170-5588; (62) 3259-8359,Produtos Ortopédicos - Especialista
,898,(61) 3443-3950,Dentista Asa Sul - Dentista
contato@mmclog.com.br,1020,,
,1026,(21) 3878-1617; (21) 2288-8683,
,1041,(21) 99831-5465,
,1010,(62) 3089-8900,
,1052,(21) 97905-6861,
contato@reabbrasil.com.br,897,(61) 3345-8068,
contato@mwdentalstudio.com.br,1049,,
odontomar@odontomar.com.br,1070,(21) 99752-0022,
,1071,(21) 98912-1343; (21) 2696-6276,
sac@biotecbif.com.br; contato@biotecbif.com.br,1012,(62) 3878-6800,
dentalphs@hotmail.com,1068,(21) 98122-6538,
,1024,(21) 2516-0802; (21) 99693-6215,Líder Mundial No Desenvolvimento - Líder; Fabricação De Equipamentos Médicos De - Líder; Diagnóstico Para Uso Profissional - Líder
comercial@casadoesteticista.com.br,1023,(21) 99901-9959,
,1084,(21) 2148-1858; (31) 3071-0379,
,1021,(21) 2253-4190; (21) 3567-6726,Materiais Médico - Médico
,975,(62) 3588-2646,
gerente@bliamed.com.br,1088,(21) 3273-9448; (21) 98869-4774,Produtos Médico - Médico
contato@bravomanutencaoodontologica.com,1069,(21) 92006-9533,
contato@ellodistribuicao.com.br,1009,(62) 4009-2100,
,905,(61) 3362-5000,
,1016,(62) 3941-5655,
,1048,(21) 2625-6263,
diogo.azevedo@int.gov.br; olga.ferraz@int.gov.br; andrea.farias@int.gov.br,1045,(21) 2123-1018,Conselho Diretor - Diretor; Plano Diretor - Diretor
,970,(62) 3293-1414; (65) 3023-2400,
dentalborges@dentalborges.com.br,1075,(21) 3872-1919; (21) 3177-6777,
contato@fflogistica.com.br,1059,(21) 3882-3943; (21) 97921-7074,
,1085,,Equipo Macrogotas Simples - médico; Produtos Médicos - especialista
sac@alphasurgical.com.br,1099,(21) 99752-9603; (21) 2784-0750,
servodonto@servodonto.com.br,1074,(21) 2222-2775; (21) 96811-9487,
cursos@slmandic.edu.br,1106,(19) 3211-3600,Direito Médico - Médico
,1064,(21) 97662-9868,
,1105,(21) 99329-8708,São Leopoldo Mandic - Especialista; Cirurgião Dentista - Cirurgião; Implantes Dentários - especialista
,1089,(21) 96979-1126; (21) 3251-8190,Dentística Pela - Especialista; Cirurgiã Dentista - Dentista; Prótese Dentária - Especialista
faleconosco@vivamedicamentos.com.br,1011,(61) 3551-6580,Responsável Tecnico - Responsável Tecnico
,1087,(21) 96436-2456,
,1008,(62) 99367-0457,
,1124,(31) 3564-9300; (32) 3323-1300,
,1103,,Laudo Médico - Médico; Agenda Diretor - Diretor
contato@paterlini.com.br,1047,(21) 2462-3188,Laboratório Paterlini - cirurgião
contato@kor3.com.br,1142,(31) 99759-9077,
,1107,(21) 99329-8708,
comercial@laboratoriodentalprogresso.com.br,1136,,
,1096,(21) 2225-6363; (21) 3256-0288,
orcamentos@dinamicamedical.com.br,983,(62) 99953-7070,
contato@elmedcirurgica.com.br,1162,(31) 99115-0950; (31) 98484-6190,
contato@axiste.com.br; cotacao@axiste.com.br,1100,(21) 3094-9750,
balder@balderindustria.com.br,1153,(31) 3629-9300,
saudevida@saudevidacirurgica.com.br,1167,(31) 99208-3302,
contato@chrismedical.com.br,1097,(21) 99998-5202,
contato@zimedical.com.br; vendas@zimedical.com.br,1133,(31) 3223-6775,
,1181,(35) 5717-6400; (31) 3646-0905,Cirúrgica Líder - Líder
vilavalqueire@expressahospitalar.com.br; realengo@expressahospitalar.com.br; valqueire@expressahospitalar.com.br,1043,(21) 2198-5956,
,1126,(31) 3541-6190,
vendas@valentepharma.com.br,1028,(21) 2426-9439; (21) 2426-9464,
,1114,(31) 99644-9101; (31) 3273-7757,
,1131,(31) 3296-5045,
contato@pamed-rio.com.br; sac@pamed-rio.com.br,1030,(21) 3439-9754; (21) 3439-9761,
proimplanto.odontologia@gmail.com,1180,,Pós Graduação - Especialista; Próteses Dentárias - Especialista; Cirurgias Avançadas - Especialista
indra@maquinacohnwolfe.com,1065,,Tech Operations - Director; International Managing Director - Director; Managing Director - Director
sac@bravir.com.br,1151,(31) 3355-1555,
sac@qualitycommerce.com.br; sac@quality.com.br; contato@quality.com.br,1137,(31) 3474-4000,
contatocirurgicamg@gmail.com,1123,(31) 98335-0871; (31) 3317-6906,
,1173,,Santa Maria Minas - Diretor
dentalmv@dentalmv.com.br,1091,(21) 98244-0256; (55) 2198-2440,
dario.tanure@blueoceantech.com.br,1110,,
comercial@labordentbh.com.br,1120,(31) 99778-7208; (31) 99864-4925,
contato@portosurgical.com.br,1098,,
,1092,,Rua Doutor Celestino - Doutor
atendimento@dentaloralline.com.br,1223,(11) 91298-8569; (11) 3815-3335,
atendimentosp@ipobrasil.com.br; contato.df@ipobrasil.com.br; contato.mg@ipobrasil.com.br,1093,(49) 3316-0707; (19) 3236-0500,
contato@ortopediareabilit.com.br,1234,(11) 96577-6304; (11) 98751-9283,
vendas@promodental.com.br,1198,(31) 3253-3400,
bramelbrasilmedica@gmail.com,1169,,Produtos Ortopédicos - Médico; Belo Horizonte - Médico; Afonso Pena - Médico
,1232,(11) 2063-4903,
ouvidoria@dentalfree.com.br; adm.ecommerce@dentalfree.com.br,1190,(31) 9695-6129; (31) 3201-8302,
financeiro@dentalhirel.com.br,1194,,
alfa@alfamedicoes.com.br,1121,(31) 3222-5553,
atendimento@mpolachini.com.br,1208,(11) 99357-1260; (11) 3467-9419,
,1213,(11) 3262-4750,Implante Dentário - Especialista; Dentista Responsável - Dentista; Roberto Markarian - Especialista
contato@spinesys.com.br,1257,,
ortotecno@gmail.com,1128,(31) 98799-1768; (31) 98349-5834,
lojavirtualdentalprogressosp@gmail.com,1220,(11) 2476-3357; (11) 99799-0372,
,1188,(31) 2551-3262; (31) 98269-2975,
sac@tecnomedi.com.br,1202,(78) 96009-7622; (78) 98494-5966,Inovação Constante - médico
dentalnorte@gmail.com,1247,,
,1148,(31) 97508-7703; (19) 99928-8040,Sou Médico - Médico
ecommerce@ortodente.com,1195,(31) 3296-5050,
marketing@realmedica.com.br; comercial@realmedica.com.br,1265,(28) 3028-5584; (21) 97266-2550,
gleison@dentalshalon.com.br,1196,(31) 3271-9430,
,1226,(11) 3740-7171,
biocirurgica@biocirurgica.com.br,1160,(31) 99108-1954; (31) 3464-1985,
contato@waks.com.br,1218,(11) 97300-3668,
,1259,(90) 8607-3100; (78) 98952-5701,
sac@fradel-med.com.br,1238,(11) 5562-3541; (11) 98263-4766,
contato@vitalhealthtec.com.br,1172,(21) 98787-1005,
contato@dentaladvance.com.br,1276,(11) 3231-0750,
,1262,(48) 99925-1169,
,1263,(21) 97080-5965; (21) 2234-7070,Material Médico Que Cuida - Médico; Medical Mettler - Médico; Sua Família - Médico
contato@intralab.com.br,1300,(11) 5555-3296,
sp.cirurgicos@gmail.com,1242,(11) 7798-9797; (11) 2691-9590,
alexandre@macominstrumental.com.br; assistec@macominstrumental.com.br; compliance@macominstrumental.com.br,1237,(10) 2430-7006; (10) 2430-7007,
contato@icevirtual.com.br,1248,(11) 3906-1630; (11) 3901-5352,
vendas@dormed.com.br,1171,(31) 3474-9151,Diagnóstico Médico - Médico
odontobhz@gmail.com,1197,(31) 99915-0206,
,1325,(21) 99165-4561; (21) 2234-7070,Material Médico Que Cuida - Médico; Medical Mettler - Médico; Sua Família - Médico
rodrigo@artisdente.com.br,1303,(11) 3085-5278; (11) 94590-7122,
,1251,(51) 98617-0133; (51) 3110-8690,Equipamentos Médico Hospitalar - Médico; Consumo Médico Hospitalar - Médico; Vestuário Médico - Médico
dentallaser@dentallaser.com.br,1267,,
,1239,(11) 97757-1742,
,942,(27) 3019-8253,
dentalzn87@gmail.com,1219,(11) 2537-5141,
vendas4@amefre.com.br,1272,(11) 2283-5979; (10) 5913-5300,
,1311,,João Carlos - CEO
randmed@randmed.com.br,1240,(11) 3966-0524,
memcirurgica@memcirurgica.com.br,1277,(11) 96857-4582; (11) 5539-7557,
,1335,(11) 2577-7899,
comercial@studiobrudent.com.br,1315,(11) 96829-0304; (11) 4119-4259,
vendas@abcinstrumentos.com.br,1245,(11) 2353-4000,
,1292,(51) 98617-0133; (51) 3110-8690,Equipamentos Médico Hospitalar - Médico; Consumo Médico Hospitalar - Médico; Vestuário Médico - Médico
,1304,(11) 97128-1018,
,1273,(51) 98104-0227; (51) 99914-0985,Serviços Médico - Médico
contato@odontoequipamentos.com.br,1275,(11) 2776-7961; (11) 2359-1887,
contato@dentelli.com.br,1253,(47) 2125-1327; (47) 92003-6578,Dentista ItajaÃ - Dentista; Contato Dentista - Dentista; Rua Doutor Nereu Ramos - Doutor
minasmedical@minasmedical.com.br,1261,(31) 2112-5151,
,1170,(31) 3481-1177; (82) 3025-4356,Visual Material Hospitalar - médico
,1350,(11) 5011-4977; (11) 5011-5669,
rwr@rwr.com.br,1285,(11) 94789-9224; (11) 3465-5400,Equipamentos Médico Hospitalares - Médico
,1369,(11) 4544-0708; (11) 4544-0707,
,1340,(11) 3277-4967; (11) 99798-9030,
eduardo@gmeddistribuidora.com.br,1376,(11) 97575-9894; (11) 2996-6212,
atendimento@helterhospitalar.com.br,1347,(11) 3603-0124; (11) 3656-6013,
vendas@g3saude.com; sac@g3saude.com,1324,(21) 96583-7814; (21) 3549-6927,
,1351,(11) 3966-1020,
medpharma.mp@gmail.com,1375,(11) 99599-2942; (11) 91276-4789,
yesomedicamentos@gmail.com,1370,(11) 93406-6003,
saopaulo.sp@lojaodasclinicas.com.br,1287,(11) 3673-3561; (11) 94818-9595,Cuba Rim Aço Inox Acessório - Dentista; Hospitalar Dentista - Dentista
distribuidorazarb@gmail.com,1373,(11) 95161-5090,
comercial@amandamoveis.com.br,1359,(11) 99183-5865; (11) 3571-5376,
sac@cnph.com.br,1281,(11) 3385-9339,
,1204,(80) 7135-8650; (80) 2637-3173,
leblonmed@hotmail.com,1264,(21) 98574-8277; (21) 2294-8417,Artigos Hospitalares - Médico; Leblon Med - médico; Material Médico - Médico
orcamento@salutemhospitalares.com.br,1360,(11) 2202-9000; (11) 93227-7039,
contato@lcaprotese.com.br,1313,(11) 3819-2202,
sac@innport.com.br,1374,(11) 2609-7300,
,1383,(62) 3701-5474,
contato@dentalrs.com,1393,(51) 3388-1881; (51) 98242-4222,
comercial@dgraos.com.br,1371,(11) 95070-6070; (11) 94488-6159,
santana@fisiomedaluguel.com.br; guarulhos@fisiomedaluguel.com.br,1353,(11) 2950-2101; (11) 99876-6865,Rua Dr - Dr.; São Paulo - Dr.
contato@grupopromedica.com.br,1322,(21) 3860-3136; (21) 2585-5758,Grupo Promédica - médico
site@dentalweb.com.br,1425,(51) 3083-5100,
,1271,,Diapasão Médico - Médico
contato@procular.com.br; contato@dominio.com.br,1293,(11) 3221-9525; (11) 3224-8106,
comercial@orthoface.com.br,1395,(41) 3075-4100,
,1430,(51) 99253-1385; (51) 99787-1786,
,1399,(41) 3501-1668,
hospitalarmultimarcasbr@gmail.com,1405,(51) 99701-1114,
sac@jmmed.com.br,1357,,
contato@dermatologica.com.br,1414,(41) 99199-4993; (41) 3324-4560,
,1408,(41) 99216-6406,
betterlifeloc@gmail.com,1404,(51) 9380-6551,
comercial@bauenart.com.br,1229,(11) 96638-4030,
,1388,(11) 2364-8229; (51) 3012-7587,
,1411,(41) 99832-2577; (80) 95645-0001,
atendimento@gowhite.com.br,1426,(51) 3557-0082; (51) 99248-7531,
,1334,(11) 99265-4569,
contato@daquino.com.br,1346,(18) 3659-1780,São Paulo - médico
,1294,(15) 98151-4495,
contato@implanew.com.br,1433,(41) 98832-3523,
contato@denadallab.com.br,1455,,Cirurgião Bucomaxilofacial - Cirurgião; Cirurgião Dentista - Cirurgião; Reabilitação Oral - Doutor
,1164,(31) 97354-9620,
denuncia@licimed.com.br; encarregado.lgpd@licimed.com.br; licimed@licimed.com.br,1415,(51) 3076-8181,
aklimper@aklimper.com.br,1356,(17) 91143-5326; (11) 3451-6929,
,1394,(41) 3296-9687,
,1410,(41) 99649-8752; (41) 3039-1019,
contato@pharmak.com.br,1343,(11) 99999-9999; (11) 3864-7454,
,1328,(21) 3851-7003; (21) 99851-7003,
contato@traumashop.com.br,1453,,
,1390,(41) 3288-8000,
,1456,(51) 3388-8635,
,1462,,Dentista Responsável Técnico - Dentista
,1466,(41) 3352-3328,
contato@prosthetic.com.br,1450,,
,1478,(41) 99630-1061; (41) 3203-0241,
atendimento@hospitel.com.br,1454,(41) 3319-4100; (41) 3016-3100,
contato@health.eng.br,1330,(11) 97669-4129,
,1422,(51) 3307-0707,
atendimento@hospitel.com.br,1447,(41) 3319-4100; (41) 3016-3100,
contato@maxifarma.com.br,1391,(41) 3333-7163,
,1401,(41) 99688-7336; (41) 3081-2216,
,1337,(11) 3665-8550,Alex Shoes - Diretor; América Latina - especialista; Emit Hyundai - CEO
atendimento@contatti.com.br,1494,,
contato@ngamoveishospitalares.com.br,1409,(51) 3020-0555; (51) 99981-3555,
atendimento@hospitel.com.br,1461,(41) 3319-4100; (41) 3016-3100,
aservascuram@aservascuram.com.br; atendimento@aservascuram.com.br,1467,(41) 3274-3343,
,1427,(51) 3337-3197; (51) 3084-3197,
,1444,(41) 3013-0237; (41) 98864-0146,Nosso Fundador - Fundador
contato@ortomedmoveis.com.br,1348,(62) 98447-2594; (62) 3283-7437,
,1479,(41) 3311-1723; (17) 5407-1300,Copyright Orto Curitiba Material Médico - Médico
virtual@ortopediavaalmed.com.br,1400,,
contato@artemisortopedica.com.br,1471,(41) 3079-9914,
clinical-tech@hotmail.com,1516,,
contato@apsisinfo.com.br,1525,(31) 2514-1160; (31) 97189-2100,
vendas@promefarma.com.br,1437,(41) 3165-7900,
comercial@doctus.med.br,1481,(41) 3357-9966; (41) 3079-1366,
equipemkt@biomed.com.br,1506,(48) 3036-1417; (51) 3275-3535,
comercial@promm.com.br,1419,(51) 3342-4962; (51) 99939-1560,
,1489,,Edifício Centro Médico Brasília - Médico; Asa Sul - Médico
comercial@maxtonlogistica.com.br,1508,(41) 3069-9800,
,1451,(51) 99955-7005,Por Método - Médico; Ortopedia Facial - Especialista; Consultório Médico - Médico
,1490,,Rio Branco - Especialista; Miguel Tostes - Especialista; Porto Alegre - dentista
comercial@oralgift.com; gift@oralgift.com,1434,(41) 3332-0300; (41) 93300-5238,
contato@localife.com.br,1476,(51) 3084-8004,
bruno@orthohouse.com.br,1465,(51) 98439-2853; (51) 99701-1114,
comercial@metalicmedical.com.br; vendas@metalicmedical.com.br,1484,(41) 3033-2016,
msortopedia@msortopedia.com.br,1472,(41) 3024-5204,
,1550,(48) 99150-1457,
sac@bulaverdde.com.br,1436,(41) 3019-2482; (41) 3026-8739,
,1546,(51) 99701-4507; (51) 99973-0960,
,1460,(91) 8094-6000; (51) 99603-1166,
sac@dmparana.com.br,1552,,
,1486,(41) 3665-5700,
,1500,(51) 2131-7221,
sac@cafcenter.com.br,1554,(19) 98177-2171; (11) 4240-3009,
contato@medserv-sp.com.br,1282,(11) 4352-3522; (11) 4930-7862,
,1555,,Responsabilidade Sócio Ambiental - Sócio
,1526,(31) 99597-9668,Head Digital - Head; Product Owner - Owner
contato@exclusivedent.com.br,1306,(11) 92159-3856,Prótese Dentária - fundador; Especialista Agora - Especialista
,1403,(41) 99806-0480; (41) 99806-0327,
andrey@digitalhospitalar.com.br; vendas@digitalhospitalar.com.br; adair@digitalhospitalar.com.br,1477,(41) 99151-1885; (41) 3152-1885,
betel@beteldescartavel.com.br,1517,(41) 3077-7117,
comercial@incasa.ind.br,1571,(47) 3205-7000; (47) 3433-3375,
,1536,(41) 3085-2053,
contato1@s2saude.com.br; financeiro@s2saude.com.br,1584,(27) 99948-6511; (27) 99864-7428,
,1464,(48) 3039-3031,
comercial@prokinetics.com.br; prokinetics@prokinetics.com.br,1569,(19) 3299-2194; (19) 3871-4172,
,1567,,Médico Cardiologista - Médico
,1527,(41) 3266-0852,
sac@ibmp.org.br; comercial@ibmp.org.br; comunicacao@ibmp.org.br,1528,(41) 3165-4240; (41) 3165-4221,
contato@marcasul.com.br,1491,(51) 3095-2980; (51) 98188-0960,
,1557,(47) 3278-9998; (47) 3466-0305,
comercial@clinux.com.br,1586,(27) 3327-6976; (80) 91819-0001,Clinux Telerradiologia - médico
,1582,(11) 5070-1799; (11) 3136-1540,
,1483,(41) 3302-2123,
sac@pldistribuidora.com.br,1532,,
contato@outbox.com.br; contato@outboxmob.com.br,1446,(41) 3349-3065,Out Box - líder
,1590,(34) 6170-0900,
comercial@magnumimport.com.br,1463,(51) 99987-6060; (51) 3111-3011,Médico Urologista - Médico
rcmoveis@rcmoveis.com.br,1558,(19) 2119-9000,
,1574,(47) 3461-9900,Diretor Presidente - Diretor
contato@galileo.vix.br,1626,(27) 3208-2128; (27) 99265-0176,
farmaceutica@infinitypharma.com.br,1589,,
sac@equipus.com.br,1579,(51) 3222-4040; (51) 98154-1222,
,1595,,Portal Médico - Médico; Farmacêutico Nacional - líder; Brace Pharma - líder
,1606,,Material Médico Hospitalar - Médico
sac@onpharma.com.br,1572,(11) 2376-4594,
vendas@qualitymedicalsp.com.br,1591,(11) 2302-8170; (11) 2021-4004,
joipress@joipress.com.br,1643,(47) 3454-0972,
digitallabinstitute@gmail.com,1619,(27) 99635-2309,
ecommerce3@orthomundi.com.br,1621,,
,1498,(41) 3353-1314,
atendimento@horaios.com.br,1657,(11) 3842-2626; (11) 97181-1101,Marketing Médico - Médico
,1658,(11) 3289-5473; (11) 3288-0208,
comercial@igmed.com.br,1600,,
atendimento@belaclin.com.br,1656,(11) 97702-2320; (11) 3455-6941,Chácara Santo Antônio - Dentista; São Paulo - Dentista
,1580,(27) 3212-4444,Filipe Morgado - Diretor; Bruno Souza - Diretor; Braz Luiz Bosi - Presidente
atendimento@atelieruniao.com.br; diretoria@atelieruniao.com.br,1549,(31) 3201-3418,
mercadomed@mercadomed.com.br,1612,(10) 5541-4311; (11) 2609-7848,
contato@cemedlog.com.br,1638,(11) 99727-0104,
contato@saudelavi.com,1650,(16) 99325-2028; (16) 3610-2680,
,1610,(47) 99191-1870; (47) 99658-6256,
odontoedontec@gmail.com,1605,,
,1677,(16) 2111-3860; (16) 2111-3888,
contato@grupoasfar.com.br,1575,,
,1648,,Chief Executive Officer - Chief Executive Officer; Consulta Sócio - Sócio; Rua Vitoria - Presidente
,1664,,Machado Meyer - Partner; Founder AnestWork - Founder; Life Science Health Care Partner - Partner
sac@medicalald.com.br; comercial@medicalald.com.br; financeiro@medicalald.com.br,1627,,
lgzenga@gmail.com; lgzenga@uol.com.br,1654,,
contato@systhex.com.br,1708,,
gerencia@ortosulortopedia.com.br; compras@ortosulortopedia.com.br; responsaveltecnico@ortosulortopedia.com.br,1624,(47) 3426-7345; (47) 3029-4137,
,1698,(11) 97639-6153,Trabalhador Marfrig - Diretor
contato@edumedic.com.br,1597,(47) 3013-5611,
estoquedentalmuller@gmail.com,1573,(51) 99771-9990; (51) 3228-8527,
,1640,,Eiichi Nakanishi - Presidente
dlaemsupporthelp@medtronic.onmicrosoft.com,1713,(17) 6589-6124,
,1674,(51) 3079-1100,
,1652,(51) 3021-0055,Hospital Ouro Branco - Diretor
,1716,(21) 2512-9667; (21) 98772-6525,
,1530,(41) 99282-0721; (41) 3203-6828,
,1611,(11) 4438-6444; (31) 8963-9900,Quem Somos - Médico; Produtos Médico Hospitalares - Médico; Produtos Médico - Médico
,1634,(15) 3036-2614,
,1714,,Harvard Medical School - médico
clinica@skdermato.com.br,1718,(21) 2511-3688; (21) 2239-8961,
contato@medisul.com.br,1725,(51) 98164-3748; (51) 4100-0026,
contato@paularaso.med.br,1717,(21) 98891-4010; (21) 2249-7973,
healthlog@mafrahospitalar.com.br,1639,(16) 3516-9567,Lead Time - Lead
sac@apisflora.com.br,1722,,Apis Flora - Especialista; Produtos Naturais - Especialista
,1702,(41) 3322-4538; (41) 3324-3058,
,1538,(41) 99801-6338; (41) 3072-6338,
marketing@instramed.com.br,1636,,
,1724,(11) 97069-7706,
sac@dgtech.ind.br; edlo@edlo.com.br; sac@edlo.com.br,1726,,
,1742,(11) 94724-8392; (11) 2924-9414,
eximiaimplantes@gmail.com,1710,(32) 3021-1134; (32) 9993-5208,
contato@biafigueiredobf.com,1660,(67) 99602-0088; (67) 99828-0058,Bia Figueiredo - CEO; Andrea Guerra - CEO; Grupo Prada - CEO
,1704,(21) 2274-5892; (21) 2511-2561,Sociedade Brasileira - Especialista
contato@surgeon.com.br,1727,(51) 3248-3693,
unihealth@unihealth.com.br,1596,(11) 3555-5800,
comercial@techimportimplantes.com.br; rh@techimportimplantes.com.br,1736,(19) 3522-9500,
contato@ladermato.com.br,1715,(21) 2522-2051; (21) 98471-6260,
sac@medixbrasil.com.br,1747,,
,1758,(47) 3433-2492,
sac@minancora.com.br,1585,(47) 3461-6400,
comercial@dentscler.com.br,1743,(16) 99609-1038; (16) 3456-8110,
contato@ferexmedical.com.br,1745,(47) 3801-3188,
vendas@titaniumfix.com.br,1739,(12) 3929-5504; (12) 98126-9820,
portodent@portodent.com.br,1755,,
contato@lumarhospitalar.com.br,1764,(16) 3615-8798,
atendimento@dentaltanaka.com.br,1734,(11) 98433-1920,
alka@alka.net.br,1730,(19) 3242-3689; (19) 3242-6458,
,1598,(47) 3395-6115,
,1756,(51) 3391-5313,
contato@dentalpioneira.com.br,1749,,
,1655,(11) 97416-6811,
atendimento@rhosse.com.br,1781,,
contato@jcnchospitalar.com.br,1768,(16) 3966-2454; (16) 3633-9060,
atendimento1@injectcenter.com.br,1645,(16) 4009-9600,
,1738,(16) 99799-9106,Médico Ribeirão Preto - Médico; Artigos Médicos - Médico
atendimento@decontofarma.com.br,1723,(51) 3225-2767,
,1759,(51) 3330-1755,Diretor Clínico OdontoMengarda - Dr.; Rogério Mengarda - Dr.; Implantes Dentários - Especialista
,1779,,Hospital São Lucas - Diretor; Mais Influentes - Diretor; Hospital São Lucas - diretor
,1720,,Lead Portfolio - Lead; Surgical Leads - lead
,1802,(51) 3331-0355; (48) 3241-1100,
,1791,(28) 5747-8600,
sac@alliage-global.com,1786,,América Latina - líder
,1712,(21) 3264-6178; (21) 99537-8727,
,1788,(19) 3291-2283,Compliance Cirúrgica - Médico; Equipamentos Científicos - Médico; Cuidados Médicos - Médico
contato@216mh.com.br,1795,(51) 99368-0022,
,1752,(19) 3229-6262,
vendas@martecmed.com.br,1732,(16) 98849-5323; (16) 98810-4943,
vendas@ctbh.com.br,1816,(31) 99242-0929; (31) 3371-3121,Ultrassom Médico - Médico
letmetrial@letmetrial.com,1776,(51) 99560-2023,
gerencia@oimed.com.br; contato@oimed.com.br,1696,(21) 92012-0310; (27) 99787-2344,
,1822,(31) 3271-7890,
,1744,(11) 4586-9833,
,1821,(71) 3261-7872; (71) 3328-0044,
,1811,(31) 3524-8686,
comercial@bbsbrasil.com.br,1812,(41) 99812-0323,
,1820,(61) 98287-0887,
,1772,(16) 99638-3980; (16) 99622-2963,André Ali Mere - CEO; Subseção Ribeirão Preto - CEO; Presidente Castelo Branco - Presidente
,1754,(47) 3026-9999; (47) 99723-3000,
sac@dgtech.ind.br; dgtech@dgtech.ind.br,1735,,Unimed Florianópolis - médico; Santé Surgical - médico
,1746,(71) 3042-5632; (21) 3385-4474,
implantare@implantare.com.br,1831,,
contato@bionica.com.br,1836,(81) 3037-4557,
,1750,(19) 3913-9990,
,1689,,Christian Storz - CEO
,1844,(27) 3182-1000,Centro Médico Shopping Vitoria - Médico; Shopping Vitória - Médico; Centro Médico - Médico
vendas@richter.com.br,1753,(11) 3908-7000,
vendas@mzequipamentos.com.br,1806,(71) 3034-4412; (71) 3034-4422,
licitacao@micromedicalsaude.com.br,1824,(61) 3327-0700,
vendas@ortolancer.com.br,1813,(31) 98498-7301,
itg@itgmedev.com.br,1833,(81) 3441-0517,
atendimento@asmedicamentos.com.br,1849,(11) 94075-0068,
,1799,,Hertz Farmacêutica - especialista; Consumer Health - especialista
,1848,(41) 99601-2780; (45) 99978-6688,Rua Presidente Bernardes - Presidente; Rua Presidente Pádua Fleury - Presidente
,1854,(21) 3460-1746,
contato@lrdental.com.br,1843,(41) 3045-5995; (41) 9964-3923,
ouvidoria@dentalfree.com.br; adm.ecommerce@dentalfree.com.br,1817,(31) 9695-6129; (31) 3201-8302,
,1823,(61) 99691-2725; (61) 99218-3887,
,1853,,São José - Diretor
provitah@provitah.com.br,1842,,
,1858,(21) 3681-6073,
atendimento@alfaimplantes.com.br,1797,(16) 3442-0199,
comercial@tklbrasil.com.br,1834,(41) 3022-0926,
vendas@ox-genium.com.br,1866,(31) 3532-4643; (31) 97161-0987,
,1784,(51) 3249-5843,
vendas@polarfix.com.br,1721,(11) 4512-8600,
gal@saude.sc.gov.br; lacen@saude.sc.gov.br,1874,,
smpit-wanareja@assyifa-boardingschool.sch.id,1782,(51) 99591-0227; (82) 2458-8452,
contato@lainformatica.com.br,1884,,
,1748,(47) 3451-3333,Diretor Técnico - Diretor; Plano Diretor - Diretor
,1807,,Indústrias Médico Odontológicas - Médico
comunicacao@bhvida.com,1876,(31) 98429-6823,
orcamento@maxcirurgica.com.br; max@maxcirurgica.com.br,1731,(51) 3249-0141; (51) 98137-4769,
atendimento@hrlogistica.com,1915,(31) 3214-0949; (31) 99222-4928,
faleconosco@peclab.com.br,1841,,
sac@cargoexpresstransportes.com.br,1846,(51) 99837-3297; (51) 3374-3535,
,1826,(81) 2123-0440,Medicina Tropical - especialista; Cirurgião Geral - Cirurgião; Grupo Interne - diretor
,1850,(21) 4009-0102; (21) 99459-9140,
sac@bhfarma.com.br,1892,(31) 2122-9400,
dentalsumare@dentalsumare.com.br; amkodontologia@hotmail.com; cml@microplant.com.br,1789,(19) 3883-2788; (81) 99680-0133,
atendimento@mobraz.com.br,1829,(41) 3023-4365; (41) 99944-0112,
amento@amparo.tec.br; info@finbiz.com; amparo@amparo.tec.br,1665,(51) 98944-2196,
trauminases@trauminas.com.br; contato@trauminas.com.br; lgpd@trauminas.com.br,1886,(31) 3045-1955; (27) 3222-2580,
comercial@advicehealth.com.br; dpo@advicehealth.com.br,1861,(48) 3206-0269; (48) 3206-0265,
,1763,(11) 96072-6191; (11) 98093-0949,
sante@cirurgicasante.com.br,1936,(31) 99167-6969,
,1867,(71) 3321-2046; (71) 99721-0472,Realmed Com - Médico; Equipamentos Médico - Médico
ecommerce@saudetec.com.br,1910,(31) 99453-8889,
,1896,(81) 3221-1392; (84) 3207-2170,
,1938,,Guia Médico - Médico
atendimento@precisionbones.com.br,1798,,Precision Bones - médico
,1955,(71) 3261-7872; (71) 3328-0044,
,1930,(81) 3072-9813; (81) 99256-7609,
contato@casteloequipamentos.com.br,1761,,
,1770,(16) 99303-6643,Heitor Cosenza - Especialista; Ribeirão Preto - Dentista; Sou Dentista - Dentista
,1680,,Bioscience Medical - médico
,1963,(71) 3312-1810,
,1937,(71) 99605-7820,
contato@techmaissaude.com.br,1832,(81) 99849-3139; (81) 99622-5948,
marketing@fixgrupo.com.br; andrea@fixgrupo.com.br; dpo@fixgrupo.com.br,1870,(61) 3028-8852,Cirurgião Bucomaxilo - Cirurgião; Cirurgião Bucomaxilofacial - Cirurgião
vendas@cirurgicagervasio.com.br,1932,(31) 3239-5050; (31) 97167-8966,Produtos Médico Hospitalares - Médico; Cirúrgica Gervásio - Médico; Cirúrgica Gervásio - médico
estoque@phoenix.med.br,1851,(41) 3079-3077; (41) 99178-5222,
henrique@mercadoodontologico.com.br,1980,,
,1945,(31) 99204-0268,
,1941,(31) 3289-1212,
sac@formathos.com.br,1964,,
,1928,(21) 4009-0102; (21) 99459-9140,
,1947,(71) 3017-5197; (71) 3235-1399,
contato@santedistribuidora.com.br,1973,(62) 3101-0443,
,1959,(81) 3538-8929,
,1972,(62) 99568-3873,
wagner.marques@geobytetecnologia.com.br,1984,,
contato@agromed.com.br,1935,(81) 3446-1525,
vendas1@lacmedic.com.br,1766,(19) 3289-4449,
,1933,(81) 3628-8950,
contato@voxmedbrasil.com,1939,(31) 3241-2863; (31) 97260-2688,
,1954,(81) 3221-0662,
comercial@nordpharma.com.br,1929,(81) 4141-2416,
,2001,,Responsabilidade Sócio Ambiental - Sócio
artvenddental@gmail.com,1994,(21) 3278-2852; (37) 7075-4000,
endocenter@endocenterpe.com.br,1957,(84) 3201-5076; (81) 3265-9050,
,1962,,Na Medlyght - médico; Equipamentos Médico - Médico; Medlyght Locação - Médico
compras@medhdistribuidora.com.br,1905,(31) 3547-3577,
,1961,(46) 2350-0100,Cadeira Presidente - Presidente
sac@smartwalk.com.br,2014,(48) 4042-2330,
,1981,(48) 99121-0408; (48) 3035-4933,
orcamentos@ilhatec.com.br,2015,(48) 3333-0505,
pedidos@cegemed.com.br,2002,(41) 3333-7000; (41) 99194-9293,
,2004,(21) 2462-5183; (21) 98280-1410,
,1880,(61) 3242-3308; (62) 3624-6888,
vendas@smdental.com.br,1993,(21) 99195-9947,
,1878,(61) 3329-8000,
contato@cirurgicamarcelina.com.br,1733,(11) 94954-0287; (11) 2521-5188,
,1917,(31) 3515-2000,Parcerias Sustentáveis - Dono; Meio Ambiente - Dono
,2018,,Juliano Paluch - especialista; Cirurgião Dentista - Cirurgião
,1960,,Business Partner - Partner
,1975,(62) 3092-3817; (62) 98227-0334,
sac@tecmedica.com.br,1871,(71) 3496-2600,
,2007,(71) 98485-0695,Físico Especialista - Especialista; Diretor MÃ - Diretor; Medicina Nuclear - especialista
cofabiobarbosa@gmail.com,1827,(71) 99154-3255,
ciruvix@ciruvix.com.br,2011,(27) 99316-0956,
atendimento@sautec.com.br,2006,,Equipamentos Médico Hospitalar - Médico
engemed@engemedsc.com.br,2041,(48) 3248-6336,
mkt@doctorline.com.br,2037,(27) 99670-2885; (27) 3182-1300,
comercial@checkupdf.com.br,2052,,
contato@hightechmed.com.br,2012,(11) 5184-1260,
,2046,,Centro Médico Montes Alpha - Médico
,1986,(62) 4012-1199,
sac@ng2medical.com.br; vendas@ng2grupo.com.br,1942,(41) 3082-5114,Well Lead - Lead; Diapasão Médico - Médico
atendimento@interlace.com.br,1951,(11) 3872-2944; (11) 3872-3114,
contato@remeddistribuidora.com.br,1985,,
contato.site@ccprmg.com.br; ewerton@habicast.com.br,1922,(38) 3251-1006; (33) 3412-1242,César Lacerda - presidente; Marcelo Candiotto - presidente
,1996,(48) 3244-9425,
,2049,(47) 3170-0917; (47) 3366-7867,
contato@calgaro.com.br,2068,(41) 3029-8383,
,2072,(41) 3378-7854,
,2081,(61) 3257-7939,
contato@onepharma.com.br,1999,(62) 3100-7047; (62) 98559-3648,
info@nataliaortizevents.com,1977,,
,2057,(78) 94164-0102; (49) 3329-6424,
,1983,(41) 3382-9070; (41) 99181-4653,
vendas@newsurgicalopme.com.br,2023,,
comercial@locness.com.br,2080,(61) 4042-2005,
,2045,(48) 3244-9425; (48) 98411-2092,
contato@laprojet.com.br,2089,(48) 3233-6956,
,1966,(41) 3222-4906,
,1995,(62) 4012-4012; (31) 2126-4000,Vice Presidente - Presidente
,2070,(61) 3878-2878,Globo Esporte - especialista; Medicina Esportiva - especialista; Paulo Lobo - especialista
contato@logistick.com.br,2090,,
,2034,(41) 3042-0997,
,2010,(11) 5039-1035,
,2032,(27) 3025-8451,
,2065,(62) 3212-2119; (63) 2104-1419,
,2028,(11) 3042-8333,
,2064,(48) 3034-3212,Farmacêutico Proprietário - Proprietário
,2091,(47) 99967-2318,
mdlhospitalar@terra.com.br,2035,(27) 3323-1313,
,2094,(21) 3523-6299; (21) 3030-4171,
,2073,(61) 98499-6394,
,2022,,Clínica Cirúrgica - Doutor; Administração Hospitalar - Especialista; Informática Médica - Doutor
contato@r1implantes.com.br,2100,,
,2095,(21) 99575-9988,Material Médico - Médico
posvendas@barrfab.com.br,2102,(54) 2628-8800,
,2074,(21) 99817-6366; (21) 99815-9083,
mrpharma@mrpharma.ind.br,2114,,
,2125,(24) 3355-9300; (21) 2156-8999,
comercial@mmclogtransportes.com.br,2083,(21) 3950-0653; (21) 97241-9835,
,1953,(71) 3594-1550,
assistencia.tecnica@solutiondistribuidora.com; comercial@solutiondistribuidora.com,2059,(21) 96757-4466; (21) 99900-3274,
dpo@gruposuprimed.com.br,2054,(12) 3903-9110; (12) 3904-2399,Médico Urologista - Médico
,1992,(48) 3224-7466; (48) 98810-8383,Associação Brasileira - Diretor; Sociedade Brasileira - Especialista; Diretor Regional - Diretor
contato@gruposhore.com.br,2076,(21) 2707-3100; (21) 3709-2621,
dentalbuenodigital@gmail.com,2123,(62) 3300-0899,
,2071,(61) 3771-3400; (21) 2122-1700,Quem Somos - Líder; Preferred Agency Partner - Partner; Voetur Viagens - Líder
,2030,(48) 99982-2168,
atendimento@precopopular.com.br,2122,,
,2042,(27) 99262-1621; (27) 3225-6880,
,2077,(61) 3256-4484,
,2120,(62) 3294-4737,
marketing@tiradentessaude.com.br,2104,(62) 3221-8900; (62) 99817-4564,Tiradentes Médico Hospitalar - Médico
,1979,(41) 3014-0010; (79) 7335-7200,
vendas@wbsurgical.com.br,2101,(61) 99806-4741; (62) 99641-7074,
bmi@bmiprosper.com.br,2029,(48) 3039-4345,
contato@medlinn.com.br,2088,(62) 3945-7090; (62) 99860-1590,Ver Material Médico - Médico; Material Médico - Médico
,2113,,Produtos Médicos - líder; Líder Mundial - Líder
sac@rmhospitalar.com,2110,(62) 4006-3993,
