ID,Nome Empresa,Website,Segmento,Cidade,Estado,Tier,Fonte,Status,LinkedIn,Produtos,Notas,1-10 ICP? Renner,1-10 ICP? Rafael,1-10 ICP? Nelson,Renner_Score,Tier_Val,Segment_Val,Product_Val,Predicted_Score,Scraped_Emails,LinkedIn_Profiles,Decision_Makers,has_fda,has_ce,has_iso,has_rd,years,countries,employees,V2_Score,Enrichment_Status,Address,Phone,Source
59.0,Neodent (Straumann),www.straumann.com/neodent,Implantes Odontológicos,,,Tier 1,Google,Mapeado,,,,10.0,10.0,10.0,10.0,3.0,1.0,0.0,9.0,contato@grupovladiagoncalves.com.br,https://br.linkedin.com/in/luana-borges-b2710a66,Embaixada Budapeste - Início — Ministério das Relações ... | Sua clínica está entregando todo o potencial que poderia? ...,False,False,False,False,0,0,0,10.0,Complete,,,
26.0,CREMER S.A.,www.cremer.com.br,Implantes Odontológicos,,,2,ABIMO,Mapeado,,Autoclaves; Dispositivos / Sistemas de monitoramento / Acessórios; Esterilizadores; Agulhas; Algodão Hidrófilo; Bolsas para uso em Colostomia / Urostomia; Cateter intravenosos; Curativos; Gazes; Instr,,3.0,,2.0,3.0,2.0,1.0,-1.0,7.5,,,,False,False,False,True,90,0,0,10.0,Complete,,,
5.0,ALLIED TITANIUM LTDA - DENTFIX,www.dentfix.com.br,Implantes Odontológicos,,,2,ABIMO,Mapeado,,Implantes dentais,,9.0,7.0,8.0,9.0,2.0,1.0,1.0,8.5,,,,False,False,False,True,30,0,0,10.0,Complete,,,
43.0,GM DOS REIS INDÚSTRIA E COMÉRCIO LTDA,www.gmreis.com.br,Implantes Ortopédicos,,,2,ABIMO,Mapeado,,Instrumentos cirúrgicos; Ortopédicos,,10.0,7.0,5.0,10.0,2.0,1.0,1.0,8.5,,,SOCIEDADE DE ECONOMIA MISTA E AUTARQUIAS | PROPOSTA COMERCIAL - CNPJ: 82.641.325/0021-61,False,False,False,True,0,0,0,10.0,Complete,,,
90.0,3R Indústria e Comércio - Microdont,www.microdont.com.br,Implantes Odontológicos,,,2,ABIMO,Mapeado,,,,8.0,7.0,8.0,8.0,2.0,1.0,0.0,8.0,,,,True,False,True,True,30,95,0,10.0,Complete,,,
96.0,Align Technology Brasil - Invisalign,www.invisalign.com.br,Implantes Odontológicos,,,3,ABIMO,Mapeado,,,,9.0,9.0,0.0,9.0,1.0,1.0,0.0,7.0,,,,True,False,False,True,6,0,0,10.0,Complete,,,
28.0,DGTECH INDÚSTRIA E COMÉRCIO LTDA - EDLO,www.edlo.com.br,Implantes Odontológicos,,,2,ABIMO,Mapeado,,Endoscópio; Instrumentos cirúrgicos; Instrumentos de eletro cirurgia; Instrumentos odontológicos ; Aparelhos e instrumentais para análises clínicas; Centrifugadores,,5.0,7.0,5.0,5.0,2.0,1.0,1.0,8.5,,,,False,False,False,True,0,0,0,10.0,Complete,,,
44.0,GNATUS PRODUTOS MÉDICOS E ODONTOLÓGICOS LTDA EPP - Q2 TEC,www.gnatus.com.br,Implantes Odontológicos,,,2,ABIMO,Mapeado,,Autoclaves; Aparelhos a laser para tratamento odontológico; Implantes dentais; Instrumentos odontológicos ; Sistemas de branqueamento,,6.0,7.0,8.0,6.0,2.0,1.0,1.0,8.5,,,,False,False,False,True,48,0,0,10.0,Complete,,,
65.0,Angelus Dental,angelus.ind.br,Implantes Odontológicos,,,Tier 2,ABIMO,Mapeado,,,,9.0,9.0,8.0,9.0,2.0,1.0,0.0,8.0,,,,False,False,False,True,0,80,0,10.0,Complete,,,
112.0,Dentsply Sirona Brasil,www.dentsplysirona.com,Implantes Odontológicos,,,3,RGO Article,Mapeado,,"Sistema Ankylos TissueCare, garantia vitalícia",,8.0,7.0,2.0,8.0,1.0,1.0,0.0,7.0,,,,False,False,False,True,130,0,0,10.0,Complete,,,
14.0,BIOMECÂNICA INDÚSTRIA E COMÉRCIO DE PRODUTOS ORTOPÉDICOS LTDA,www.biomecanica.com.br,Implantes Ortopédicos,,,2,ABIMO,Mapeado,,Instrumentos cirúrgicos; Ortopédicos,,8.0,7.0,,8.0,2.0,1.0,1.0,8.5,,,,False,False,True,True,37,0,0,10.0,Complete,,,
41.0,FRANCESCHI & COSTA E SILVA LTDA EPP - NACIONAL OSSOS,www.ossos.com.br,Implantes Odontológicos,,,2,ABIMO,Mapeado,,,,,,0.0,0.0,2.0,1.0,0.0,8.0,,,,False,False,False,True,0,50,0,10.0,Complete,,,
34.0,EFF DENTAL COMPONENTES LTDA,www.effdental.com.br,Implantes Odontológicos,,,2,ABIMO,Mapeado,,Artigos e aparelhos para prótese dentária; Brocas para odontologia; Implantes dentais; Instrumentos odontológicos,,8.0,7.0,8.0,8.0,2.0,1.0,2.0,9.0,,,,False,False,True,True,30,0,0,10.0,Complete,,,
63.0,Implacil Osstem,implacil.com.br,Implantes Odontológicos,,,Tier 2,Google,Mapeado,,,,9.0,10.0,10.0,9.0,2.0,1.0,0.0,8.0,,https://br.linkedin.com/in/valter-moreno-181b5424; https://br.linkedin.com/company/implacil-osstem,"Valter Moreno - Gerente Contábil e Fiscal na Implacil Osstem | Educação, inovação e tecnologia: a parceria que ...",False,False,False,True,42,36,300,10.0,Complete,,,
9.0,BHIO SUPPLY INDÚSTRIA E COMÉRCIO DE EQUIPAMENTOS MÉDICOS LTDA,www.bhiosupply.com.br,Implantes Odontológicos,,,2,ABIMO,Mapeado,,Anestesia; Dispositivos / Sistemas de monitoramento / Acessórios; Instrumentos cirúrgicos; Instrumentos odontológicos,,7.0,7.0,5.0,7.0,2.0,1.0,1.0,8.5,,,Feevale Techpark sedia primeira edição do Diálogos ... | Paulo Roberto Walter Ferreira,False,False,False,True,0,0,0,10.0,Complete,,,
19.0,BRAILE BIOMÉDICA INDÚSTRIA E COMÉRCIO REPRESENTAÇÃO LTDA,www.braile.com.br,Implantes Odontológicos,,,2,ABIMO,Mapeado,,Aparelhos para eletro diagnóstico; Bombas de infusão; Coletor sanguíneo; Dispositivos / Sistemas de monitoramento / Acessórios; Instrumentos cirúrgicos; Cateter intravenosos; Instrumentos e aparelhos,,3.0,2.0,5.0,3.0,2.0,1.0,1.0,8.5,,,,False,False,False,True,0,0,0,10.0,Complete,,,
31.0,DMR INDUSTRIA E COMÉRCIO DE MATERIAIS ODONTOLÓGICOS LTDA - SINGULAR IMPLANTS,www.singularimplants.com.br,Implantes Odontológicos,,,2,ABIMO,Mapeado,,Implantes dentais; Materiais de laboratório,,8.0,7.0,8.0,8.0,2.0,1.0,1.0,8.5,,,,False,False,False,True,0,0,0,10.0,Complete,,,
114.0,Kopp Sistemas de Implantes,www.kopp.com.br,Implantes Odontológicos,,,2,RGO Article,Mapeado,,"Pioneira Cone Morse Brasil 2003, Cone Morse Screw",,9.0,9.0,0.0,9.0,2.0,1.0,0.0,8.0,,,,False,False,False,True,50,0,0,10.0,Complete,,,
88.0,Stryker Brasil,www.stryker.com/br,Implantes Ortopédicos,São Paulo,SP,3,Google,Mapeado,,,,10.0,9.0,10.0,10.0,1.0,1.0,0.0,7.0,,,,False,False,False,False,0,0,0,10.0,Pending,,,
35.0,EMFILS INDÚSTRIA E COMÉRCIO PRODUTOS ODONTOLÓGICOS LTDA EPP,www.emfils.com.br,Implantes Odontológicos,,,2,ABIMO,Mapeado,,Artigos e aparelhos para prótese dentária; Brocas para odontologia; Dentes artificiais; Implantes dentais; Instrumentos odontológicos,,9.0,10.0,10.0,9.0,2.0,1.0,2.0,9.0,,,,False,False,False,True,0,0,0,10.0,Complete,,,
92.0,Aditek do Brasil,www.aditek.com.br,Implantes Odontológicos,,,2,ABIMO,Mapeado,,,,3.0,,0.0,3.0,2.0,1.0,0.0,8.0,,https://br.linkedin.com/in/eduardo-nogueira-lopes-00500895,Eduardo Nogueira Lopes Email & Phone Number | Aditek ... | Eduardo Nogueira Lopes - CEO at Aditek Orthodontics,False,False,True,True,30,0,0,10.0,Complete,,,
2.0,A S TECHNOLOGY COMPONENTES ESPECIAIS LTDA ME - TITANIUMFIX,www.titaniumfix.com.br,Implantes Odontológicos,,,2,ABIMO,Mapeado,,Artigos e aparelhos para prótese dentária; Brocas para odontologia; Implantes dentais; Materiais de laboratório,,8.0,7.0,8.0,8.0,2.0,1.0,2.0,9.0,,,,False,False,False,True,30,0,0,10.0,Complete,,,
20.0,BRAINLAB LTDA,www.brainlab.com,Instrumentos Cirúrgicos,,,2,ABIMO,Mapeado,,Instrumentos cirúrgicos,,8.0,7.0,,8.0,2.0,0.0,1.0,6.5,,,,False,True,False,True,35,0,0,10.0,Complete,,,
38.0,FAGA MEDICAL IND. DE EQUIP. E INSTR. MED-HOSP LTDA ME,www.fagamed.com.br,Instrumentos Cirúrgicos,,,2,ABIMO,Mapeado,,Instrumentos cirúrgicos,,8.0,9.0,8.0,8.0,2.0,0.0,1.0,6.5,,,,True,False,True,True,0,0,0,10.0,Complete,,,
16.0,BIONNOVATION PRODUTOS BIOMÉDICOS S.A.,http://www.bionnovation.com.br/,Implantes Odontológicos,,,2,ABIMO,Mapeado,,Artigos e aparelhos para prótese dentária; Brocas para odontologia; Implantes dentais; Instrumentos odontológicos,,8.0,7.0,8.0,8.0,2.0,1.0,2.0,9.0,,,"São Paulo, 11 de Novembro de 2019.",False,False,False,True,0,0,0,10.0,Complete,,,
33.0,DSP INDUSTRIAL LTDA EPP,www.dspbiomedical.com.br,Implantes Odontológicos,,,2,ABIMO,Mapeado,,Implantes dentais,,8.0,7.0,8.0,8.0,2.0,1.0,1.0,8.5,,,,False,False,False,True,0,0,0,10.0,Complete,,,
109.0,FGM Dental Products,www.fgm.ind.br,Implantes Odontológicos,Joinville,SC,1,RGO Article,Mapeado,,"Sistema Arcsys - angulação 20°, linha completa implantes",,10.0,10.0,8.0,10.0,3.0,1.0,1.0,9.5,,https://br.linkedin.com/in/bianca-mittelst%C3%A4dt-00724630,,False,False,False,True,0,100,0,10.0,Complete,,,
119.0,NEOORTHO Produtos Ortopédicos,www.neoortho.com.br,Implantes Ortopédicos,Curitiba,PR,1,Website,Mapeado,,"Medartis Group, placas, hastes, parafusos, cages, próteses personalizadas",,10.0,10.0,10.0,10.0,3.0,1.0,1.0,9.5,,,,True,False,True,True,0,0,0,10.0,Complete,,,
110.0,Neodent Straumann,www.neodent.com.br,Implantes Odontológicos,Curitiba,PR,1,RGO Article,Mapeado,,"Líder Brasil, +1.5M implantes/ano, carga imediata",,10.0,10.0,10.0,10.0,3.0,1.0,1.0,9.5,contato@grupovladiagoncalves.com.br,https://br.linkedin.com/in/luana-borges-b2710a66,Sua clínica está entregando todo o potencial que poderia? ... | Embaixada Budapeste - Início — Ministério das Relações ...,False,False,False,False,0,0,0,10.0,Complete,,,
125.0,Conexão Sistemas de Prótese,www.conexao.com.br,Implantes Odontológicos,Arujá,SP,1,Market Research,Mapeado,,"Sistemas de prótese, implantes",,9.0,10.0,10.0,9.0,3.0,1.0,2.0,10.0,,https://br.linkedin.com/company/conexaoimplants; https://br.linkedin.com/in/bruno-candeias-8b8a8a72/en; https://br.linkedin.com/in/mario-cain%C3%A9-853ab634,Bruno Candeias - Comercial Manager | O presente documento digital foi conferido com o original e ...,False,False,False,True,30,0,0,10.0,Complete,,,
15.0,BIOMET 3I DO BRASIL COMÉRCIO DE AP. MÉDICOS LTDA,www.biomet.com,Implantes Odontológicos,,,2,ABIMO,Mapeado,,Bombas de infusão; Instrumentos cirúrgicos; Suturas cirúrgicas; Artigos e aparelhos para prótese dentária; Brocas para odontologia; Implantes dentais; Instrumentos odontológicos ; Centrifugadores,,10.0,9.0,8.0,10.0,2.0,1.0,3.0,9.5,,,,True,False,False,True,49,0,0,10.0,Complete,,,
54.0,OCX Implantes,ocximplantes.com.br,Implantes Ortopédicos,São Paulo,SP,Tier 2,Google,Mapeado,,,,6.0,7.0,8.0,6.0,2.0,1.0,0.0,8.0,,,,False,False,False,True,0,0,0,9.5,Complete,,,
131.0,Maquira,www.maquira.com.br,Equipamentos Odontológicos,Maringá,PR,2,Market Research,Mapeado,,Equipamentos odontológicos,,9.0,9.0,8.0,9.0,2.0,0.0,0.0,6.0,,,,False,False,False,True,20,80,0,9.5,Complete,,,
86.0,DORMED,www.dormed.com.br,Equipamentos Hospitalares,,,2,Google,Mapeado,,,,2.0,,0.0,2.0,2.0,0.0,0.0,6.0,,,,True,False,False,True,28,0,0,9.5,Complete,,,
11.0,BIOADVANCE INDÚSTRIA E COMÉRCIO DE PRODUTOS ORTPÉDICOS LTDA,www.bioadvance.com.br,Implantes Ortopédicos,,,2,ABIMO,Mapeado,,Ortopédicos,,10.0,7.0,10.0,10.0,2.0,1.0,0.0,8.0,,,,False,False,False,True,0,0,0,9.5,Complete,,,
107.0,Barrfab,www.barrfab.com.br,Equipamentos Hospitalares,,,2,ABIMO,Mapeado,,,,2.0,,2.0,2.0,2.0,0.0,0.0,6.0,,,,False,False,True,True,25,0,0,9.5,Complete,,,
25.0,CONEXÃO SISTEMAS DE PRÓTESE LTDA,www.conexao.com.br,Implantes Odontológicos,,,2,ABIMO,Mapeado,,Instrumentos cirúrgicos; Artigos e aparelhos para prótese dentária; Brocas para odontologia; Implantes dentais; Instrumentos odontológicos ; Materiais de laboratório,,8.0,7.0,8.0,8.0,2.0,1.0,3.0,9.5,,,,False,False,False,False,0,0,0,9.5,Pending,,,
117.0,Dérig Implantes,www.derig.com.br,Implantes Odontológicos,Barueri,SP,2,RGO Article,Mapeado,,"+30 anos existência, 25 anos mercado odontológico",,8.0,9.0,10.0,8.0,2.0,1.0,0.0,8.0,,,,False,False,False,True,0,0,0,9.5,Complete,,,
113.0,Nobel Biocare Brasil,www.nobelbiocare.com,Implantes Odontológicos,,,3,RGO Article,Mapeado,,"Sistema NobelActive, líder mundial, +60 anos",,6.0,7.0,2.0,6.0,1.0,1.0,0.0,7.0,,,,False,False,False,True,60,0,0,9.5,Complete,,,
23.0,CLOROVALE DIAMANTES INDÚSTRIA E COMÉRCIO LTDA,www.cvdvale.com.br,Implantes Odontológicos,,,2,ABIMO,Mapeado,,Brocas para odontologia; Instrumentos odontológicos,,9.0,7.0,0.0,9.0,2.0,1.0,0.0,8.0,,,Relatório de Gestão 2009,False,False,False,True,0,0,0,9.5,Complete,,,
169.0,Dentsply Sirona,,Implantes Odontológicos,Pirassununga,SP,2,ABIMED,Mapeado,,Dentsply Indústria e Comércio Ltda,,8.0,7.0,5.0,8.0,2.0,1.0,0.0,8.0,periclesborges.costa@gmail.com; rodrigoroman26@gmail.com,https://br.linkedin.com/in/rodrigo-roman-pacheco; https://br.linkedin.com/in/p%C3%A9ricles-borges-costa,Equipe Executiva | Dentsply Sirona Brasil | Daniel Scavilla Brasil,False,False,False,False,0,0,0,9.5,Complete,,,
21.0,CAPELLI & FABRIS INDUSTRIA E COMERCIO DE PRODUTOS MÉDICOS ODONTOLÓGICOS LTDA - HELSE ULTRASONIC,https://www.helse.odo.br/,Implantes Odontológicos,,,2,ABIMO,Mapeado,,Brocas para odontologia; Instrumentos odontológicos,,9.0,7.0,8.0,9.0,2.0,1.0,0.0,8.0,,,,False,False,False,True,0,0,0,9.5,Complete,,,
58.0,Ortosíntese,ortosintese.com.br,Implantes Ortopédicos,,,Tier 1,Google,Mapeado,,,,10.0,9.0,10.0,10.0,3.0,1.0,0.0,9.0,contato@ints.org.br,https://br.linkedin.com/in/alessandronapolitano/pt,Alessandro Napolitano - Diretor Executivo | Diário Oficial,False,False,False,False,0,0,0,9.0,Complete,,,
115.0,Implacil De Bortoli,www.implacil.com.br,Implantes Odontológicos,,,1,RGO Article,Mapeado,,"1° implante osseointegrável Brasil 1988, FDA+CE",,9.0,9.0,10.0,9.0,3.0,1.0,0.0,9.0,heliobaek@gmail.com,https://br.linkedin.com/in/heliobaek/en,Implacil De Bortoli: Employee Directory | Camila Sousa Email & Phone Number | Implacil De Bortoli ...,False,False,False,False,0,0,0,9.0,Complete,,,
64.0,Conexão Dental,,Implantes Odontológicos,,,Tier 1,Google,Mapeado,,,,9.0,10.0,10.0,9.0,3.0,1.0,0.0,9.0,,,,False,False,False,False,0,0,0,9.0,Pending,,,
111.0,S.I.N. Sistema de Implante,www.sinimplante.com.br,Implantes Odontológicos,,,1,RGO Article,Mapeado,,"Uma das maiores indústrias Brasil, +10 anos mercado",,9.0,10.0,10.0,9.0,3.0,1.0,0.0,9.0,contato@shareagencia.com,https://br.linkedin.com/in/felipeleonard; https://br.linkedin.com/in/marcella-mariani-197885130,Felipe Leonard Email & Phone Number | Henry Schein ... | Felipe Leonard - President & CEO at S.I.N. Implant System ...,False,False,False,False,0,0,0,9.0,Complete,,,
52.0,IMPOL,www.impol.com.br,Implantes Ortopédicos,,,Tier 1,Google,Mapeado,,,,2.0,,8.0,2.0,3.0,1.0,0.0,9.0,impol01@hotmail.com; endonca@hotmail.com; cotacao@primecomercios.com.br,https://in.linkedin.com/company/iol--implantes-ltda?trk=public_profile_topcard-current-company; https://ec.linkedin.com/company/iol--implantes-ltda,IOL- Implantes LTDA | IOL- Implantes LTDA,False,False,False,False,0,0,0,9.0,Complete,,,
118.0,Biomecanica,www.biomecanica.com.br,Implantes Ortopédicos,Jaú,SP,1,Website,Mapeado,,"34 anos, 9.000m2, 120 funcionários, 600k itens/ano, 44 países",,10.0,9.0,10.0,10.0,3.0,1.0,0.0,9.0,soc.bras.biomecanica@gmail.com; bioengenharia@aacd.org.br; biocor@biocor.com.br,,Endrigo Lima Email & Phone Number | Biomecanica Gerente de ... | Grupo Mídia visita Biomecanica - Healthcare Management,False,False,False,False,0,0,0,9.0,Complete,,,
61.0,Kopp Implantes,koppimplantes.com,Implantes Odontológicos,,,Tier 1,Google,Mapeado,,,,8.0,9.0,8.0,8.0,3.0,1.0,0.0,9.0,,https://br.linkedin.com/in/wilson-rogerio-costa-36839a61,Wilson Rogerio Costa - Consultor de Vendas Implacil Osstem,False,False,False,False,0,0,0,9.0,Pending,,,
91.0,A S Technology - TitaniumFix,www.titaniumfix.com.br,Implantes Odontológicos,,,1,ABIMO,Mapeado,,,,8.0,9.0,8.0,8.0,3.0,1.0,0.0,9.0,,,,False,False,False,False,0,0,0,9.0,Pending,,,
50.0,IMPLACIL OSSTEM - MATERIAL ODONTOLOGICO S.A.,http://www.implacildebortoli.com.br/,Implantes Odontológicos,,,2,ABIMO,Mapeado,,Artigos e aparelhos para prótese dentária; Implantes dentais; Instrumentos odontológicos,,9.0,7.0,8.0,9.0,2.0,1.0,2.0,9.0,contato@ipirangacontabil.com.br,,IMPLACIL OSSTEM - MATERIAL ODONTOLOGICO S.A. | Implacil Osstem - Material Odontologico S.a. em São Paulo ...,False,False,False,False,0,0,0,9.0,Complete,,,
60.0,Titaniumfix,titaniumfix.com/br,Implantes Odontológicos,,,Tier 1,Google,Mapeado,,,,8.0,9.0,8.0,8.0,3.0,1.0,0.0,9.0,atadeuborges@gmail.com; atedeuborges@bol.com.br,https://br.linkedin.com/in/eduardo-cardoso-dos-santos-5924ab92; https://br.linkedin.com/in/leonelfrcoelho,Corpo Docente | Responsabilidade civil na odontologia,False,False,False,False,0,0,0,9.0,Complete,,,
120.0,Starlet Instrumentos Cirúrgicos,www.starlet.com.br,Instrumentos Cirúrgicos,,,2,Google,Mapeado,,Líder fabricação instrumentos cirúrgicos alta qualidade,,8.0,9.0,10.0,8.0,2.0,0.0,1.0,6.5,,,,False,False,False,True,20,0,0,9.0,Complete,,,
62.0,S.I.N. Implant System,www.sinimplantsystem.com,Implantes Odontológicos,,,Tier 1,Google,Mapeado,,,,9.0,10.0,10.0,9.0,3.0,1.0,0.0,9.0,contato@vebdobrasil.com.br,https://br.linkedin.com/in/felipeleonard,Felipe Leonard - President & CEO at S.I.N. Implant System ... | E-mail e telefone de Michel Aislan Dantas Soares,False,False,False,False,0,0,0,9.0,Complete,,,
51.0,Biomecânica,www.biomecanica.com.br,Implantes Ortopédicos,Jaú,SP,Tier 1,ABIMO,Mapeado,,,,9.0,7.0,8.0,9.0,3.0,1.0,0.0,9.0,murillo.cardoso@tkcomercial.com; contato@mixsaudemga.com.br; contato@saudeonline.net,https://br.linkedin.com/in/andre-albuquerque-personal-trainer-academy,"André Albuquerque - Mestre em Biomecânica - Diretor e ... | CEO da Biomecânica Brasil, Ricardo Brito será debatedor do ...",False,False,False,False,0,0,0,9.0,Complete,,,
66.0,ABC Instrumentos,abcinstrumentos.com.br,Instrumentos Cirúrgicos,,,Tier 2,Google,Mapeado,,,,9.0,9.0,8.0,9.0,2.0,0.0,0.0,6.0,,,,False,False,True,True,10,0,0,8.5,Complete,,,
129.0,Dabi Atlante,www.dabiatlante.com.br,Equipamentos Odontológicos,Ribeirão Preto,SP,2,Market Research,Mapeado,,Equipamentos odontológicos,,9.0,9.0,8.0,9.0,2.0,0.0,0.0,6.0,,,,False,False,False,True,35,0,0,8.5,Complete,,,
4.0,ALLIAGE S.A INDÚSTRIAS MÉDICO ODONTOLÓGICA,www.alliage.com.br,Implantes Odontológicos,,,2,ABIMO,Mapeado,,Autoclaves; Camas; Esterilizadores; Mesas de exame; Mesas para operação cirúrgica; Aparelhos de raio-x odontológico; Cadeiras de Dentistas; Compressores; Esterilização; Implantes dentais; Instrumentos,,4.0,2.0,5.0,4.0,2.0,1.0,1.0,8.5,,,,False,False,False,False,0,0,0,8.5,Pending,,,
71.0,Pró-Hospitalar,prohospitalar.com.br,Instrumentos Cirúrgicos,Belo Horizonte,MG,Tier 2,Google,Mapeado,,,,4.0,,5.0,4.0,2.0,0.0,0.0,6.0,,,,False,False,False,True,35,0,0,8.5,Complete,,,
95.0,Alfa Med Sistemas,www.alfamed.com,Equipamentos Médicos,,,2,ABIMO,Mapeado,,,,2.0,,0.0,2.0,2.0,0.0,0.0,6.0,,,,False,False,False,True,20,0,0,8.5,Complete,,,
127.0,Dentoflex,www.dentoflex.com.br,Equipamentos Odontológicos,,,2,Market Research,Mapeado,,Equipamentos e materiais odontológicos,,10.0,10.0,10.0,10.0,2.0,0.0,0.0,6.0,,,,False,False,False,True,47,0,0,8.5,Complete,,,
130.0,Angelus,www.angelus.ind.br,Materiais Odontológicos,Londrina,PR,2,Market Research,Mapeado,,Materiais endodônticos,,5.0,7.0,5.0,5.0,2.0,0.0,0.0,6.0,,,,False,False,False,True,0,80,0,8.5,Complete,,,
76.0,Amaral & Cia,amaralecia.com,Distribuidor Ortopedia,,,Tier 2,Google,Mapeado,,,,2.0,,0.0,2.0,2.0,0.0,0.0,6.0,,,,True,False,False,True,0,0,0,8.5,Complete,,,
122.0,Factory Instrumental Cirúrgico,www.factorycirurgico.com.br,Instrumentos Cirúrgicos,,,2,Google,Mapeado,,"+30 anos mercado, diversas especialidades médicas",,4.0,,0.0,4.0,2.0,0.0,0.0,6.0,,,,False,False,False,True,30,0,0,8.5,Complete,,,
68.0,Factory Instrumental,factorycirurgico.com.br,Instrumentos Cirúrgicos,,,Tier 2,Google,Mapeado,,,,6.0,7.0,5.0,6.0,2.0,0.0,0.0,6.0,,,,False,False,False,True,30,0,0,8.5,Complete,,,
10.0,BIO ENGENHARIA E INDÚSTRIA DE IMPLANTES ORTOPÉDICOS LTDA,http://bioengenharia.com.br/,Implantes Ortopédicos,,,2,ABIMO,Mapeado,,Instrumentos cirúrgicos; Ortopédicos,,10.0,7.0,10.0,10.0,2.0,1.0,1.0,8.5,melolivia@gmail.com,https://br.linkedin.com/in/livia-de-melo-santos/en,Empresas cadastradas do Domicílio Judicial Eletrônico,False,False,False,False,0,0,0,8.5,Complete,,,
126.0,Pross Implantes,www.pross.com.br,Implantes Odontológicos,,,2,Market Research,Mapeado,,Implantes dentários,,9.0,10.0,8.0,9.0,2.0,1.0,1.0,8.5,,,,False,False,False,False,0,0,0,8.5,Pending,,,
49.0,ICONACY ORTHOPEDIC IMPLANTS INDÚSTRIA E COMÉRCIO DE PRODUTOS MÉDICO HOSPITALARES LTDA,www.prosintese.com.br,Implantes Ortopédicos,,,2,ABIMO,Mapeado,,Bombas de infusão; Instrumentos cirúrgicos; Ortopédicos,,9.0,9.0,8.0,9.0,2.0,1.0,1.0,8.5,,,SEI/ANVISA - 1889012 - Pauta de Reunião da Dicol | diretoria colegiada – dicol,False,False,False,False,0,0,0,8.5,Pending,,,
36.0,ENGIMPLAN ENGENHARIA DE IMPLANTE INDÚSTRIA E COMÉRCIO LTDA,www.engimplan.com.br,Implantes Ortopédicos,,,2,ABIMO,Mapeado,,Instrumentos cirúrgicos; Ortopédicos,,10.0,9.0,10.0,10.0,2.0,1.0,1.0,8.5,gerencia.swkq@esaero.com.br; ericson.ferreira@materialise.com; contato@healthways.com,,,False,False,False,False,0,0,0,8.5,Complete,,,
85.0,Unitec Hospitalar,www.unitec-hospitalar.com.br,Equipamentos Hospitalares,,,2,Google,Mapeado,,,,2.0,,5.0,2.0,2.0,0.0,0.0,6.0,,,,False,False,True,True,0,0,0,8.5,Complete,,,
13.0,BIODINÂMICA QUÍMICA E FARMACÊUTICA LTDA,www.biodinamica.com.br,Implantes Odontológicos,,,2,ABIMO,Mapeado,,Brocas para odontologia; Ceras para dentistas; Cimento para obturação dentária; Esterilização; Gesso para uso odontológico; Instrumentos odontológicos ; Limas para odontologia; Materiais de laboratóri,,8.0,7.0,8.0,8.0,2.0,1.0,0.0,8.0,fusaodental@hotmail.com; protocolo@crfma.org.br,https://br.linkedin.com/in/edilson-calvo-a3551120,"Edilson Calvo - Presidente | Anápolis - GO, 22 de Agosto de 2023 À FUNDO ...",False,False,False,False,0,0,0,8.0,Complete,,,
39.0,FANEM LTDA,www.fanem.com.br,Implantes Odontológicos,,,2,ABIMO,Mapeado,,Sistemas de ventilação; Aparelhos de oxigenoterapia; Aparelhos respiratórios /Acessórios; Autoclaves; Camas; Dispositivos / Sistemas de monitoramento / Acessórios; Esterilizadores; Incubadoras para be,,2.0,,2.0,2.0,2.0,1.0,0.0,8.0,fiscal@fanem.com.br; contato@maurocardoso.com.br; licitacap4.sp@somahospitalar.com.br,,Projeto de Lei n° 24/2025,False,False,False,False,0,0,0,8.0,Complete,,,
46.0,HANISCH MEDICAL LTDA,www.plasticoshanisch.com.br,Implantes Odontológicos,,,2,ABIMO,Mapeado,,Equipamentos e aparelhos para reabilitação,,1.0,,0.0,1.0,2.0,1.0,0.0,8.0,geraldo@reichert.com.br,,EDENRED SOLUCOES DE MOBILIDADE E INSTITUICAO ... | COOPERPOLI COOPERATIVA DE HABITACAO E ...,False,False,False,False,0,0,0,8.0,Complete,,,
32.0,DORJA INDÚSTRIA E COMÉRCIO DE EQUIPAMENTOS MÉDICOS LTDA,www.dorja.com.br,Implantes Odontológicos,,,2,ABIMO,Mapeado,,Aparelhos de oxigenoterapia; Aparelhos respiratórios /Acessórios; Equipamentos e aparelhos para reabilitação; Esterilizadores; Foco cirúrgico / Iluminação cirúrgica; Instrumentos e aparelhos de oftalm,,1.0,,0.0,1.0,2.0,1.0,0.0,8.0,sac@.com.br,,Jamir Dagir Junior | PONTUAL-COMERCIAL-EIRELI.pdf - Editais de Licitações,False,False,False,False,0,0,0,8.0,Complete,,,
53.0,Bone Surgical,bonesurgical.com.br,Implantes Ortopédicos,,,Tier 2,Google,Mapeado,,,,2.0,,0.0,2.0,2.0,1.0,0.0,8.0,phcomercio@outlook.com,https://br.linkedin.com/in/marcelo-ramalho-a8aaba90,Marcelo Ramalho - Diretor comercial Bone Surgical Vale | 01-078758-2024.pdf,False,False,False,False,0,0,0,8.0,Complete,,,
45.0,H STRATTNER E CIA LTDA,www.strattner.com.br,Implantes Odontológicos,,,2,ABIMO,Mapeado,,Anestesia; Aparelhos de oxigenoterapia; Aparelhos para cirurgia que operem por laser; Aparelhos para eletro diagnóstico; Autoclaves; Bisturis Elétricos; Bombas de infusão; Endoscópio; Equipamentos e a,,2.0,,2.0,2.0,2.0,1.0,0.0,8.0,godoy_rafael@adv.oabsp.org.br,,ministério público de contas do distrito federal | PROPOSTA COMERCIAL - CNPJ: 82.641.325/0021-61,False,False,False,False,0,0,0,8.0,Complete,,,
98.0,Allied Titanium - Dentfix,www.dentfix.com.br,Implantes Odontológicos,,,2,ABIMO,Mapeado,,,,8.0,10.0,8.0,8.0,2.0,1.0,0.0,8.0,,,,False,False,False,False,0,0,0,8.0,Pending,,,
30.0,DMC IMPORTAÇÃO E EXPORTAÇÃO DE EQUIPAMENTOS LTDA,www.dmcgroup.com.br,Implantes Odontológicos,,,2,ABIMO,Mapeado,,Aparelhos para cirurgia que operem por laser; Endoscópio; Equipamentos e aparelhos para dermatologia / estética; Equipamentos e aparelhos para reabilitação; Foco cirúrgico / Iluminação cirúrgica; Inst,,2.0,,2.0,2.0,2.0,1.0,0.0,8.0,rica@hotmail.com; ramos.rep@hotmail.com,https://br.linkedin.com/in/mar%C3%ADlia-w-mancini-7a4b1a3a; https://br.linkedin.com/in/renata-beninc%C3%A1-6a187854,Marília W. Mancini - Diretora de Projetos | Processos Deliberados na 14ª Reunião Ordinária Pública de ...,False,False,False,False,0,0,0,8.0,Complete,,,
8.0,BAUMER S.A.,www.baumer.com.br,Implantes Odontológicos,,,2,ABIMO,Mapeado,,Anestesia; Sistemas de ventilação; Aparelhos respiratórios /Acessórios; Autoclaves; Dispositivos / Sistemas de monitoramento / Acessórios; Esterilizadores; Foco cirúrgico / Iluminação cirúrgica; Instr,,2.0,2.0,5.0,2.0,2.0,1.0,0.0,8.0,fernando.tucci@baumer.com.br; baumer@baumer.com.br; matheus.gouveia@baumer.com.br,https://br.linkedin.com/company/baumersa,BAUMER S A - CNPJ 61374161000130 | Baumer,False,False,False,False,0,0,0,8.0,Complete,,,
57.0,Ortobio,ortobio.ind.br,Implantes Ortopédicos,,,Tier 2,Google,Mapeado,,,,10.0,9.0,10.0,10.0,2.0,1.0,0.0,8.0,licitacao@enfermed.net.br; contato@diplomaciabusiness.com,https://br.linkedin.com/in/antonio-villaca-torres-j%C3%BAnior-%E0%AE%83-46459a53; https://br.linkedin.com/in/ivan-almeida-4065b8154,Antonio Villaca Torres Júnior ஃ - Diretor Geral na Ortobio S.A. | abimo,False,False,False,False,0,0,0,8.0,Complete,,,
6.0,ANGELUS INDÚSTRIA DE PRODUTOS ODONTOLÓGICOS S.A.,www.angelus.ind.br,Implantes Odontológicos,,,2,ABIMO,Mapeado,,Gel e outros produtos químicos; Máscaras; Seringas; Artigos e aparelhos para prótese dentária; Brocas para odontologia; Cimento para obturação dentária; Limas para odontologia; Materiais de laboratóri,,8.0,7.0,7.0,8.0,2.0,1.0,0.0,8.0,abceram@abceram.org.br,https://br.linkedin.com/in/pauloraphaelnonino; https://br.linkedin.com/in/rodrigo-garrido; https://br.linkedin.com/in/angela-paiva-446a291b8,64º Congresso Brasileiro de Cerâmica | Paulo Raphael Nonino - Gerente Marketing,False,False,False,False,0,0,0,8.0,Complete,,,
37.0,ESSITY SOLUÇÕES MÉDICAS DO BRASIL COMÉRCIO E DISTRIBUIÇÃO LTDA,www.essity.com,Implantes Ortopédicos,,,2,ABIMO,Mapeado,,Curativos; Ortopédicos,,4.0,,2.0,4.0,2.0,1.0,0.0,8.0,sege_gespublica@maringa.pr.gov.br,,"EXECUTIVO - Procempa | Fortaleza, 14 de março de 2022 | SÉRIE 3 | ANO XIV Nº058",False,False,False,False,0,0,0,8.0,Complete,,,
12.0,BIODINA INSTRUMENTOS CIENTÍFICOS LTDA,www.biodina.com.br,Instrumentos Cirúrgicos,,,2,ABIMO,Mapeado,,Anestesia; Bisturis Elétricos; Coletor sanguíneo; Dispositivos / Sistemas de monitoramento / Acessórios; Endoscópio; Foco cirúrgico / Iluminação cirúrgica; Instrumentos cirúrgicos; Mobiliário; Cateter,,2.0,2.0,2.0,2.0,2.0,0.0,1.0,6.5,,,,False,False,False,True,0,0,0,8.0,Complete,,,
27.0,DENTSCARE LTDA - FGM PRODUTOS ODONTOLÓGICOS,www.fgm.ind.br,Implantes Odontológicos,,,2,ABIMO,Mapeado,,Gel e outros produtos químicos; Cimento para obturação dentária; Implantes dentais; Materiais de laboratório; Outros Materiais de consumo e descartáveis; Produtos para obturação dentária; Sistemas de,,3.0,,8.0,3.0,2.0,1.0,0.0,8.0,,,,False,False,False,False,0,0,0,8.0,Pending,,,
56.0,NeoOrtho,,Implantes Ortopédicos,,,Tier 2,Google,Mapeado,,,,10.0,10.0,10.0,10.0,2.0,1.0,0.0,8.0,licitação@neoortho.com.br,https://br.linkedin.com/in/claus-kampmann; https://br.linkedin.com/in/ademar-skrzypnik-600bb2130; https://br.linkedin.com/company/neoortho,Claus Kampmann - Neoortho Produtos Ortopédicos | Cleverson Tullio Email & Phone Number | NEOORTHO ...,False,False,False,False,0,0,0,8.0,Complete,,,
116.0,Systhex Implantes,www.systhex.com.br,Implantes Odontológicos,Curitiba,PR,2,RGO Article,Mapeado,,"Fundada 2003, linha completa, custo-benefício",,9.0,9.0,10.0,9.0,2.0,1.0,0.0,8.0,contato@systhex.com.br; contato@odontologiadigital.com.br; contato@systhexportugal.com,https://br.linkedin.com/in/fabio-cruz-rodrigues-03b64467; https://br.linkedin.com/in/leonardo-severo-02040a2a,Entrevista com a Diretora Comercial e Fundador Systhex ... | Um sorriso do Tamanho do Brasil no Bem Estar Global,False,False,False,False,0,0,0,8.0,Complete,,,
1.0,3R INDÚSTRIA E COMÉRCIO LTDA,www.microdont.com.br,Implantes Odontológicos,,,2,ABIMO,Mapeado,,Brocas para odontologia; Gesso para uso odontológico; Instrumentos odontológicos,,8.0,7.0,8.0,8.0,2.0,1.0,0.0,8.0,,https://br.linkedin.com/in/caroline-fagundes-rezende-407489198,Secretaria da Micro e Pequena Empresa | agência nacional de vigilância sanitária diretoria colegiada,False,False,False,False,0,0,0,8.0,Pending,,,
55.0,Abimade,abimade.com.br,Implantes Ortopédicos,,,Tier 2,Google,Mapeado,,,,6.0,7.0,5.0,6.0,2.0,1.0,0.0,8.0,cavalli.medicamentos@gmail.com,https://br.linkedin.com/in/wilson-rosa-3a7a3477; https://br.linkedin.com/in/wilson-rosa-8b37a3297; https://br.linkedin.com/in/renato-rocha-couto-b571b571,Wilson Rosa - CEO Abimade Industria e Comercio de ... | Wilson Rosa Jr - Abimade,False,False,False,False,0,0,0,8.0,Complete,,,
69.0,Upmed,www.upmed.net.br,Instrumentos Cirúrgicos,,,Tier 2,Google,Mapeado,,,,6.0,7.0,5.0,6.0,2.0,0.0,0.0,6.0,,,,False,False,False,True,0,0,0,7.5,Complete,,,
78.0,Fixin Brasil,fixinbrasil.com.br,Veterinário Ortopedia,,,Tier 3,Google,Mapeado,,,,8.0,7.0,8.0,8.0,1.0,0.0,0.0,5.0,,,,False,False,True,True,0,0,0,7.5,Complete,,,
121.0,Ad Instrumentos Cirúrgicos,www.adinstrumentos.com.br,Instrumentos Cirúrgicos,,,2,Google,Mapeado,,"Aço inox, 5 anos garantia",,7.0,7.0,2.0,7.0,2.0,0.0,0.0,6.0,,,,False,False,False,True,5,0,0,7.5,Complete,,,
77.0,Globo Medical,globomedical.com.br,Distribuidor Ortopedia,,,Tier 3,Google,Mapeado,,,,2.0,,0.0,2.0,1.0,0.0,0.0,5.0,,,,False,False,False,True,20,0,0,7.5,Complete,,,
101.0,Araujo Lopes & Cia - American Burrs,www.americanburrs.com,Instrumentos Odontológicos,,,2,ABIMO,Mapeado,,,,2.0,,5.0,2.0,2.0,0.0,0.0,6.0,,,,False,False,False,True,0,0,0,7.5,Complete,,,
99.0,AMED S/A - American Medical,www.american-medical.net,Materiais Consumo,,,2,ABIMO,Mapeado,,,,4.0,,0.0,4.0,2.0,0.0,0.0,6.0,,,,False,False,False,True,0,0,0,7.5,Complete,,,
106.0,Auto Suture Brasil - Covidien,www.covidien.com,Instrumentos Cirúrgicos,,,3,ABIMO,Mapeado,,,,8.0,,10.0,8.0,1.0,0.0,0.0,5.0,,,,True,False,False,True,0,0,0,7.5,Complete,,,
105.0,Atrasorb,www.atrasorb.com.br,Materiais Hospitalares,,,2,ABIMO,Mapeado,,,,3.0,,0.0,3.0,2.0,0.0,0.0,6.0,,,,False,False,False,True,0,0,0,7.5,Complete,,,
104.0,Artigos Odontológicos Clássico,www.classico.com.br,Materiais Odontológicos,,,2,ABIMO,Mapeado,,,,8.0,7.0,2.0,8.0,2.0,0.0,0.0,6.0,,,,False,False,False,True,0,0,0,7.5,Complete,,,
75.0,Ortomedic,ortomedic.com.br,Distribuidor Ortopedia,São Bernardo do Campo,SP,Tier 2,Google,Mapeado,,,,9.0,9.0,0.0,9.0,2.0,0.0,0.0,6.0,,,,False,False,False,True,0,0,0,7.5,Complete,,,
70.0,KND Cirúrgica,kndcirurgica.com,Instrumentos Cirúrgicos,Sumaré,SP,Tier 2,Google,Mapeado,,,,5.0,7.0,5.0,5.0,2.0,0.0,0.0,6.0,,,,False,False,False,True,0,0,0,7.5,Complete,,,
149.0,Biometrix,,Dispositivos Médicos,Curitiba,PR,2,ABIMED,Mapeado,,Biometrix Diagnóstica Ltda,,2.0,,0.0,2.0,2.0,-1.0,0.0,4.0,,,,False,False,False,False,0,0,0,7.0,Pending,,,
24.0,COMPANHIA BRASILEIRA DE ESTERILIZAÇÃO - CBE EMBRARAD,www.cbesa.com.br,Implantes Odontológicos,,,2,ABIMO,Mapeado,,Esterilizadores; Cateter intravenosos; Curativos; Gazes; Luvas; Máscaras; Seringas; Sondas; Suturas cirúrgicas; Tubos e drenos; Vestuário; Implantes dentais; Outros Materiais de consumo e descartáveis,,2.0,,2.0,2.0,2.0,1.0,-2.0,7.0,,,,False,False,False,False,0,0,0,7.0,Pending,,,
97.0,Alliage S.A,www.alliage.com.br,Equipamentos Odontológicos,,,1,ABIMO,Mapeado,,,,10.0,10.0,8.0,10.0,3.0,0.0,0.0,7.0,,,,False,False,False,False,0,0,0,7.0,Pending,,,
189.0,J&J,,Dispositivos Médicos,São Paulo,SP,2,ABIMED,Mapeado,,Johnson & Johnson do Brasil Indústria e Comércio de Produtos para Saúde Ltda,,10.0,9.0,10.0,10.0,2.0,-1.0,0.0,4.0,,,,False,False,False,False,0,0,0,7.0,Pending,,,
79.0,Metalvet,www.metalvet.com.br,Veterinário Ortopedia,,,Tier 3,Google,Mapeado,,,,6.0,7.0,8.0,6.0,1.0,0.0,0.0,5.0,,,,False,False,False,True,0,0,0,6.5,Complete,,,
123.0,Biolab Pharma,www.biolabfarma.com.br,Dispositivos Médicos,São Paulo,SP,2,BiopharmGuy,Mapeado,,"Small molecules, pharma",,2.0,,0.0,2.0,2.0,-1.0,0.0,4.0,,,,False,False,False,True,28,0,0,6.5,Complete,,,
94.0,Alacer Biomédica,www.alacer.com.br,Dispositivos Eletrônicos,,,2,ABIMO,Mapeado,,,,8.0,7.0,5.0,8.0,2.0,-1.0,0.0,4.0,,,,False,False,False,True,20,0,0,6.5,Complete,,,
22.0,CARDIOPRÓTESE LTDA,www.cardioprotese.com.br,Dispositivos Médicos,,,2,ABIMO,Mapeado,,,,5.0,7.0,5.0,5.0,2.0,-1.0,0.0,4.0,,,,False,False,False,True,35,0,0,6.5,Complete,,,
3.0,ALACER BIOMÉDICA INDÚSTRIA ELETRÔNICA LTDA,https://www.alacer.com.br/,Dispositivos Médicos,,,2,ABIMO,Mapeado,,Aparelhos para eletro diagnóstico; Cateter intravenosos; Gel e outros produtos químicos; Sondas,,2.0,2.0,2.0,2.0,2.0,-1.0,0.0,4.0,,,,False,False,False,True,20,0,0,6.5,Complete,,,
73.0,ITS-MC,www.its-mc.com,Instrumentos Cirúrgicos,,,Tier 3,Google,Mapeado,,,,2.0,,5.0,2.0,1.0,0.0,0.0,5.0,,,,False,False,False,True,0,0,0,6.5,Complete,,,
100.0,American Instruments,www.americaninstruments.com.br,Instrumentos Cirúrgicos,,,2,ABIMO,Mapeado,,,,8.0,7.0,5.0,8.0,2.0,0.0,0.0,6.0,,,,False,False,False,False,0,0,0,6.0,Pending,,,
102.0,ARPE Medical,www.arpemedical.com.br,Equipamentos Médicos,,,2,ABIMO,Mapeado,,,,2.0,,0.0,2.0,2.0,0.0,0.0,6.0,,,,False,False,False,False,0,0,0,6.0,Pending,,,
74.0,OrthoSystem,osimplantes.com.br,Distribuidor Ortopedia,Rio Claro,SP,Tier 2,Google,Mapeado,,,,9.0,9.0,0.0,9.0,2.0,0.0,0.0,6.0,,,,False,False,False,False,0,0,0,6.0,Pending,,,
87.0,BMR Medical,bmrmedical.com.br,Equipamentos Hospitalares,,PR,2,Google,Mapeado,,,,2.0,,10.0,2.0,2.0,0.0,0.0,6.0,,,,False,False,False,False,0,0,0,6.0,Pending,,,
67.0,Rhosse Instrumentos,www.rhosse.com.br,Instrumentos Cirúrgicos,,,Tier 2,Google,Mapeado,,,,9.0,9.0,,9.0,2.0,0.0,0.0,6.0,,,,False,False,False,False,0,0,0,6.0,Pending,,,
167.0,D&I Dispositivos e Inovação Hospitalar,,Equipamentos Hospitalares,Barueri,SP,2,ABIMED,Mapeado,,D&I Comércio de Equipamentos Médicos Ltda,,4.0,,0.0,4.0,2.0,0.0,0.0,6.0,,,,False,False,False,False,0,0,0,6.0,Pending,,,
128.0,Gnatus,www.gnatus.com.br,Equipamentos Odontológicos,Ribeirão Preto,SP,2,Market Research,Mapeado,,Equipamentos odontológicos,,9.0,10.0,8.0,9.0,2.0,0.0,0.0,6.0,,,,False,False,False,False,0,0,0,6.0,Pending,,,
72.0,Ortop Instrumental,,Instrumentos Cirúrgicos,,,Tier 2,Google,Mapeado,,,,6.0,7.0,5.0,6.0,2.0,0.0,0.0,6.0,,,,False,False,False,False,0,0,0,6.0,Pending,,,
93.0,Agaplastic,www.agaplastic.com.br,Materiais Consumo,,,2,ABIMO,Mapeado,,,,1.0,,0.0,1.0,2.0,0.0,0.0,6.0,,,,False,False,False,False,0,0,0,6.0,Pending,,,
17.0,BMR MEDICAL S.A.,www.bmrmedical.com.br,Instrumentos Cirúrgicos,,,2,ABIMO,Mapeado,,Aparelhos para cirurgia que operem por laser; Bombas de infusão; Equipamentos e aparelhos para dermatologia / estética; Equipamentos e aparelhos para reabilitação; Instrumentos cirúrgicos; Agulhas; Ca,,2.0,2.0,2.0,2.0,2.0,0.0,0.0,6.0,,,,False,False,False,False,0,0,0,6.0,Pending,,,
48.0,HP BIOPRÓTESES LTDA EPP,http://hpbio.com.br/home/,Dispositivos Médicos,,,2,ABIMO,Mapeado,,Tubos e drenos; Implantes de silicone; Válvulas cardíacas,,6.0,7.0,2.0,6.0,2.0,-1.0,1.0,4.5,,,,False,False,False,True,0,0,0,6.0,Complete,,,
,Biodental Produtos,http://www.biodentalprodutos.com.br/,,,,,,New Lead,,,,,,,,,,,5.5,,,,True,True,False,True,25,0,0,5.5,Complete,"Rua Antônio de Lucca, 20 - Sala 101 - Pio Corrêa, Criciúma - SC, 88801-240, Brazil",+55 48 3433-5881,Google Places
,Dental Med Sul Produtos Odontológicos,http://www.dentalmedsul.com.br/,,,,,,New Lead,,,,,,,,,,,5.5,,,,True,True,True,True,2,0,0,5.5,Complete,"Complexo Administrativo - Rua Anne Frank, 5241 - Hauer, Curitiba - PR, 81730-010, Brazil",+55 800 941 2490,Google Places
140.0,Arthrex,,Dispositivos Médicos,São Paulo,SP,2,ABIMED,Mapeado,,Arthrex do Brasil Importação e Comércio de Equipamentos Ltda,,8.0,9.0,10.0,8.0,2.0,-1.0,0.0,4.0,,,,False,False,False,False,0,0,0,5.5,Pending,,,
,Loh Medical,https://www.lohmedical.com/pt-br,,,,,,New Lead,,,,,,,,,,,5.5,,,,False,False,False,True,20,25,0,5.5,Complete,"R. Dr. Alfredo de Castro, 200 - Conjunto 1706 - Barra Funda, São Paulo - SP, 01155-060, Brazil",+55 11 2308-3673,Google Places
,Bio Implante,http://www.bioimplante.com.br/,,,,,,New Lead,,,,,,,,,,,5.5,,,,False,False,False,True,30,45,0,5.5,Complete,"R. Laureano García, 1275 - Distrito Industrial Marcus Vinícius Feliz Machado, Bauru - SP, 17039-760, Brazil",+55 14 4009-2400,Google Places
103.0,Arthimed,www.arthimed.net.br,Dispositivos Médicos,,,2,ABIMO,Mapeado,,,,8.0,7.0,8.0,8.0,2.0,-1.0,0.0,4.0,,,,False,False,False,True,0,0,0,5.5,Complete,,,
18.0,BOSTON SCIENTIFIC DO BRASIL LTDA,www.bostonscientific.com,Dispositivos Médicos,,,2,ABIMO,Mapeado,,Aparelhos para eletro diagnóstico; Aparelhos respiratórios /Acessórios; Bombas de infusão; Desfibrilador; Dispositivos / Sistemas de monitoramento / Acessórios; Endoscópio; Foco cirúrgico / Iluminação,,3.0,2.0,2.0,3.0,2.0,-1.0,0.0,4.0,,,,False,False,False,True,0,0,0,5.5,Complete,,,
151.0,Biotronik,,Dispositivos Médicos,São Paulo,SP,2,ABIMED,Mapeado,,Biotronik Comercial Médica Ltda.,,8.0,9.0,5.0,8.0,2.0,-1.0,0.0,4.0,,,,False,False,False,False,0,0,0,5.5,Pending,,,
47.0,HEXAGON INDÚSTRIA E COMÉRCIO DE IMPLANTES ORTOPÉDICOS LTDA,www.hexagon-brasil.com,Dispositivos Médicos,,,2,ABIMO,Mapeado,,,,9.0,7.0,8.0,9.0,2.0,-1.0,0.0,4.0,,,,False,False,False,True,0,0,0,5.5,Complete,,,
138.0,Align Technology,,Dispositivos Médicos,São Paulo,SP,2,ABIMED,Mapeado,,Align Technology do Brasil Ltda,,8.0,9.0,0.0,8.0,2.0,-1.0,0.0,4.0,,,,False,False,False,False,0,0,0,5.5,Pending,,,
42.0,FRESENIUS KABI BRASIL LTDA,www.fresenius-kabi.com.br,Dispositivos Médicos,,,2,ABIMO,Mapeado,,Bombas de infusão; Dispositivos / Sistemas de monitoramento / Acessórios; Agulhas; Sondas; Testes laboratoriais,,2.0,,0.0,2.0,2.0,-1.0,-1.0,3.5,,,,False,False,False,True,0,0,0,5.0,Complete,,,
82.0,M3DIC Healthcare,,Impressão 3D Médica,,,3,F6S,Mapeado,,,,1.0,,0.0,1.0,1.0,0.0,0.0,5.0,,,,False,False,False,False,0,0,0,5.0,Pending,,,
80.0,Memed,,MedTech Software,São Paulo,SP,3,F6S,Mapeado,,,,8.0,7.0,0.0,8.0,1.0,0.0,0.0,5.0,,,,False,False,False,False,0,0,0,5.0,Pending,,,
,GAMEZI Dispositivos Médicos,http://www.gamezi.com.br/,,,,,,New Lead,,,,,,,,,,,4.5,,,,False,False,False,True,30,0,0,4.5,Complete,"R. Jaboatão, 620 - Casa Verde, São Paulo - SP, 02516-010, Brazil",+55 11 3855-4050,Google Places
,Zimmer Biomet Brasil (Ortopedia),http://www.zimmerbiomet.com.br/,,,,,,New Lead,,,,,,,,,,,4.5,,,,False,False,False,True,0,0,0,4.5,Complete,"Rua Machado Bitencourt, 361 - Vila Clementino, São Paulo - SP, 04044-001, Brazil",+55 11 3568-1316,Google Places
,Radiomed Comércio Importação EIRELI,http://www.radiomed.med.br/,,,,,,New Lead,,,,,,,,,,,4.5,,,,False,False,False,True,0,30,0,4.5,Complete,"Alameda Lorena, 1304 - Jardim Paulista, São Paulo - SP, 01424-004, Brazil",+55 11 3885-2166,Google Places
,Oxigen,http://www.oxigenind.com.br/,,,,,,New Lead,,,,,,,,,,,4.5,,,,True,False,False,True,0,0,0,4.5,Complete,"R. Redenção, 44 - Chácara Tatuapé, São Paulo - SP, 03060-010, Brazil",+55 11 2696-0010,Google Places
,Bioteck Orthopedic Implants,https://www.bioteckimplants.com/,,,,,,New Lead,,,,,,,,,,,4.5,,,,True,False,False,True,0,0,0,4.5,Complete,"R. Dra. Maria Augusta Generoso Estrela, 1060 - Rubem Berta, Porto Alegre - RS, 91180-200, Brazil",+55 51 3272-2000,Google Places
,5S - Sistemas Médicos,http://5s.med.br/,,,,,,New Lead,,,,,,,,,,,4.5,,,,False,False,False,True,20,0,0,4.5,Complete,"Av. Angélica, 927 - 11º andar - Santa Cecilia, São Paulo - SP, 01227-000, Brazil",+55 11 3826-8826,Google Places
,IMPOL Instrumental e Implantes Ltda,http://www.impol.com.br/,,,,,,New Lead,,,,,,,,,,,4.5,,,,False,False,False,True,50,0,0,4.5,Complete,"Av. Dr. Ulysses Guimarães, 3533 - Vila Nogueira, Diadema - SP, 09990-080, Brazil",+55 11 4070-6464,Google Places
,Dental Paulista,http://www.dentalpaulista.com.br/,,,,,,New Lead,,,,,,,,,,,4.5,,,,False,False,True,True,0,0,0,4.5,Complete,"Rua Anne Frank, 2803 - Boqueirão, Curitiba - PR, 81650-020, Brazil",+55 41 3222-2426,Google Places
,"AME Home Care | Barra da Tijuca. Aluguel e venda de material médico hospitalar. Cadeira de Rodas, Cama hospitalar, Andadores.",http://www.amerj.com.br/,,,,,,New Lead,,,,,,,,,,,4.5,,,,False,False,False,True,70,0,0,4.5,Complete,"Av. Min. Ivan Lins, 480 - 101 - Barra da Tijuca, Rio de Janeiro - RJ, 22620-110, Brazil",+55 21 98059-0397,Google Places
,Odonto Personal - Revenda Olsen,http://www.odontopersonal.com.br/,,,,,,New Lead,,,,,,,,,,,4.5,,,,False,False,False,True,24,0,0,4.5,Complete,"R. Dias da Rocha Filho, 620 - Alto da XV, Curitiba - PR, 80045-275, Brazil",+55 41 3019-9999,Google Places
,Loja Dental Prime,http://www.lojadentalprime.com.br/,,,,,,New Lead,,,,,,,,,,,4.5,,,,False,False,True,True,2,0,0,4.5,Complete,"R. Osório Duque Estrada, 763 - Vargem Grande, Pinhais - PR, 83321-060, Brazil",+55 41 3012-0304,Google Places
,Hartmann Indústria e Comércio de Produtos Médico-Hospitalares Ltda.,http://www.hartmann.com.br/,,,,,,New Lead,,,,,,,,,,,4.5,,,,False,False,False,True,40,0,0,4.5,Complete,"Av. Dr. Eugênio Borges, 1410 - Arsenal, São Gonçalo - RJ, 24751-000, Brazil",+55 21 2199-7555,Google Places
,Ingámed Produtos Médico Hospitalares Ltda,http://www.ingamed.com.br/,,,,,,New Lead,,,,,,,,,,,4.5,,,,False,False,False,True,25,0,0,4.5,Complete,"Rod Eng. Osvaldo Pachêco de Lacerda, 720 - Parque Industrial, Maringá - PR, 87065-160, Brazil",+55 800 702 4650,Google Places
,Medika,https://www.medika.com.br/,,,,,,New Lead,,,,,,,,,,,4.5,,,,False,False,False,True,30,0,0,4.5,Complete,"R. Aleomar Baleeiro, 15 - Centro, Lagoa Santa - MG, 33230-124, Brazil",+55 31 3688-1901,Google Places
,Medical Health Rio,http://www.medicalhealthrio.com.br/,,,,,,New Lead,,,,,,,,,,,4.5,,,,False,False,False,True,30,0,0,4.5,Complete,"Av. José Silva de Azevedo Neto, 200 - Bloco 01/ Salas 401 e 402 - Escritório - Barra da Tijuca, Rio de Janeiro - RJ, 22775-056, Brazil",+55 21 2516-1177,Google Places
,OdontoCompany Schroeder,https://linktr.ee/odontocompany_schroeder,,,,,,New Lead,,,,,,,,,,,4.5,,,,True,False,False,True,18,180,0,4.5,Complete,"R. Mal. Castelo Branco, 3246 - Sl 03 - Centro, Schroeder - SC, 89275-000, Brazil",+55 47 99651-0116,Google Places
,Dental Brod - Loja de Produtos Odontológicos,https://dentalbrod.com.br/,,,,,,New Lead,,,,,,,,,,,4.5,,,,False,False,True,True,3,0,0,4.5,Complete,"R. Alfredo Marquardt, 107 - Saguaçu, Joinville - SC, 89221-290, Brazil",+55 47 3026-5547,Google Places
,OdontoCompany Blumenau - Itoupava,http://linktr.ee/odontocompany_itoupava,,,,,,New Lead,,,,,,,,,,,4.5,,,,True,False,False,True,18,180,0,4.5,Complete,"Rua Dr. Pedro Zimmermann, 6273 - sala 1 - Itoupava Central, Blumenau - SC, 89068-001, Brazil",+55 47 99172-5354,Google Places
40.0,FIRST LINE MEDICAL DEVICE S.A.,www.firstlinemedical.com.br,Dispositivos Médicos,,,2,ABIMO,Mapeado,,Agulhas; Seringas,,1.0,,0.0,1.0,2.0,-1.0,-2.0,3.0,,,,False,False,False,True,0,0,0,4.5,Complete,,,
,Nova Dental Center Comércio de Materiais Odontológicos,https://www.novadentalcenter.com.br/,,,,,,New Lead,,,,,,,,,,,4.5,,,,True,False,True,True,2,0,0,4.5,Complete,"Av. Mauro Ramos, 1533 - sl. 02 - Centro, Florianópolis - SC, 88020-302, Brazil",+55 48 3224-0579,Google Places
108.0,Becton Dickinson Brasil - BD,www.bd.com/pt-br,Dispositivos Médicos,,,3,ABIMO,Mapeado,,,,2.0,,2.0,2.0,1.0,-1.0,0.0,3.0,,,,False,False,False,True,0,0,0,4.5,Complete,,,
187.0,Intuitive,,Dispositivos Médicos,Belo Horizonte,MG,2,ABIMED,Mapeado,,Intuitive Surgical Brasil Importação e Comércio de Equipamentos Cirúrgicos Ltda,,4.0,,0.0,4.0,2.0,-1.0,1.0,4.5,,,,False,False,False,False,0,0,0,4.5,Pending,,,
,Hospfar Industria e Comércio de Produtos Hospitalares SA,http://www.hospfar.com.br/,,,,,,New Lead,,,,,,,,,,,4.5,,,,False,False,True,True,30,0,0,4.5,Complete,"R. 3, 975 - St. Morais, Goiânia - GO, 74620-385, Brazil",+55 62 3269-3500,Google Places
,"LíderMed Produtos e Serviços - Venda e manutenção de equipamentos médicos, odontológicos e laboratoriais.",http://www.lidermed.poa.br/,,,,,,New Lead,,,,,,,,,,,4.5,,,,True,False,False,True,0,0,0,4.5,Complete,"R. Ouro Preto, 722 - Jardim Floresta, Porto Alegre - RS, 91040-610, Brazil",+55 51 2312-5555,Google Places
,MKS Medical Technologies - Materiais Médicos,https://www.mksmed.com.br/,,,,,,New Lead,,,,,,,,,,,4.5,,,,True,False,False,True,0,0,0,4.5,Complete,"Av. Carlos Gomes, 466 - sala 1001 - Auxiliadora, Porto Alegre - RS, 90480-003, Brazil",+55 51 3779-2074,Google Places
173.0,Edwards Lifesciences,,Dispositivos Médicos,São Paulo,SP,2,ABIMED,Mapeado,,Edwards Lifesciences Comércio de Produtos Médico-Cirúrgicos Ltda,,4.0,,0.0,4.0,2.0,-1.0,1.0,4.5,,,,False,False,False,False,0,0,0,4.5,Pending,,,
,BS Medical Distribuidora Médico Hospitalar LTDA,http://bsmedical.com.br/,,,,,,New Lead,,,,,,,,,,,4.5,,,,True,False,False,True,5,0,0,4.5,Complete,"R. Dr. Américo Figueiredo, 1367 - Jardim Simus, Sorocaba - SP, 18055-132, Brazil",+55 15 3318-5781,Google Places
,Luimed Distribuidora,http://luimed.com.br/,,,,,,New Lead,,,,,,,,,,,4.5,,,,True,False,False,True,18,0,0,4.5,Complete,"Rua Willis Roberto Banks, 487 - Parque Maria Domitila, São Paulo - SP, 05128-000, Brazil",+55 11 3977-1777,Google Places
,Spine Implantes Importação e Exportação,http://www.spineimplantes.com.br/,,,,,,New Lead,,,,,,,,,,,4.5,,,,False,False,False,True,25,0,0,4.5,Complete,"R. 27, 1886 - Jardim Mirassol, Rio Claro - SP, 13503-140, Brazil",+55 19 3522-2260,Google Places
,VMI Médica - Fábrica de equipamentos de Raios X em Minas Gerais,http://www.vmimedica.com/,,,,,,New Lead,,,,,,,,,,,4.5,,,,True,False,False,True,0,0,0,4.5,Complete,"Alves da Silva - R. Pref. Eliseu Alves da Silva, 4000 - Distrito Industrial Genesco Aparecido De Oliveira, Lagoa Santa - MG, 33240-097, Brazil",+55 31 3370-3750,Google Places
,Contourline Equipamentos Médicos e Diagnósticos,https://contourline.com.br/,,,,,,New Lead,,,,,,,,,,,4.5,,,,False,False,False,True,0,45,0,4.5,Complete,"R. Joaquim Dias Drumond, 100 - Henrique Nery, Sete Lagoas - MG, 35700-333, Brazil",+55 31 3775-0709,Google Places
,Dental Fenix - Comércio de Material Odontológico,http://dentalfenix.com.br/,,,,,,New Lead,,,,,,,,,,,4.5,,,,True,False,True,True,2,0,0,4.5,Complete,"R. São Paulo, 1698 - Itoupava Seca, Blumenau - SC, 89012-001, Brazil",+55 47 3326-2919,Google Places
,Farmatex do Brasil | Importação e Distribuição de Produtos Hospitalares,http://www.farmatex.com.br/,,,,,,New Lead,,,,,,,,,,,4.5,,,,True,False,False,True,0,0,0,4.5,Complete,"Rua Roberto Ozório de Almeida, 1010 - Cidade Industrial de Curitiba, Curitiba - PR, 81460-110, Brazil",+55 41 3078-7760,Google Places
197.0,LumiraDX | DNEDX,,Dispositivos Médicos,Itapevi,SP,2,ABIMED,Mapeado,,DNEDX Comércio e Serviços para Produtos da Saúde Ltda,,2.0,,0.0,2.0,2.0,-1.0,0.0,4.0,,,,False,False,False,False,0,0,0,4.0,Pending,,,
184.0,Gusmed,,Dispositivos Médicos,Duque de Caxias,RJ,2,ABIMED,Mapeado,,Gusmed do Brasil Comércio e Locação de Produtos Médicos Ltda EPP,,1.0,,0.0,1.0,2.0,-1.0,0.0,4.0,,,,False,False,False,False,0,0,0,4.0,Pending,,,
180.0,Geistlich Biomaterials,,Dispositivos Médicos,São Paulo,SP,2,ABIMED,Mapeado,,Geistlich Pharma do Brasil Comércio de Serviços e Produtos para Saúde Ltda,,2.0,,0.0,2.0,2.0,-1.0,0.0,4.0,,,,False,False,False,False,0,0,0,4.0,Pending,,,
134.0,AMO Brasil,,Dispositivos Médicos,São Paulo,SP,2,ABIMED,Mapeado,,JJSV Produtos Óticos Ltda,,2.0,,0.0,2.0,2.0,-1.0,0.0,4.0,,,,False,False,False,False,0,0,0,4.0,Pending,,,
195.0,Line Life,,Dispositivos Médicos,São Paulo,SP,2,ABIMED,Mapeado,,Line Life Cardiovascular Comércio de Produtos Médicos Hospitalares Ltda,,2.0,,0.0,2.0,2.0,-1.0,0.0,4.0,,,,False,False,False,False,0,0,0,4.0,Pending,,,
188.0,JLMC Medical Group,,Dispositivos Médicos,Recife,PE,2,ABIMED,Mapeado,,JL Material Cirúrgico Ltda EPP,,2.0,,0.0,2.0,2.0,-1.0,0.0,4.0,,,,False,False,False,False,0,0,0,4.0,Pending,,,
198.0,Global Vita,,Dispositivos Médicos,São Paulo,SP,2,ABIMED,Mapeado,,Magip Comércio de Produtos Médicos e Hospitalares Ltda ME,,2.0,,0.0,2.0,2.0,-1.0,0.0,4.0,,,,False,False,False,False,0,0,0,4.0,Pending,,,
150.0,Biotech Brasil,,Dispositivos Médicos,São Paulo,SP,2,ABIMED,Mapeado,,Biotech Vision Care Oftalmologia Brasil Ltda,,8.0,9.0,5.0,8.0,2.0,-1.0,0.0,4.0,,,,False,False,False,False,0,0,0,4.0,Pending,,,
133.0,Aamed,,Dispositivos Médicos,São Paulo,SP,2,ABIMED,Mapeado,,Aamed Comércio de Equipamentos Eireli EPP,,8.0,7.0,2.0,8.0,2.0,-1.0,0.0,4.0,,,,False,False,False,False,0,0,0,4.0,Pending,,,
147.0,Biomed,,Dispositivos Médicos,Rio de Janeiro,RJ,2,ABIMED,Mapeado,,Biomed Equipamentos de Biomedidas Ltda,,8.0,9.0,5.0,8.0,2.0,-1.0,0.0,4.0,,,,False,False,False,False,0,0,0,4.0,Pending,,,
193.0,Leica Byosistems,,Dispositivos Médicos,São Paulo,SP,2,ABIMED,Mapeado,,Leica do Brasil Importação e Comércio Ltda,,2.0,,0.0,2.0,2.0,-1.0,0.0,4.0,,,,False,False,False,False,0,0,0,4.0,Pending,,,
192.0,ZimVie Brasil,,Dispositivos Médicos,Santo André,SP,2,ABIMED,Mapeado,,HIGHRIDGE MEDICAL BRASIL LTDA,,2.0,,0.0,2.0,2.0,-1.0,0.0,4.0,,,,False,False,False,False,0,0,0,4.0,Pending,,,
164.0,Coloplast,,Dispositivos Médicos,São Paulo,SP,2,ABIMED,Mapeado,,Coloplast do Brasil Ltda,,2.0,,0.0,2.0,2.0,-1.0,0.0,4.0,,,,False,False,False,False,0,0,0,4.0,Pending,,,
7.0,AUTO SUTURE DO BRASIL LTDA - COVIDIEN,www.covidien.com,Dispositivos Médicos,,,2,ABIMO,Mapeado,,Anestesia; Sistemas de ventilação; Aparelhos de oxigenoterapia; Aparelhos respiratórios /Acessórios; Bisturis Elétricos; Bombas de infusão; Dispositivos / Sistemas de monitoramento / Acessórios; Eletr,,3.0,,10.0,3.0,2.0,-1.0,0.0,4.0,,,,False,False,False,False,0,0,0,4.0,Pending,,,
172.0,E Tamussino,,Dispositivos Médicos,Rio de Janeiro,RJ,2,ABIMED,Mapeado,,E Tamussino & Cia Ltda,,2.0,,0.0,2.0,2.0,-1.0,0.0,4.0,,,,False,False,False,False,0,0,0,4.0,Pending,,,
139.0,Amplitude Latam,,Dispositivos Médicos,Rio Claro,SP,2,ABIMED,Mapeado,,Amplitude Latin América S.A.,,2.0,,0.0,2.0,2.0,-1.0,0.0,4.0,,,,False,False,False,False,0,0,0,4.0,Pending,,,
178.0,Farmarin,,Dispositivos Médicos,Guarulhos,SP,2,ABIMED,Mapeado,,Farmarin Indústria e Comércio Ltda,,1.0,,0.0,1.0,2.0,-1.0,0.0,4.0,,,,False,False,False,False,0,0,0,4.0,Pending,,,
132.0,Solventum,,Dispositivos Médicos,Sumaré,SP,2,ABIMED,Mapeado,,3M do Brasil Ltda,,6.0,7.0,5.0,6.0,2.0,-1.0,0.0,4.0,,,,False,False,False,False,0,0,0,4.0,Pending,,,
142.0,Auto Suture,,Dispositivos Médicos,São Paulo,SP,2,ABIMED,Mapeado,,Auto Suture do Brasil Ltda,,2.0,,0.0,2.0,2.0,-1.0,0.0,4.0,,,,False,False,False,False,0,0,0,4.0,Pending,,,
156.0,Brainlab,,Dispositivos Médicos,São Paulo,SP,2,ABIMED,Mapeado,,Brainlab Ltda,,2.0,,0.0,2.0,2.0,-1.0,0.0,4.0,,,,False,False,False,False,0,0,0,4.0,Pending,,,
155.0,Boston,,Dispositivos Médicos,São Paulo,SP,2,ABIMED,Mapeado,,Boston Scientific do Brasil Ltda,,2.0,,0.0,2.0,2.0,-1.0,0.0,4.0,,,,False,False,False,False,0,0,0,4.0,Pending,,,
154.0,Convatec Brasil,,Dispositivos Médicos,São Paulo,SP,2,ABIMED,Mapeado,,Convatec Brasil Ltda,,2.0,,0.0,2.0,2.0,-1.0,0.0,4.0,,,,False,False,False,False,0,0,0,4.0,Pending,,,
163.0,CMS,,Dispositivos Médicos,Aparecida de Goiânia,GO,2,ABIMED,Mapeado,,CMS Produtos Hospitalares Ltda,,2.0,,0.0,2.0,2.0,-1.0,0.0,4.0,,,,False,False,False,False,0,0,0,4.0,Pending,,,
145.0,Neusoft Medical Systems,,Dispositivos Médicos,São Paulo,SP,2,ABIMED,Mapeado,,Bio Imagem Comércio de Equipamentos Médicos e Hospitalares Ltda EPP,,1.0,,0.0,1.0,2.0,-1.0,0.0,4.0,,,,False,False,False,False,0,0,0,4.0,Pending,,,
152.0,Bausch Lomb,,Dispositivos Médicos,São Paulo,SP,2,ABIMED,Mapeado,,BL Indústria Ótica Ltda,,2.0,,0.0,2.0,2.0,-1.0,0.0,4.0,,,,False,False,False,False,0,0,0,4.0,Pending,,,
148.0,Biomédica,,Dispositivos Médicos,Brasília,DF,2,ABIMED,Mapeado,,Biomédica Equipamentos e Suprimentos Hospitalares Ltda,,8.0,9.0,5.0,8.0,2.0,-1.0,0.0,4.0,,,,False,False,False,False,0,0,0,4.0,Pending,,,
143.0,Hartmann,,Dispositivos Médicos,Barueri,SP,2,ABIMED,Mapeado,,Bace Comércio Internacional Ltda,,2.0,,0.0,2.0,2.0,-1.0,0.0,4.0,,,,False,False,False,False,0,0,0,4.0,Pending,,,
166.0,Coopervision,,Dispositivos Médicos,São Paulo,SP,2,ABIMED,Mapeado,,Coopervision do Brasil Ltda,,2.0,,0.0,2.0,2.0,-1.0,0.0,4.0,,,,False,False,False,False,0,0,0,4.0,Pending,,,
162.0,Telex,,Dispositivos Médicos,Rio de Janeiro,RJ,2,ABIMED,Mapeado,,Centro Auditivo Telex Ltda,,1.0,,0.0,1.0,2.0,-1.0,0.0,4.0,,,,False,False,False,False,0,0,0,4.0,Pending,,,
176.0,Eurosilicone,,Dispositivos Médicos,São Paulo,SP,2,ABIMED,Mapeado,,Eurosilicone Brasil Importação e Exportação Ltda,,2.0,,0.0,2.0,2.0,-1.0,0.0,4.0,,,,False,False,False,False,0,0,0,4.0,Pending,,,
157.0,Sinclair Pharma Brazil,,Dispositivos Médicos,São Paulo,SP,2,ABIMED,Mapeado,,Building Health Distribuidora de Produtos para a Saúde Ltda EPP,,2.0,,0.0,2.0,2.0,-1.0,0.0,4.0,,,,False,False,False,False,0,0,0,4.0,Pending,,,
124.0,Autocam Medical Brasil,,Dispositivos Médicos Usinados,São Paulo,SP,2,BiopharmGuy,Mapeado,,"Precision-machined medical devices, implants",,0.0,,0.0,0.0,2.0,-1.0,0.0,4.0,,,,False,False,False,False,0,0,0,4.0,Pending,,,
165.0,Contatti,,Dispositivos Médicos,Porto Alegre,RS,2,ABIMED,Mapeado,,Contatti Comércio e Representações Ltda,,1.0,,0.0,1.0,2.0,-1.0,0.0,4.0,,,,False,False,False,False,0,0,0,4.0,Pending,,,
168.0,Dabasons,,Dispositivos Médicos,São Paulo,SP,2,ABIMED,Mapeado,,Dabasons Importação Exportação e Comércio Ltda,,1.0,,0.0,1.0,2.0,-1.0,0.0,4.0,,,,False,False,False,False,0,0,0,4.0,Pending,,,
174.0,Elekta,,Dispositivos Médicos,São Paulo,SP,2,ABIMED,Mapeado,,Elekta Medical Systems Comércio e Serviços para Radioterapia Ltda,,1.0,,0.0,1.0,2.0,-1.0,0.0,4.0,,,,False,False,False,False,0,0,0,4.0,Pending,,,
194.0,Lima Corporate,,Dispositivos Médicos,Barueri,SP,2,ABIMED,Mapeado,,Lima do Brasil Ltda,,1.0,,0.0,1.0,2.0,-1.0,0.0,4.0,,,,False,False,False,False,0,0,0,4.0,Pending,,,
186.0,Hollister,,Dispositivos Médicos,São Paulo,SP,2,ABIMED,Mapeado,,Hollister do Brasil Ltda,,1.0,,0.0,1.0,2.0,-1.0,0.0,4.0,,,,False,False,False,False,0,0,0,4.0,Pending,,,
191.0,B Braun,,Dispositivos Médicos,São Gonçalo,RJ,2,ABIMED,Mapeado,,Laboratórios B Braun S.A.,,1.0,,0.0,1.0,2.0,-1.0,0.0,4.0,,,,False,False,False,False,0,0,0,4.0,Pending,,,
137.0,Livanova Brasil,,Dispositivos Médicos,São Paulo,SP,2,ABIMED,Mapeado,,Livanova Brasil Com e Distrib Equip Medico-Hospitalar LTDA,,2.0,,0.0,2.0,2.0,-1.0,0.0,4.0,,,,False,False,False,False,0,0,0,4.0,Pending,,,
185.0,H. Strattner,,Dispositivos Médicos,Rio de Janeiro,RJ,2,ABIMED,Mapeado,,H Strattner & Cia Ltda,,1.0,,0.0,1.0,2.0,-1.0,0.0,4.0,,,,False,False,False,False,0,0,0,4.0,Pending,,,
183.0,Guerbet,,Dispositivos Médicos,São Paulo,SP,2,ABIMED,Mapeado,,Guerbet Imagem do Brasil Ltda,,1.0,,0.0,1.0,2.0,-1.0,0.0,4.0,,,,False,False,False,False,0,0,0,4.0,Pending,,,
179.0,Fujifilm,,Dispositivos Médicos,São Paulo,SP,2,ABIMED,Mapeado,,Fujifilm do Brasil Ltda,,1.0,,0.0,1.0,2.0,-1.0,0.0,4.0,,,,False,False,False,False,0,0,0,4.0,Pending,,,
196.0,Linet do Brasil,,Dispositivos Médicos,São Paulo,SP,2,ABIMED,Mapeado,,Linet do Brasil Comércio Importação e Exportação,,2.0,,0.0,2.0,2.0,-1.0,0.0,4.0,,,,False,False,False,False,0,0,0,4.0,Pending,,,
181.0,Glaukos,,Dispositivos Médicos,São Paulo,SP,2,ABIMED,Mapeado,,Glaukos Produtos Médicos Ltda,,2.0,,0.0,2.0,2.0,-1.0,0.0,4.0,,,,False,False,False,False,0,0,0,4.0,Pending,,,
182.0,GN Resound Aparelhos Auditivos,,Dispositivos Médicos,São Paulo,SP,2,ABIMED,Mapeado,,GN Resound Produtos Médicos Ltda,,1.0,,0.0,1.0,2.0,-1.0,0.0,4.0,,,,False,False,False,False,0,0,0,4.0,Pending,,,
171.0,Drager,,Dispositivos Médicos,Barueri,SP,2,ABIMED,Mapeado,,Drager Indústria e Comércio Ltda,,2.0,,0.0,2.0,2.0,-1.0,0.0,4.0,,,,False,False,False,False,0,0,0,4.0,Pending,,,
135.0,Accumed,,Dispositivos Médicos,Duque de Caxias,RJ,2,ABIMED,Mapeado,,Accumed Produtos Médico-Hospitalares Ltda,,4.0,,0.0,4.0,2.0,-1.0,0.0,4.0,,,,False,False,False,False,0,0,0,4.0,Pending,,,
175.0,Emergo,,Dispositivos Médicos,São Paulo,SP,2,ABIMED,Mapeado,,Emergo Brasil Import Importação e Distribuição de Produtos Médicos Hospitalares Ltda,,4.0,,0.0,4.0,2.0,-1.0,0.0,4.0,,,,False,False,False,False,0,0,0,4.0,Pending,,,
200.0,Getinge do Brasil,,Dispositivos Médicos,São Paulo,SP,2,ABIMED,Mapeado,,Getinge do Brasil Equipamentos Médicos Ltda,,6.0,7.0,5.0,6.0,2.0,-1.0,0.0,4.0,,,,False,False,False,False,0,0,0,4.0,Pending,,,
177.0,Blowtex,,Dispositivos Médicos,São Paulo,SP,2,ABIMED,Mapeado,,Fábrica de Artefatos de Látex Blowtex Ltda,,1.0,,0.0,1.0,2.0,-1.0,0.0,4.0,,,,False,False,False,False,0,0,0,4.0,Pending,,,
146.0,Biodina,,Dispositivos Médicos,Niterói,RJ,2,ABIMED,Mapeado,,Biodina Instrumentos Científicos Ltda,,1.0,,0.0,1.0,2.0,-1.0,0.0,4.0,,,,False,False,False,False,0,0,0,4.0,Pending,,,
136.0,Accuray,,Dispositivos Médicos,Barueri,SP,2,ABIMED,Mapeado,,Accuray Brasil Comércio Importação e Exportação de Equipamentos Médicos Ltda,,3.0,,0.0,3.0,2.0,-1.0,0.0,4.0,,,,False,False,False,False,0,0,0,4.0,Pending,,,
170.0,Dermalis,,Dispositivos Médicos,Rio de Janeiro,RJ,2,ABIMED,Mapeado,,Dermalis Distribuidora de Produtos para Saúde Ltda,,4.0,,0.0,4.0,2.0,-1.0,0.0,4.0,,,,False,False,False,False,0,0,0,4.0,Pending,,,
190.0,Karl Storz,,Dispositivos Médicos,São Paulo,SP,2,ABIMED,Mapeado,,Karl Storz Endoscopia Brasil Ltda,,4.0,,0.0,4.0,2.0,-1.0,0.0,4.0,,,,False,False,False,False,0,0,0,4.0,Pending,,,
144.0,Bard,,Dispositivos Médicos,São Paulo,SP,2,ABIMED,Mapeado,,Bard Brasil Indústria e Comércio de Produtos para Saúde Ltda,,2.0,,0.0,2.0,2.0,-1.0,0.0,4.0,,,,False,False,False,False,0,0,0,4.0,Pending,,,
141.0,Autentica,,Dispositivos Médicos,Niterói,RJ,2,ABIMED,Mapeado,,"Autentica Medical Importação, Comércio e Serviços Ltda ME",,3.0,,0.0,3.0,2.0,-1.0,0.0,4.0,,,,False,False,False,False,0,0,0,4.0,Pending,,,
199.0,Mandala Brasil,,Dispositivos Médicos,São Paulo,SP,2,ABIMED,Mapeado,,Mandala Brasil Importação e Distribuição de Produto Médico Hospitalar Ltda ME,,4.0,,0.0,4.0,2.0,-1.0,0.0,4.0,,,,False,False,False,False,0,0,0,4.0,Pending,,,
161.0,CEI,,Dispositivos Médicos,Rio de Janeiro,RJ,2,ABIMED,Mapeado,,CEI Comércio Exportação Importação de Materiais Médicos Ltda,,4.0,,0.0,4.0,2.0,-1.0,0.0,4.0,,,,False,False,False,False,0,0,0,4.0,Pending,,,
160.0,Carl Zeiss,,Dispositivos Médicos,São Paulo,SP,2,ABIMED,Mapeado,,Carl Zeiss do Brasil Ltda,,3.0,,0.0,3.0,2.0,-1.0,0.0,4.0,,,,False,False,False,False,0,0,0,4.0,Pending,,,
29.0,DKT DO BRASIL PRODUTOS DE USO PESSOAL LTDA,www.dkt.com.br,Dispositivos Médicos,,,2,ABIMO,Mapeado,,Contraceptivos; Gel e outros produtos químicos; Materiais ginecológicos; Dispositivo intra uterino,,1.0,,0.0,1.0,2.0,-1.0,0.0,4.0,,,,False,False,False,False,0,0,0,4.0,Pending,,,
159.0,Canon Medical,,Dispositivos Médicos,Barueri,SP,2,ABIMED,Mapeado,,Canon Medical Systems do Brasil Ltda,,4.0,,0.0,4.0,2.0,-1.0,0.0,4.0,,,,False,False,False,False,0,0,0,4.0,Pending,,,
153.0,Blumedical,,Dispositivos Médicos,Curitiba,PR,2,ABIMED,Mapeado,,Blumedical Group Comércio de Produtos para Saúde Ltda,,4.0,,0.0,4.0,2.0,-1.0,0.0,4.0,,,,False,False,False,False,0,0,0,4.0,Pending,,,
158.0,Canada Trade,,Dispositivos Médicos,Porto Alegre,RS,2,ABIMED,Mapeado,,Canada Central de Negócios do Brasil Ltda,,2.0,,0.0,2.0,2.0,-1.0,0.0,4.0,,,,False,False,False,False,0,0,0,4.0,Pending,,,
,Sterilex Científica,http://www.sterilex.com.br/,,,,,,New Lead,,,,,,,,,,,3.5,,,,False,False,False,True,24,0,0,3.5,Complete,"R. Dr. João Batista de Lacerda, 168 - Quarta Parada, São Paulo - SP, 03177-010, Brazil",+55 11 2606-5349,Google Places
,Premium Medical Soluções em Imagem,http://www.premiumortopedia.com.br/,,,,,,New Lead,,,,,,,,,,,3.5,,,,False,False,False,True,0,0,0,3.5,Complete,"R. Dr. Abelardo Vergueiro César, 526 - Vila Alexandria, São Paulo - SP, 04635-080, Brazil",+55 11 94143-8840,Google Places
,Dental Cremer Lab,https://www.dentalcremer.com.br/laboratorio,,,,,,New Lead,,,,,,,,,,,3.5,,,,False,False,False,True,70,0,0,3.5,Complete,"Torre 1 - Av. Anita Garibaldi, 850 - Cjto. 704 - Cabral, Curitiba - PR, 80540-180, Brazil",+55 800 727 0568,Google Places
,ODONTO LIMA ASSISTÊNCIA TÉCNICA,https://www.facebook.com/odontolimaat,,,,,,New Lead,,,,,,,,,,,3.5,,,,True,False,False,True,0,0,0,3.5,Complete,"R. Conselheiro Dantas, 85 - Prado Velho, Curitiba - PR, 80220-190, Brazil",+55 41 3077-2537,Google Places
,Distribuidora BRASIL,http://www.distribuidorabrasilmed.com.br/,,,,,,New Lead,,,,,,,,,,,3.5,,,,False,False,False,True,0,0,0,3.5,Complete,"Rua MP 06, Qd 16-A Lote 01 304 - Residencial Marília, Sen. Canedo - GO, 75250-000, Brazil",+55 62 3565-1600,Google Places
,Material Hospitalar,http://www.pracadomedico.com.br/,,,,,,New Lead,,,,,,,,,,,3.5,,,,True,False,False,True,0,0,0,3.5,Complete,"Estr. dos Bandeirantes, 7879 - Jacarepaguá, Rio de Janeiro - RJ, 22780-085, Brazil",+55 21 99685-4767,Google Places
,Mastertec Assistência Técnica odontológica autorizada Dabi Atlante/Saevo,http://www.odontomastertec.com.br/,,,,,,New Lead,,,,,,,,,,,3.5,,,,False,False,False,True,0,0,0,3.5,Complete,"Rua Aviador Armim Buhrer - 332 - Uberaba, Curitiba - PR, 81560-540, Brazil",+55 41 3501-3516,Google Places
,Ótima,http://otimaindustria.com.br/,,,,,,New Lead,,,,,,,,,,,3.5,,,,False,False,False,True,0,0,0,3.5,Complete,"Av. Maria Servidei Demarchi, 2405 – São Bernardo do Campo / SP – CEP: - Demarchi, São Bernardo do Campo - SP, 09820-000, Brazil",+55 11 2897-5200,Google Places
,Globomedical Implantes Médicos Importados,https://www.globomedical.com.br/,,,,,,New Lead,,,,,,,,,,,3.5,,,,False,False,False,True,20,0,0,3.5,Complete,"Rua Lincoln Albuquerque, 259 - Perdizes, São Paulo - SP, 05004-010, Brazil",+55 11 3862-4427,Google Places
,Mag SD Implantes,http://www.magimplantes.com.br/,,,,,,New Lead,,,,,,,,,,,3.5,,,,False,False,False,True,24,0,0,3.5,Complete,"Av. Expedito Quartieri, 1440 - Jardim Sbeghen, Mogi Mirim - SP, 13802-100, Brazil",+55 19 3805-9292,Google Places
,CA MEDICAL,http://www.camedical.com.br/,,,,,,New Lead,,,,,,,,,,,3.5,,,,False,False,False,True,0,0,0,3.5,Complete,"R. Xavier da Silveira, 40 - loja D - Copacabana, Rio de Janeiro - RJ, 22061-010, Brazil",+55 21 98454-9740,Google Places
,Casa Médica,http://www.casamedica.com.br/,,,,,,New Lead,,,,,,,,,,,3.5,,,,False,False,False,True,40,0,0,3.5,Complete,"R. Sen. Souza Naves, 1550 - Centro, Londrina - PR, 86010-160, Brazil",+55 43 3378-8888,Google Places
,Ortosintese | Divisão Ortopedia,http://www.ortosintese.com.br/,,,,,,New Lead,,,,,,,,,,,3.5,,,,False,False,False,True,0,0,0,3.5,Complete,"Av. Nelson Palma Travassos, 651 - Lot. City Jaragua, São Paulo - SP, 02998-000, Brazil",+55 11 3948-4000,Google Places
,Libertae Medical Tech Ltda,https://libertaemedicaltech.kicatalogo.com/?fbclid=PAb21jcANPrI9leHRuA2FlbQIxMQABp6PC-f1qRRzm8rn1vrIxlY3xDlPxJPX-pHOnUJ7ydku9xaQKrwlVVo1enm-8_aem_Eg7CJnl0WBVCfPFrZ-w9fw,,,,,,New Lead,,,,,,,,,,,3.5,,,,False,False,False,True,0,0,0,3.5,Complete,"R. José Dale, 116 - Centro, Paraopeba - MG, 35774-000, Brazil",+55 31 99710-5254,Google Places
,Biomedical Equipamentos e Produtos Médico-Cirúrgicos,http://www.bio.com.br/,,,,,,New Lead,,,,,,,,,,,3.5,,,,False,False,False,True,45,0,0,3.5,Complete,"Av. Amador Aguiar, 1500 - Conj. City Jaragua, São Paulo - SP, 02998-020, Brazil",+55 11 3944-5555,Google Places
,Vivare Consultórios Integrados,https://www.vivareconsultorios.com.br/,,,,,,New Lead,,,,,,,,,,,3.5,,,,True,False,False,True,0,0,0,3.5,Complete,"R. Arthur Max Doose, 153 - SL 802 - Pioneiros, Balneário Camboriú - SC, 88331-085, Brazil",+55 47 99284-7000,Google Places
,Maximed Sul Comércio de Produtos Médico-Hospitalares Ltda,https://www.maximedsul.com.br/,,,,,,New Lead,,,,,,,,,,,3.5,,,,False,False,False,True,20,0,0,3.5,Complete,"Av. Amazonas, 1411 - São Geraldo, Porto Alegre - RS, 90240-542, Brazil",+55 51 3342-0002,Google Places
,Abimade Produtos Médicos para Ortopedia (tratamento da dor),http://abimade.com.br/,,,,,,New Lead,,,,,,,,,,,3.5,,,,False,False,False,True,10,0,0,3.5,Complete,"R. Avencas, 74 - Recanto Sombra do Ipê, Santana de Parnaíba - SP, 06513-212, Brazil",+55 11 4622-7555,Google Places
,Dental Prótese Comércio de Materiais Odontológicos,https://www.dentalprotese.com.br/,,,,,,New Lead,,,,,,,,,,,3.5,,,,False,False,False,True,0,0,0,3.5,Complete,"R. José Jaques, 96 - Centro, Florianópolis - SC, 88020-080, Brazil",+55 800 223 0400,Google Places
,Easelabs Indústria Farmacêutica,https://easelabspharma.com.br/,,,,,,New Lead,,,,,,,,,,,3.5,,,,False,False,False,True,0,0,0,3.5,Complete,"Av. Waldomiro Lobo, 641 - São Bernardo, Belo Horizonte - MG, 31814-620, Brazil",+55 800 301 5489,Google Places
,Dental Implant Technologies,https://dit-usa.com/,,,,,,New Lead,,,,,,,,,,,3.5,,,,False,False,False,True,7,0,0,3.5,Complete,"9414 E San Salvador Dr #112, Scottsdale, AZ 85258, USA",+1 800-452-0582,Google Places
,KARL STORZ Endoscopia Brasil Ltda.,https://www.karlstorz.com/,,,,,,New Lead,,,,,,,,,,,3.5,,,,False,False,False,True,80,0,0,3.5,Complete,"Av. Dr. Chucri Zaidan, 1240 - 12º andar - Vila Sao Francisco (Zona Sul), São Paulo - SP, 04711-130, Brazil",+55 11 3526-4600,Google Places
,3Shape Brazil,https://www.3shape.com/,,,,,,New Lead,,,,,,,,,,,3.5,,,,True,False,False,True,0,0,0,3.5,Complete,"Av. das Nações Unidas, 12.399 - cj.101B - Cidade Monções, São Paulo - SP, 04758-000, Brazil",+55 11 3596-3879,Google Places
,DSP Biomedical,https://dspbiomedical.com/,,,,,,New Lead,,,,,,,,,,,3.5,,,,False,False,False,True,25,20,0,3.5,Complete,"R. Mal. Floriano Peixoto, 303 - Ouro Verde II, Campo Largo - PR, 83606-200, Brazil",+55 800 600 8866,Google Places
,Qualidental,http://www.qualidental.com.br/,,,,,,New Lead,,,,,,,,,,,3.5,,,,False,False,False,True,20,0,0,3.5,Complete,"R. Jacarezinho, 734 - Mercês, Curitiba - PR, 80710-150, Brazil",+55 41 3319-9381,Google Places
,Dental JS Brasil - Produtos Odontológicos,http://www.jsdental.com.br/,,,,,,New Lead,,,,,,,,,,,3.5,,,,False,False,False,True,40,0,0,3.5,Complete,"R. Schiller, 1060 - Alto da XV, Curitiba - PR, 80040-160, Brazil",+55 41 3076-7679,Google Places
,Olsen Indústria e Comércio,http://www.olsen.odo.br/,,,,,,New Lead,,,,,,,,,,,3.5,,,,False,False,False,True,0,100,0,3.5,Complete,"CEIP | Centro Empresarial e Industrial - Rua Romalino João da Rosa - Jardim Eldorado, Palhoça - SC, 88133-516, Brazil",+55 48 2106-6000,Google Places
,VMG Farmacêutica,https://vmgfarmaceutica.com.br/,,,,,,New Lead,,,,,,,,,,,3.5,,,,False,False,False,True,0,0,0,3.5,Complete,"R. Caetano Pirri, 520 - Milionários, Belo Horizonte - MG, 30620-070, Brazil",+55 31 3115-6120,Google Places
,Santa Clara - Comércio de Produtos Odontológicos LTDA,http://www.dentalsantaclara.com.br/,,,,,,New Lead,,,,,,,,,,,3.5,,,,False,False,False,True,2,0,0,3.5,Complete,"Ed Santa Clara - R. Augusto dos Anjos, 233 - Pio Corrêa, Criciúma - SC, 88811-560, Brazil",+55 48 3447-0300,Google Places
,Bone Surgical Equipamentos Médicos Eireli,https://bonesurgical.com.br/,,,,,,New Lead,,,,,,,,,,,3.5,,,,False,False,False,True,10,33,0,3.5,Complete,"Av. Angélica, 2346 - 9° Andar - Consolação, São Paulo - SP, 01228-200, Brazil",+55 11 5904-0215,Google Places
,Saga Medição,http://sagamedicao.com.br/,,,,,,New Lead,,,,,,,,,,,3.5,,,,False,False,False,True,0,0,0,3.5,Complete,"Rodovia BR 135 Nº 1456 - Quadra 02 - Bocaiúva, MG, 39390-000, Brazil",+55 38 3251-1666,Google Places
84.0,SmartWalk,,Dispositivos Reabilitação,,,3,F6S,Mapeado,,,,1.0,,0.0,1.0,1.0,-1.0,0.0,3.0,,,,False,False,False,False,0,0,0,3.0,Pending,,,
,Oximil Oxigênio Minas Gerais,http://www.oximil.com.br/,,,,,,New Lead,,,,,,,,,,,3.0,,,,False,False,False,False,26,0,0,3.0,Complete,"Avenida das industrias, 1000 - Distrito Industrial de Ibirite, Ibirité - MG, 32400-000, Brazil",+55 31 3385-6268,Google Places
81.0,Brain4Care,,Dispositivos Neurológicos,São Paulo,SP,3,F6S,Mapeado,,,,4.0,,5.0,4.0,1.0,-1.0,0.0,3.0,,,,False,False,False,False,0,0,0,3.0,Pending,,,
83.0,Phelcom Technologies,,Dispositivos Diagnóstico,,,3,F6S,Mapeado,,,,2.0,,0.0,2.0,1.0,-1.0,0.0,3.0,,,,False,False,False,False,0,0,0,3.0,Pending,,,
89.0,Baxter Brasil,,Dispositivos Médicos,,,3,Ensun,Mapeado,,,,5.0,,5.0,5.0,1.0,-1.0,0.0,3.0,,,,False,False,False,False,0,0,0,3.0,Pending,,,
,TECH MINAS,https://www.techminas.com/,,,,,,New Lead,,,,,,,,,,,2.5,,,,False,False,False,True,0,0,0,2.5,Complete,"R. Barão de Leopoldina, 351 - Alto dos Pinheiros, Belo Horizonte - MG, 30530-080, Brazil",+55 31 3376-2638,Google Places
,Medictech Ind.e Comércio,http://www.medictech.com.br/,,,,,,New Lead,,,,,,,,,,,2.5,,,,False,False,False,True,0,0,0,2.5,Complete,"Rua Maria Gomes de Almeida, 112 - Planalto, Belo Horizonte - MG, 31730-685, Brazil",+55 31 99628-9958,Google Places
,Advanced – Indústria Médica,https://advancedmedical.com.br/contato/,,,,,,New Lead,,,,,,,,,,,2.5,,,,False,False,False,True,0,0,0,2.5,Complete,"R. Gracyra Resse de Gouvêia, 1525 - Dom I. Jardim Piemonte / Norte, Betim - MG, 32689-372, Brazil",+55 31 3146-5811,Google Places
,Ocx Implantes,http://ocximplantes.com.br/,,,,,,New Lead,,,,,,,,,,,2.5,,,,False,False,False,True,0,0,0,2.5,Complete,"R. João Pacheco, 89 - Luz, São Paulo - SP, 01107-030, Brazil",+55 11 4306-4274,Google Places
,Manancial Medical,https://www.manancialmedical.com.br/,,,,,,New Lead,,,,,,,,,,,2.5,,,,False,False,False,True,0,0,0,2.5,Complete,"R. Sr. do Bonfim, 929 - Santa Maria, Vespasiano - MG, 33205-230, Brazil",+55 31 3991-0184,Google Places
,Pé de Apoio - Dr. Flores 01,http://www.pedeapoio.com.br/,,,,,,New Lead,,,,,,,,,,,2.5,,,,False,False,False,True,0,0,0,2.5,Complete,"R. Dr. Flores, 348 - Centro Histórico, Porto Alegre - RS, 90020-121, Brazil",+55 51 3019-2222,Google Places
,Ortocir Ortopedia Cirurgia,http://www.ortocir.com.br/,,,,,,New Lead,,,,,,,,,,,2.5,,,,False,False,False,True,0,0,0,2.5,Complete,"R. Itapicuru, 937 - Perdizes, São Paulo - SP, 05006-000, Brazil",+55 11 3674-6786,Google Places
,Medihosp - Distribuidora de materiais Médico- Hospitalares Ltda.,http://medihosp.com.br/,,,,,,New Lead,,,,,,,,,,,2.5,,,,False,False,False,True,0,0,0,2.5,Complete,"Rua Robert Bosch, 315 - Parque Industrial Tomas Edson, São Paulo - SP, 01141-010, Brazil",+55 11 2501-6272,Google Places
,Sanit CPAP e Produtos para Saúde,https://www.sanitservicos.com.br/,,,,,,New Lead,,,,,,,,,,,2.5,,,,False,False,False,True,0,0,0,2.5,Complete,"R. Santa Rita, 184 - Floresta, Porto Alegre - RS, 90220-220, Brazil",+55 51 3398-8646,Google Places
,Medicalmed,http://www.medicalmed.com.br/,,,,,,New Lead,,,,,,,,,,,2.5,,,,False,False,False,True,0,0,0,2.5,Complete,"Av. Pará, 1125 - Navegantes, Porto Alegre - RS, 90240-590, Brazil",+55 51 3026-5636,Google Places
,Isaclin Hospital de Clínicas - Produtos Hospitalares,http://isaclin.com.br/,,,,,,New Lead,,,,,,,,,,,2.5,,,,False,False,False,True,0,0,0,2.5,Complete,"R. Ramiro Barcelos, 2093 - Santana, Porto Alegre - RS, 90035-007, Brazil",+55 51 99984-0872,Google Places
,Quallys - Products for Health and Quality of Life,http://www.espacoquallys.com.br/,,,,,,New Lead,,,,,,,,,,,2.5,,,,False,False,False,True,0,0,0,2.5,Complete,"Av. Wenceslau Escobar, 1838 - Tristeza, Porto Alegre - RS, 90035-075, Brazil",+55 51 3110-8690,Google Places
,"HS Med - Aparelhos de Estética e Fisioterapia. Loja Oficial: Ibramed, KLD, Medical San, MM Optics, Cecbra, Fismatek, Tonederm",https://www.hsmed.com.br/,,,,,,New Lead,,,,,,,,,,,2.5,,,,False,False,False,True,0,0,0,2.5,Complete,"Av. Getúlio Vargas, 1020 - Menino Deus, Porto Alegre - RS, 90150-002, Brazil",+55 11 95222-2728,Google Places
,OdontoCompany Balneário Barra do Sul,https://linktr.ee/odontocompany.bbs,,,,,,New Lead,,,,,,,,,,,2.5,,,,True,False,False,True,18,0,0,2.5,Complete,"Av. Jaraguá do Sul, 563 - Costeira, Balneário Barra do Sul - SC, 89247-000, Brazil",+55 47 3407-1753,Google Places
,CPAPS - Porto Alegre,https://materiais.cpaps.com.br/porto-alegre,,,,,,New Lead,,,,,,,,,,,2.5,,,,False,False,False,True,0,0,0,2.5,Complete,"R. Quintino Bocaiúva, 954 - Floresta, Porto Alegre - RS, 90440-050, Brazil",+55 51 98116-5986,Google Places
,Jurerê Medical Center- Clínica de Saúde e Bem Estar- Coworking,http://www.jureremedical.com.br/,,,,,,New Lead,,,,,,,,,,,2.5,,,,False,False,False,True,0,0,0,2.5,Complete,"Rodovia Jornalista Maurício Sirotski Sobrinho, 5145 - Jurerê, Florianópolis - SC, 88053-700, Brazil",+55 48 3028-1030,Google Places
,Corbari Centro de Odontologia Especializada | Dentista em Gaspar,https://corbariodontologia.com.br/,,,,,,New Lead,,,,,,,,,,,2.5,,,,False,False,False,True,18,0,0,2.5,Complete,"R. Doralício García, 163 - Centro, Gaspar - SC, 89110-013, Brazil",+55 47 98810-0928,Google Places
,OdontoBlumenau,https://campanhas.opsolucoesdigitais.com.br/odonto-blumenau-implantes-dentarios,,,,,,New Lead,,,,,,,,,,,2.5,,,,False,False,False,True,0,0,0,2.5,Complete,"R. XV de Novembro, 866 - Centro, Blumenau - SC, 89010-000, Brazil",+55 47 99164-1110,Google Places
,Loja Helfer Distribuidora de Suprimentos Corporativos,https://www.helferlojavirtual.com.br/,,,,,,New Lead,,,,,,,,,,,2.5,,,,False,False,False,True,15,0,0,2.5,Complete,"R. Souza Lôbo, 446 - Vila Jardim, Porto Alegre - RS, 91320-320, Brazil",+55 51 3024-8811,Google Places
,Carolina Periodontics and Dental Implants,https://carolinaperioandimplants.com/,,,,,,New Lead,,,,,,,,,,,2.5,,,,False,False,False,True,0,0,0,2.5,Complete,"233 E Blackstock Rd Ste D, Spartanburg, SC 29301, USA",+1 864-586-5004,Google Places
,Titan Implants Inc,http://www.titanimplants.com/,,,,,,New Lead,,,,,,,,,,,2.5,,,,False,False,False,True,0,0,0,2.5,Complete,"18 Columbia Ave, Bergenfield, NJ 07621, USA",+1 201-439-0470,Google Places
,Top Med Importação E Distribuição,http://www.topmedbrasil.com.br/,,,,,,New Lead,,,,,,,,,,,2.5,,,,False,False,False,True,15,0,0,2.5,Complete,"Metropolitan Mall - Av. Dep. Jamel Cecílio, 2690 - Andar 27, Sala 2705 - Jardim Goiás, Goiânia - GO, 74810-100, Brazil",+55 62 3642-9440,Google Places
,Brazil Health,http://www.brazilh.com.br/,,,,,,New Lead,,,,,,,,,,,2.5,,,,False,False,False,True,0,0,0,2.5,Complete,"R. Lino Luiz da Silva, 208 - Sertão do Maruim, São José - SC, 88122-075, Brazil",+55 48 99117-2309,Google Places
,VR Medical Importadora e Distribuidora de Produtos Médicos,https://www.vrmedical.com.br/,,,,,,New Lead,,,,,,,,,,,2.5,,,,False,False,False,True,0,0,0,2.5,Complete,"Edifício Garden Office - R. Batataes, 391 - Jardim Paulista, São Paulo - SP, 01423-010, Brazil",+55 11 3884-1976,Google Places
,DISTRIBUIDORA MATMED HOSPITALAR,https://www.matmedhospitalar.com/,,,,,,New Lead,,,,,,,,,,,2.5,,,,False,False,False,True,0,0,0,2.5,Complete,"Av. Antônio Sales, 913 - Joaquim Távora (Fortaleza), Fortaleza - CE, 60135-101, Brazil",+55 85 99827-0053,Google Places
,MEDCOM - Distribuidora de Medicamentos e Materiais Hospitalares,http://www.medcom.net.br/,,,,,,New Lead,,,,,,,,,,,2.5,,,,False,False,False,True,0,0,0,2.5,Complete,"R. da Gávea, 547 - Vila Maria, São Paulo - SP, 02121-020, Brazil",+55 11 2628-7867,Google Places
,Vital Hospital Comercial Ltda,http://www.vitalhospitalar.com.br/,,,,,,New Lead,,,,,,,,,,,2.5,,,,False,False,False,True,0,0,0,2.5,Complete,"R. Victorino, 207 - Galpão 06 - Jardim Mutinga, Barueri - SP, 06463-290, Brazil",+55 11 94778-2850,Google Places
,Medic Distribuidora de Equipamentos Médicos Ltda.,http://www.medic.com.br/,,,,,,New Lead,,,,,,,,,,,2.5,,,,False,False,False,True,0,0,0,2.5,Complete,"Av. Cel. Fernando Ferreira Leite, 1.520 - Sala 1212 - Jardim Nova Alianca, Ribeirão Preto - SP, 14026-020, Brazil",+55 16 3289-8272,Google Places
,FM Hospitalar Distribuidora,https://www.fmhospitalar.com.br/,,,,,,New Lead,,,,,,,,,,,2.5,,,,False,False,False,True,0,0,0,2.5,Complete,"R. Pedro José Lorenzini, 207 - Centro, São Caetano do Sul - SP, 09521-070, Brazil",+55 11 2897-8023,Google Places
,Dente Pró Inglesess,https://dentepro.com.br/,,,,,,New Lead,,,,,,,,,,,2.5,,,,False,False,False,True,0,0,0,2.5,Complete,"Rod. Armando Calil Bulos, 6055 - Ingleses do Rio Vermelho, Florianópolis - SC, 88058-001, Brazil",+55 48 3380-5210,Google Places
,Dental Speed ​​Graph,https://www.dentalspeed.com/,,,,,,New Lead,,,,,,,,,,,2.5,,,,False,False,False,True,0,0,0,2.5,Complete,"R. Sen. Carlos Gomes de Oliveira, 800 - Galpão 04 - Distrito Industrial, São José - SC, 88104-785, Brazil",+55 800 701 6870,Google Places
,BNP Health Market,http://www.lojabnp.com.br/,,,,,,New Lead,,,,,,,,,,,2.5,,,,False,False,False,True,0,0,0,2.5,Complete,"R. Brig. Franco, 3598 - Loja 01 - Água Verde, Curitiba - PR, 80250-042, Brazil",+55 41 3011-2337,Google Places
,Arthrex Do Brasil,https://www.arthrex.com/pt,,,,,,New Lead,,,,,,,,,,,2.5,,,,False,False,False,False,0,0,0,2.5,Complete,"Av. Paulista, 2064/2086 - 10º andar - Edifício Paulista, São Paulo - SP, 01310-928, Brazil",+55 11 4130-8950,Google Places
,Promedix Produtos Medicos Hospitalares Ltda,http://medix.ind.br/,,,,,,New Lead,,,,,,,,,,,2.5,,,,False,False,False,True,10,0,0,2.5,Complete,"R. Ana Maria, 39 - Serraria, Diadema - SP, 09981-470, Brazil",+55 11 2375-0331,Google Places
,Seguard - Fabricação de Materiais Odonto Médico-Hospitalares Descartáveis,https://seguard.com.br/,,,,,,New Lead,,,,,,,,,,,2.5,,,,False,False,False,True,0,0,0,2.5,Complete,"Rua 21 Qd 21 Lt23 - St. Mal. Rondon, Goiânia - GO, 74560-210, Brazil",+55 62 3251-0100,Google Places
,Pratik Medical Comercio e Representação LTDA,http://www.pratikmedical.com.br/,,,,,,New Lead,,,,,,,,,,,2.5,,,,False,False,False,True,0,0,0,2.5,Complete,"R. Campos Salles, 270 - Boa Vista, São José do Rio Preto - SP, 15025-600, Brazil",+55 17 3301-2001,Google Places
,JNS Produtos Médicos,https://jnsbrasil.com.br/?utm_source=google&utm_medium=organic&utm_campaign=gmb-info,,,,,,New Lead,,,,,,,,,,,2.5,,,,False,False,False,True,0,0,0,2.5,Complete,"R. Pedro Alves, 158 - Santo Cristo, Rio de Janeiro - RJ, 20220-281, Brazil",+55 21 2233-6996,Google Places
,ForteCare Indústria de Produtos Médicos LTDA,http://www.fortecare.com.br/,,,,,,New Lead,,,,,,,,,,,2.5,,,,False,False,False,True,0,0,0,2.5,Complete,"Tv. Pedro Pok, 570 - Guaraituba, Colombo - PR, 83411-000, Brazil",+55 41 3888-4466,Google Places
,Dabi Atlante Curitiba | VASPJ Equipamentos,http://www.vaspj.com.br/,,,,,,New Lead,,,,,,,,,,,2.5,,,,False,False,False,True,0,0,0,2.5,Complete,"Rua Visconde de Nácar, 72 - Mercês, Curitiba - PR, 80410-200, Brazil",+55 41 3538-2344,Google Places
,Odonto Store,https://www.odontostorebr.com.br/,,,,,,New Lead,,,,,,,,,,,2.5,,,,False,False,False,True,0,0,0,2.5,Complete,"R. Castro, 294 - Água Verde, Curitiba - PR, 80620-300, Brazil",+55 41 3010-3181,Google Places
,SDENTAL - Materiais e Equipamentos Odontológicos,https://sdental.com.br/,,,,,,New Lead,,,,,,,,,,,2.5,,,,False,False,False,True,0,0,0,2.5,Complete,"R. Rio Paraná, 246 - sala 06 - Weissópolis, Pinhais - PR, 83322-000, Brazil",+55 41 99686-7108,Google Places
,A Dental Paraná Ltda,http://www.dentalparana.com.br/,,,,,,New Lead,,,,,,,,,,,2.5,,,,False,False,False,True,0,0,0,2.5,Complete,"com estacionamento - Av. Pres. Getúlio Vargas, 2335 - Água Verde, Curitiba - PR, 80240-040, Brazil",+55 41 3408-3070,Google Places
,Probimed - Manutenção e Venda de Equipamentos Médicos e Odontológicos,https://www.probimed.com.br/,,,,,,New Lead,,,,,,,,,,,2.5,,,,False,False,False,True,0,0,0,2.5,Complete,"Rua Luiza Lélia Gulin Geronasso, 385 - frente - Boa Vista, Curitiba - PR, 82650-260, Brazil",+55 41 99633-6871,Google Places
,Dental Curitibana,http://www.dentalcuritibana.com.br/,,,,,,New Lead,,,,,,,,,,,2.5,,,,False,False,False,True,0,0,0,2.5,Complete,"Ritz Gallery - R. XV de Novembro, 172 - Lojas f,i,j,k - Centro, Curitiba - PR, 80020-310, Brazil",+55 41 3322-0449,Google Places
,Ortosintese Industry and Trade,https://www.ortosintese.com.br/,,,,,,New Lead,,,,,,,,,,,2.5,,,,False,False,False,True,0,0,0,2.5,Complete,"Rua Professor Affonso José Fioravanti, 63 - Lot. City Jaragua, São Paulo - SP, 02998-010, Brazil",+55 11 3948-4000,Google Places
,Engemed Equipamentos Médico Hospitalares,http://www.engemed.com/,,,,,,New Lead,,,,,,,,,,,2.5,,,,False,False,False,True,0,0,0,2.5,Complete,"R. Jardelina de Almeida Lopes, 85 - Parque Santana, Mogi das Cruzes - SP, 08730-660, Brazil",+55 11 4722-4866,Google Places
,Max Surgical Comércio de Implantes Ortopédicos,http://maxsurgical.com.br/,,,,,,New Lead,,,,,,,,,,,2.5,,,,False,False,False,True,0,0,0,2.5,Complete,"Av. 4, 1317 - Jardim Claret, Rio Claro - SP, 13503-230, Brazil",+55 19 3522-2550,Google Places
,Orthofix do Brasil ltda,http://www.orthofix.it/br/,,,,,,New Lead,,,,,,,,,,,2.5,,,,False,False,False,True,0,0,0,2.5,Complete,"Alameda Santos, 1978 - 16 andar - Jardim Paulista, São Paulo - SP, 01418-102, Brazil",+55 11 3087-2266,Google Places
,Therapin,http://therapin.com.br/,,,,,,New Lead,,,,,,,,,,,2.5,,,,False,False,False,True,0,0,0,2.5,Complete,"R. Capital Federal, 79 - Sumaré, São Paulo - SP, 01259-010, Brazil",+55 11 3136-0986,Google Places
,Terumo,http://www.terumo.com.br/,,,,,,New Lead,,,,,,,,,,,2.5,,,,False,False,False,True,0,160,0,2.5,Complete,"Praça Gen. Gentil Falcão, 108 - 9º - Cidade Monções, São Paulo - SP, 04571-150, Brazil",+55 11 3594-3800,Google Places
,Balt Brasil,http://www.baltgroup.com/,,,,,,New Lead,,,,,,,,,,,2.5,,,,False,False,False,True,45,0,0,2.5,Complete,"Av. Bem-te-vi, 77 - 8º andar - Moema, São Paulo - SP, 04524-030, Brazil",+55 11 3014-9797,Google Places
,Allent Medical Supplies,http://allent.com.br/,,,,,,New Lead,,,,,,,,,,,2.5,,,,False,False,False,True,0,0,0,2.5,Complete,"R. Augusta, 1939 - Conj 32, 72, 73, 81, 82 e 83 - Cerqueira César, São Paulo - SP, 01413-000, Brazil",+55 11 3062-2600,Google Places
,Range Med,http://www.rangemed.com.br/,,,,,,New Lead,,,,,,,,,,,2.5,,,,False,False,False,True,0,0,0,2.5,Complete,"R. Cel. Xavier de Toledo, 161 - CJ 803 - República, São Paulo - SP, 01048-100, Brazil",+55 11 96782-1301,Google Places
,SISPACK MEDICAL,http://www.sispack.com.br/,,,,,,New Lead,,,,,,,,,,,2.5,,,,False,False,False,True,0,0,0,2.5,Complete,"R. Doze de Setembro, 1173 - Vila Guilherme, São Paulo - SP, 02052-001, Brazil",+55 11 2955-2222,Google Places
,Endotec Medical,http://endotecmed.com.br/,,,,,,New Lead,,,,,,,,,,,2.5,,,,False,False,False,True,0,0,0,2.5,Complete,"R. Sampaio Viana, 202 - Paraíso, São Paulo - SP, 04004-000, Brazil",+55 11 3884-8102,Google Places
,Brasil Implantes - Odontologia e estética facial,http://www.bimplantes.com.br/,,,,,,New Lead,,,,,,,,,,,2.5,,,,False,False,False,True,0,0,0,2.5,Complete,"QS 01 Lote 19, Connect Towers Sala 1520 - Águas Claras, Brasília - DF, 70297-400, Brazil",+55 61 99128-6626,Google Places
,Singular Implants,https://singularimplants.com.br/,,,,,,New Lead,,,,,,,,,,,2.5,,,,False,False,False,True,0,0,0,2.5,Complete,"R. Eucaliptos, 36 - Parque das Nacoes, Parnamirim - RN, 59154-265, Brazil",,Google Places
,Cevi Med,http://www.cevimed.com/,,,,,,New Lead,,,,,,,,,,,2.5,,,,False,False,False,True,0,0,0,2.5,Complete,"1351 Leavitt Ave S STE 102, Orange City, FL 32763, USA",+1 833-238-4633,Google Places
,Medicalog - Gestão de Logística Hospitalar,http://medicalog.com.br/,,,,,,New Lead,,,,,,,,,,,2.5,,,,False,False,False,True,0,0,0,2.5,Complete,"R. Palmorino Mônaco, 500 - Brás, São Paulo - SP, 03043-000, Brazil",+55 11 3347-2700,Google Places
,Casa do Médico - Produtos Hospitalares,https://www.casadomedico.com.br/?utm_source=Google&utm_medium=GMN&utm_campaign=GMN,,,,,,New Lead,,,,,,,,,,,2.5,,,,False,False,False,True,0,0,0,2.5,Complete,"Av. Ayrton Senna, 1850 - Barra da Tijuca, Rio de Janeiro - RJ, 22775-003, Brazil",+55 21 2430-3133,Google Places
,Odonto Dental - Produtos Odontológicos,http://www.odontodental.com.br/,,,,,,New Lead,,,,,,,,,,,2.5,,,,False,False,False,True,13,0,0,2.5,Complete,"R. Humberto de Campos, 140 - Sala 2 - América, Joinville - SC, 89204-220, Brazil",+55 47 3013-1111,Google Places
,PRODUTOS HOSPITALARES E ORTOPÉDICOS - ORTOFAWLER RIO DE JANEIRO,http://ortofawler.com.br/,,,,,,New Lead,,,,,,,,,,,2.5,,,,False,False,False,True,14,0,0,2.5,Complete,"Av. Oliveira Belo, 683 - Loja B - Vila da Penha, Rio de Janeiro - RJ, 21221-300, Brazil",+55 21 97888-1596,Google Places
,Medix Produtos Hospitalares,http://medix.ind.br/index.html,,,,,,New Lead,,,,,,,,,,,2.5,,,,False,False,False,True,10,0,0,2.5,Complete,"R. Orense, 41 - conjunto 1620 - Centro, Diadema - SP, 09920-650, Brazil",+55 11 2375-0331,Google Places
,FGM Products Odontologicos Ltda,https://fgmdentalgroup.com/,,,,,,New Lead,,,,,,,,,,,2.5,,,,False,False,False,True,0,100,0,2.5,Complete,"Av. Edgar Nelson Meister, 474 - Zona Industrial Norte, Joinville - SC, 89219-501, Brazil",+55 800 644 6100,Google Places
,Casa do Médico - Loja Oficial,https://www.casadomedicoipanema.com.br/,,,,,,New Lead,,,,,,,,,,,2.5,,,,False,False,False,True,0,0,0,2.5,Complete,"R. Prudente de Morais, 167 - Ipanema, Rio de Janeiro - RJ, 22420-041, Brazil",+55 21 2522-0079,Google Places
,Lumiar Healthcare Porto Alegre,https://portal.lumiarsaude.com.br/unidades/porto-alegre-rs/,,,,,,New Lead,,,,,,,,,,,2.0,,,,True,False,False,False,0,0,0,2.0,Complete,"R. Câncio Gomes, 496 - Floresta, Porto Alegre - RS, 90220-060, Brazil",+55 51 99701-2214,Google Places
,IDC Implant & Dental Company,https://www.idcimplant.com/it/,,,,,,New Lead,,,,,,,,,,,1.5,,,,False,False,False,True,0,0,0,1.5,Complete,"Viale Europa, 126/o/p, 55012 Capannori LU, Italy",+39 0583 308371,Google Places
,Hospitalar Distribuidora,http://www.hospitalardistribuidora.com.br/,,,,,,New Lead,,,,,,,,,,,1.5,,,,False,False,False,True,0,0,0,1.5,Complete,"R. Adílio Artoni, 46 - Jardim Petropolis, Pres. Prudente - SP, 19060-340, Brazil",+55 18 3221-2232,Google Places
,Art Medical Produtos Médico Hospitalares Ltda,https://artmedical.com.br/,,,,,,New Lead,,,,,,,,,,,1.5,,,,False,False,False,True,0,0,0,1.5,Complete,"R. Domingos Crescêncio, 394 - Sala 202 - Santana, Porto Alegre - RS, 90650-090, Brazil",+55 51 3231-3415,Google Places
,HelpMed Implantes,https://www.helpmedimplantes.com.br/,,,,,,New Lead,,,,,,,,,,,1.5,,,,False,False,False,True,0,0,0,1.5,Complete,"R. Antônio Guedes da Silva, 53 - Sala 3 - Gopouva, Guarulhos - SP, 07093-150, Brazil",+55 11 2376-5818,Google Places
,Ilha Dental,http://www.ilhadental.com.br/,,,,,,New Lead,,,,,,,,,,,1.5,,,,False,False,False,True,0,0,0,1.5,Complete,"R. Duarte Schutel, 89 - Centro, Florianópolis - SC, 88015-640, Brazil",+55 48 3225-2359,Google Places
,LINK DISTRIBUICAO DE PRODUTOS ORTOPEDICOS DO BRASIL LTDA,https://www.linkorthopaedics.com/pt,,,,,,New Lead,,,,,,,,,,,1.5,,,,False,False,False,True,0,0,0,1.5,Complete,"R. Inácio Luís da Costa, 1632 - Salas 5 e 6 - Parque Sao Domingos, São Paulo - SP, 05112-010, Brazil",+55 11 3835-9513,Google Places
,Dental Business | Produtos para Harmonização Facial e Corporal,http://www.dentalbusiness.com.br/,,,,,,New Lead,,,,,,,,,,,1.5,,,,False,False,False,True,0,0,0,1.5,Complete,"Av. do Estado Dalmo Vieira, 1555 - 2º Andar - Pioneiros, Balneário Camboriú - SC, 88331-150, Brazil",+55 47 99925-1113,Google Places
,Implantec Brasil | Equipamentos odontológicos,https://www.implantecbrasil.com.br/,,,,,,New Lead,,,,,,,,,,,1.5,,,,False,False,False,True,0,0,0,1.5,Complete,"R. João Antônio Cardoso, 192 - Ouro Preto, Belo Horizonte - MG, 31310-390, Brazil",+55 31 3498-3326,Google Places
,MIS Implantes Brasil,https://misimplantes.com.br/empresa/contato/,,,,,,New Lead,,,,,,,,,,,1.5,,,,False,False,False,True,2,0,0,1.5,Complete,"R. Henri Dunant, 873 - Chácara Santo Antônio, São Paulo - SP, 04709-110, Brazil",+55 11 3046-2222,Google Places
,São Paulo Surgical,http://saopaulosurgical.com.br/contato/,,,,,,New Lead,,,,,,,,,,,1.5,,,,False,False,False,True,0,0,0,1.5,Complete,"Ed. Thera Office - Av. Engenheiro Luís Carlos Berrini, 105 - sala 1201, 12º andar - Cidade Monções, São Paulo - SP, 04571-010, Brazil",+55 11 3504-1570,Google Places
,MG Medical - Soluções Hospitalares,http://www.mgmedical.med.br/,,,,,,New Lead,,,,,,,,,,,1.5,,,,False,False,False,True,10,0,0,1.5,Complete,"Av. Luís Antônio Carvalho, 179 - Vila Mariana, Cambuí - MG, 37600-000, Brazil",+55 35 3431-4443,Google Places
,Evident Dental - Produtos para Prótese Odontológica,http://www.evidentdental.com.br/,,,,,,New Lead,,,,,,,,,,,1.5,,,,False,False,False,True,0,0,0,1.5,Complete,"R. Mal. Deodoro, 503 - Cj. 103 - 1º Andar - Centro, Curitiba - PR, 80020-320, Brazil",+55 41 3322-5069,Google Places
,Asamed Distribuidora | Médico-Hospitalar,http://www.asamed.com.br/,,,,,,New Lead,,,,,,,,,,,1.5,,,,False,False,False,True,0,0,0,1.5,Complete,"R. da Independência, 1163 - Areias, São José - SC, 88113-280, Brazil",+55 48 3034-5714,Google Places
,Clinrio Produtos Médico - Hospitalares.,http://www.clinrio.com.br/,,,,,,New Lead,,,,,,,,,,,1.5,,,,False,False,False,True,0,0,0,1.5,Complete,"Av: Presidente Vargas, 590 - Sala: 510 - Centro, Rio de Janeiro - RJ, 20071-000, Brazil",+55 21 3983-3300,Google Places
,Efetive Produtos Medico Hospitalare,https://medicalprodutos.com.br/fale-conosco/,,,,,,New Lead,,,,,,,,,,,1.5,,,,False,False,False,True,0,0,0,1.5,Complete,"R. das Carmelitas, 634 - Hauer, Curitiba - PR, 81610-070, Brazil",+55 41 3042-0997,Google Places
,Mirassol Hospitalar – Distribuidora de Produtos Médicos e Farmacêuticos,https://mirassolhospitalar.odoo.com/,,,,,,New Lead,,,,,,,,,,,1.0,,,,False,False,False,False,0,0,0,1.0,Complete,"Av. Amélia Scarpelli Colombo, 951 - Jardim Tarraf II, São José do Rio Preto - SP, 15057-605, Brazil",+55 17 2122-2826,Google Places
,"RS Distribuidora de Produtos Hospitalar, Médico, Limpeza, Descartável e Medicamentos",https://rsmedi.com.br/,,,,,,New Lead,,,,,,,,,,,1.0,,,,False,False,False,False,0,0,0,1.0,Pending,"R. Princesa Maria Amélia, 570 - Nova Petrópolis, São Bernardo do Campo - SP, 09771-120, Brazil",+55 11 98363-3064,Google Places
,Bio Hospitalar Loja e Distribuidora de produto Médicos hospitalares,https://www.biohospitalar.com.br/,,,,,,New Lead,,,,,,,,,,,1.0,,,,False,False,False,False,0,0,0,1.0,Pending,"R. Minas Gerais, 1366 - Centro, Divinópolis - MG, 35500-007, Brazil",+55 37 3214-3636,Google Places
,BMR Medical Ltda,http://www.bmrmedical.com.br/,,,,,,New Lead,,,,,,,,,,,1.0,,,,False,False,False,False,0,0,0,1.0,Pending,"Rod. BR 116, 1440 - Campo Fundo, Campina Grande do Sul - PR, 83430-000, Brazil",+55 41 3093-3900,Google Places
,Minas Medical,http://www.minasmedical.com.br/,,,,,,New Lead,,,,,,,,,,,1.0,,,,False,False,False,False,0,0,0,1.0,Pending,"R. Santa Quitéria, 432 - Carlos Prates, Belo Horizonte - MG, 30710-460, Brazil",+55 31 2112-5151,Google Places
,Osstem Implant Brasil,http://en.osstem.com/,,,,,,New Lead,,,,,,,,,,,1.0,,,,False,False,False,False,0,0,0,1.0,Complete,"R. Dr. Rafael de Barros, 210 - sala 81 - Paraíso, São Paulo - SP, 04003-042, Brazil",+55 800 204 4046,Google Places
,Isaclin Floresta - Produtos Hospitalares,https://www.isaclin.com.br/,,,,,,New Lead,,,,,,,,,,,1.0,,,,False,False,False,False,0,0,0,1.0,Pending,"R. Ramiro Barcelos, 601 - Independência, Porto Alegre - RS, 90035-005, Brazil",+55 51 99760-3993,Google Places
,Real Médica RJ,http://www.realmedica.com.br/,,,,,,New Lead,,,,,,,,,,,1.0,,,,False,False,False,False,0,0,0,1.0,Complete,"Av. das Américas, 500 - Bloco 11 / 101 - Barra da Tijuca, Rio de Janeiro - RJ, 22640-904, Brazil",+55 21 3329-3131,Google Places
,"Quallys CPAP, Fisioterapia e Produtos Médicos Hospitalares",http://www.espacoquallys.com.br/,,,,,,New Lead,,,,,,,,,,,1.0,,,,False,False,False,False,0,0,0,1.0,Pending,"Av. Cristóvão Colombo, 1630 - Floresta, Porto Alegre - RS, 90560-001, Brazil",+55 51 3095-0395,Google Places
,"SD Saúde e Beleza - Sul Dental - Venda, no atacado e varejo, de materiais para uso em clínicas e consultórios.",https://bio.site/sdsaudebeleza,,,,,,New Lead,,,,,,,,,,,1.0,,,,False,False,False,False,0,0,0,1.0,Complete,"Av. Pref. Osmar Cunha, 183 - Bloco B - Sala 508 - Centro, Florianópolis - SC, 88015-100, Brazil",+55 48 99925-1169,Google Places
,MEDPOA COMERCIO DE MATERIAL HOSPITALAR LTDA,http://medpoa.com.br/,,,,,,New Lead,,,,,,,,,,,1.0,,,,False,False,False,False,15,0,0,1.0,Complete,"R. José Pedro Boéssio, 130 - Humaitá, Porto Alegre - RS, 90250-050, Brazil",+55 51 3907-1001,Google Places
,Isaclin Moinhos de Vento - Produtos Hospitalares,http://www.isaclin.com.br/,,,,,,New Lead,,,,,,,,,,,1.0,,,,False,False,False,False,0,0,0,1.0,Pending,"R. Dr. Florêncio Ygartua, 200 - Loja A - Moinhos de Vento, Porto Alegre - RS, 90430-010, Brazil",+55 51 98039-3132,Google Places
,"OXIGENAR PORTO ALEGRE -LOCAÇÃO E VENDA DE CPAP, BIPAP, MÁSCARA, CONCENTADOR E CILINDRO DE OXIGÊNIO",https://loja.oxigenar.com.br/cpap-loja-oxigenar-porto-alegre.html,,,,,,New Lead,,,,,,,,,,,1.0,,,,False,False,False,False,0,0,0,1.0,Complete,"Edifício MedCenter, torre A - Av. Soledade, 569 - Sala 904 - Três Figueiras, Porto Alegre - RS, 90470-340, Brazil",+55 51 99400-7335,Google Places
,dental Excellence Itajaí,https://www.instagram.com/odonto_excellence_cordeiros,,,,,,New Lead,,,,,,,,,,,1.0,,,,False,False,False,False,0,0,0,1.0,Pending,"R. Dr. Reinaldo Schmithausen, 1200 - Cordeiros, Itajaí - SC, 88310-000, Brazil",+55 47 3083-2200,Google Places
,Quântica W - Fornecedor de Produtos Médicos e Hospitalares,https://www.quanticaw.com.br/,,,,,,New Lead,,,,,,,,,,,1.0,,,,False,False,False,False,0,0,0,1.0,Pending,"R. Barão do Amazonas, 756 - Sala 102 - Jardim Botânico, Porto Alegre - RS, 90670-001, Brazil",+55 51 3388-3577,Google Places
,The Smile Company: Dental Implant Center,https://thesmilecompany.com/,,,,,,New Lead,,,,,,,,,,,1.0,,,,False,False,False,False,0,0,0,1.0,Pending,"2078 Woodruff Rd B, Greenville, SC 29607, USA",+1 864-548-9470,Google Places
,Dentelli Itajaí,https://dentelli.com.br/,,,,,,New Lead,,,,,,,,,,,1.0,,,,False,False,False,False,0,0,0,1.0,Pending,"R. Dr. Nereu Ramos, 67 - Centro, Itajaí - SC, 88301-215, Brazil",+55 47 2125-1327,Google Places
,IOL - Implantes Ortopédicos,https://iolimplantes.com.br/,,,,,,New Lead,,,,,,,,,,,1.0,,,,False,False,False,False,0,0,0,1.0,Pending,"R. Doná Maria Fidélis, 226 - Piraporinha, Diadema - SP, 09950-350, Brazil",+55 11 4070-5700,Google Places
,Leblon Med Produtos Médicos e Hospitalares. Sigvaris Salvape Mercur Omron,http://www.leblonmed.com.br/,,,,,,New Lead,,,,,,,,,,,1.0,,,,False,False,False,False,0,0,0,1.0,Pending,"Edifício Cidade do Leblon - Av. Ataulfo de Paiva, 135 - Sala 903 - Leblon, Rio de Janeiro - RJ, 22440-032, Brazil",+55 21 98574-8277,Google Places
,Dental Laser Soluções Inteligentes,http://www.dentallaser.com.br/,,,,,,New Lead,,,,,,,,,,,1.0,,,,False,False,False,False,0,0,0,1.0,Complete,"R. Fernando Amaro, 1060 - Alto da XV, Curitiba - PR, 80045-230, Brazil",+55 41 3027-3985,Google Places
,"Lefix Implants Comércio, Importação e Exportação de Produtos Médicos Hospitalares Ltda.",http://www.lefiximplants.com.br/,,,,,,New Lead,,,,,,,,,,,1.0,,,,False,False,False,False,0,0,0,1.0,Pending,"Alameda Terracota, 185 - Salas 308 e 309 - Cerâmica, São Caetano do Sul - SP, 09531-190, Brazil",+55 11 4224-1817,Google Places
,GE Healthcare,http://www3.gehealthcare.com.br/,,,,,,New Lead,,,,,,,,,,,1.0,,,,False,False,False,False,0,0,0,1.0,Pending,"Via Ver. Joaquim Costa, 1405 - Campina Verde, Contagem - MG, 32150-240, Brazil",+55 3004-2525,Google Places
,Medical Mettler Material Médico,https://medicalmettler.orcamentoimediato.com.br/barra/,,,,,,New Lead,,,,,,,,,,,1.0,,,,False,False,False,False,30,0,0,1.0,Complete,"Av. Ayrton Senna, 1850 - Loja T - Barra da Tijuca, Rio de Janeiro - RJ, 22775-003, Brazil",+55 21 97080-5965,Google Places
,Spine Sys - Implantes Ortopédicos,http://www.spinesys.com.br/,,,,,,New Lead,,,,,,,,,,,1.0,,,,False,False,False,False,0,0,0,1.0,Complete,"R. Um, 2209 - Centro, Rio Claro - SP, 13500-142, Brazil",+55 19 3532-1021,Google Places
,"Quallys CPAP, Fisio e Produtos Médicos Hospitalares - Unidade Centro",http://www.espacoquallys.com.br/,,,,,,New Lead,,,,,,,,,,,1.0,,,,False,False,False,False,0,0,0,1.0,Pending,"Rua Professor Annes Dias, 150 - Centro Histórico, Porto Alegre - RS, 90020-090, Brazil",+55 51 99008-4643,Google Places
,Tab Instrumentos Cirúrgicos,http://www.tab-instrumentoscirurgicos.com.br/,,,,,,New Lead,,,,,,,,,,,0.0,,,,False,False,False,False,0,0,0,0.0,Complete,"R. Conselheiro João Alfredo, 323 - Mooca, São Paulo - SP, 03106-060, Brazil",+55 11 2476-4147,Google Places
,Agitec Hospitalar (Autorizada ORTOSINTESE em MG) Vendas de Peças e Equipamentos & Assist. Técnica,https://agitechospitalar.com.br/,,,,,,New Lead,,,,,,,,,,,0.0,,,,False,False,False,False,0,0,0,0.0,Pending,"R. Cantagalo, 139 - Aparecida, Belo Horizonte - MG, 31230-770, Brazil",+55 31 3201-7704,Google Places
,OrthoDynamic,http://orthodynamic.com.br/,,,,,,New Lead,,,,,,,,,,,0.0,,,,False,False,False,False,0,0,0,0.0,Pending,"R. Jacarandás, 56 - Eldorado, Contagem - MG, 32310-340, Brazil",+55 31 3395-7120,Google Places
,Ortho System Comércio de Implantes Ortopédicos,http://osimplantes.com.br/,,,,,,New Lead,,,,,,,,,,,0.0,,,,False,False,False,False,0,0,0,0.0,Complete,"R. Quatorze, 1281 - Vila do Radio, Rio Claro - SP, 13500-270, Brazil",+55 19 3522-4419,Google Places
,Dental Kobrasol,http://www.dentalkobrasol.com.br/,,,,,,New Lead,,,,,,,,,,,0.0,,,,False,False,False,False,0,0,0,0.0,Pending,"R. Brasilpinho, 74 - Kobrasol, São José - SC, 88102-300, Brazil",+55 48 3259-1500,Google Places
,Dental Marechal,http://dentalmarechal.com.br/contato/,,,,,,New Lead,,,,,,,,,,,0.0,,,,False,False,False,False,0,0,0,0.0,Complete,"R. Mal. Deodoro, 500 - sala 151 - Centro, Curitiba - PR, 80010-010, Brazil",+55 41 3324-3058,Google Places
