Nome Empresa,Website,Address,Rating,Reviews,Phone,Types,Summary,Source,Search_Query,City_Scope,Keyword_Scope
Unitec Hospitalar,http://www.unitec-hospitalar.com.br/,"Av. Eng. Armando de Arruda Pereira, 1293 - Jabaquara, São Paulo - SP, 04309-010, Brazil",4.7,15.0,+55 11 5011-9291,"point_of_interest, establishment",,Google Places Advanced,"Fabricante de Equipamentos Médicos in São Paulo, SP","São Paulo, SP",Fabricante de Equipamentos Médicos
Casa do Médico - Casa Cirúrgica em São Paulo - Loja de Produtos Hospitalares e Médicos,,"Alameda Campinas, 1245 - Jardim Paulista, São Paulo - SP, 01404-001, Brazil",4.8,85.0,+55 11 4750-2249,"health, store, point_of_interest, establishment",,Google Places Advanced,"Fabricante de Equipamentos Médicos in São Paulo, SP","São Paulo, SP",Fabricante de Equipamentos Médicos
Novatech Distribuidora Médica,,"R. Barata Ribeiro, 237 - Salas 52, 53 e 103 - Bela Vista, São Paulo - SP, 01313-001, Brazil",5.0,2.0,+55 11 3259-6508,"store, health, point_of_interest, establishment",,Google Places Advanced,"Indústria de Materiais Hospitalares in São Paulo, SP","São Paulo, SP",Indústria de Materiais Hospitalares
INJET MED INDUSTRIA E COMERCIO DE PRODUTOS MEDICOS E HOSPITALARES,http://injetmed.com.br/,"Rua Francesco Fiorotto, 150 - Nova Gerti, São Caetano do Sul - SP, 09572-510, Brazil",5.0,3.0,+55 11 4232-8777,"store, health, point_of_interest, establishment",,Google Places Advanced,"Indústria de Materiais Hospitalares in São Paulo, SP","São Paulo, SP",Indústria de Materiais Hospitalares
Implacil Osstem,https://www.implacil.com.br/,"R. Cesário Ramalho, 821 - Cambuci, São Paulo - SP, 01515-000, Brazil",3.6,96.0,+55 11 3342-5100,"point_of_interest, establishment",,Google Places Advanced,"Fabricante de Implantes Dentários in São Paulo, SP","São Paulo, SP",Fabricante de Implantes Dentários
S.I.N. Implant System LTDA,,"R. Sd. Ocimar Guimarães da Silva, 440 - Vila Rio Branco, São Paulo - SP, 03348-060, Brazil",4.6,12.0,,"point_of_interest, establishment",,Google Places Advanced,"Fabricante de Implantes Dentários in São Paulo, SP","São Paulo, SP",Fabricante de Implantes Dentários
Implant Brazil,,"Alameda dos Aicás, 1078 - Moema, São Paulo - SP, 04086-002, Brazil",4.7,67.0,+55 11 5532-1013,"dental_clinic, point_of_interest, health, establishment",,Google Places Advanced,"Fabricante de Implantes Dentários in São Paulo, SP","São Paulo, SP",Fabricante de Implantes Dentários
Ocx Implantes,http://ocximplantes.com.br/,"R. João Pacheco, 89 - Luz, São Paulo - SP, 01107-030, Brazil",4.0,1.0,+55 11 4306-4274,"point_of_interest, establishment",,Google Places Advanced,"Fabricante de Implantes Ortopédicos in São Paulo, SP","São Paulo, SP",Fabricante de Implantes Ortopédicos
Factory Instrumental Cirúrgico,http://www.factorycirurgico.com.br/,"R. Ambrosia do México, 392 - Jardim Cidade Pirituba, São Paulo - SP, 02945-040, Brazil",4.2,5.0,+55 11 3972-4847,"point_of_interest, establishment",,Google Places Advanced,"Fabricante de Instrumentos Cirúrgicos in São Paulo, SP","São Paulo, SP",Fabricante de Instrumentos Cirúrgicos
Instrumed Instrumentos Cirúrgicos,,"R. Dos Lírios, 08 - Jd. Bela Vista, Mairiporã - SP, 07662-055, Brazil",5.0,1.0,+55 11 4280-6749,"point_of_interest, establishment",,Google Places Advanced,"Fabricante de Instrumentos Cirúrgicos in São Paulo, SP","São Paulo, SP",Fabricante de Instrumentos Cirúrgicos
"Reabilit orthopedic bracing, prosthesis and wheelchairs",http://www.ortopediareabilit.com.br/,"R. Sátiro Dias, 45 - Jardim Pres. Dutra, Guarulhos - SP, 07170-160, Brazil",4.9,114.0,+55 11 2279-2958,"shoe_store, store, health, point_of_interest, establishment",,Google Places Advanced,"Fabricante de Próteses in São Paulo, SP","São Paulo, SP",Fabricante de Próteses
Laboratório de Prótese Dental Aluísio | Protético,,"R. Teodoro Sampaio, 2550 - 9° Andar - Sala 92 - Pinheiros, São Paulo - SP, 05406-200, Brazil",5.0,2.0,+55 11 3493-5712,"health, point_of_interest, establishment",,Google Places Advanced,"Fabricante de Próteses in São Paulo, SP","São Paulo, SP",Fabricante de Próteses
Silicomed,http://silicomed.ind.br/,"R. Votorantim, N° 20 - Vila Vivaldi, São Bernardo do Campo - SP, 09616-000, Brazil",5.0,13.0,+55 11 4317-7006,"point_of_interest, establishment",,Google Places Advanced,"Fabricante de Próteses in São Paulo, SP","São Paulo, SP",Fabricante de Próteses
Franmar - Reformas móveis hospitalares e de clínicas,,"R. Joaquim Lapas Veiga, 597 - Jardim Gilda Maria, São Paulo - SP, 05550-010, Brazil",5.0,7.0,+55 11 2508-3056,"furniture_store, home_improvement_store, home_goods_store, point_of_interest, store, establishment",,Google Places Advanced,"Fabricante de Móveis Hospitalares in São Paulo, SP","São Paulo, SP",Fabricante de Móveis Hospitalares
SOS Aluguel de camas hospitalares em São Paulo,,"R. Deodato Saraiva da Silva, 243 - Artur Alvim, São Paulo - SP, 03694-090, Brazil",5.0,54.0,+55 11 97831-3199,"health, point_of_interest, establishment",,Google Places Advanced,"Fabricante de Móveis Hospitalares in São Paulo, SP","São Paulo, SP",Fabricante de Móveis Hospitalares
Medley S/A Indústria Farmacêutica,,"Av. das Nações Unidas, 14401 - Vila Gertrudes, São Paulo - SP, 04794-000, Brazil",5.0,6.0,+55 11 3361-2056,"point_of_interest, health, establishment",,Google Places Advanced,"Indústria Farmacêutica in São Paulo, SP","São Paulo, SP",Indústria Farmacêutica
Apsen Brasil Indústria Química Farmacêutica,,"R. Nilo Placona, 55 - Santo Amaro, São Paulo - SP, 04753-200, Brazil",5.0,1.0,+55 11 5641-2305,"point_of_interest, health, establishment",,Google Places Advanced,"Indústria Farmacêutica in São Paulo, SP","São Paulo, SP",Indústria Farmacêutica
Nenhum,,"R. América Central, 130 - Santo Amaro, São Paulo - SP, 04755-010, Brazil",4.7,3.0,+55 11 5642-0255,"point_of_interest, health, establishment",,Google Places Advanced,"Indústria Farmacêutica in São Paulo, SP","São Paulo, SP",Indústria Farmacêutica
Brasterapica Indústria Farmacêutica Ltda,,"R. Bela Cintra, 299 - an 7+CJ7172 - Consolação, São Paulo - SP, 01415-000, Brazil",5.0,2.0,,"point_of_interest, health, establishment",,Google Places Advanced,"Indústria Farmacêutica in São Paulo, SP","São Paulo, SP",Indústria Farmacêutica
Blau Pharma S.A. (branch SP),http://www.blau.com.br/,"Rua Adherbal Stresser, 84 - Jardim Arpoador, São Paulo - SP, 05566-000, Brazil",4.5,12.0,+55 11 4615-9400,"point_of_interest, establishment",,Google Places Advanced,"Indústria Farmacêutica in São Paulo, SP","São Paulo, SP",Indústria Farmacêutica
West Pharmaceutical Services Brasil,https://www.westpharma.com/,"Av. Nossa Sra. das Graças, 115 - Serraria, Diadema - SP, 09962, Brazil",4.5,19.0,+55 11 4055-6000,"wholesaler, point_of_interest, health, establishment",,Google Places Advanced,"Indústria Farmacêutica in São Paulo, SP","São Paulo, SP",Indústria Farmacêutica
Bunker Indústria Farmacêutica,,"R. Aníbal dos Anjos Carvalho, 212 - Vila Santa Maria, São Paulo - SP, 04810-050, Brazil",1.8,5.0,,"pharmacy, store, point_of_interest, health, establishment",,Google Places Advanced,"Indústria Farmacêutica in São Paulo, SP","São Paulo, SP",Indústria Farmacêutica
Sanval Comércio e Indústria,,"R. Nicolau Alayon, 441 - Interlagos, São Paulo - SP, 04802-000, Brazil",2.5,8.0,+55 11 5660-4000,"point_of_interest, health, establishment",,Google Places Advanced,"Indústria Farmacêutica in São Paulo, SP","São Paulo, SP",Indústria Farmacêutica
Laboratil Farmacêutica LTDA,,"R. Luís Gonzaga de Barros Santos, 70 - Cidade Dutra, São Paulo - SP, 04810-030, Brazil",4.7,9.0,+55 11 4082-1900,"point_of_interest, health, establishment",,Google Places Advanced,"Indústria Farmacêutica in São Paulo, SP","São Paulo, SP",Indústria Farmacêutica
SP Express Distribuidora Medicamentos,,"R. Coriolano, 1894 - Lapa, São Paulo - SP, 05047-002, Brazil",4.5,2.0,+55 11 3675-5887,"wholesaler, health, point_of_interest, establishment",,Google Places Advanced,"Distribuidora de Medicamentos e Correlatos in São Paulo, SP","São Paulo, SP",Distribuidora de Medicamentos e Correlatos
SERING Distribuidora de Produtos Farmaceuticos e Hospitalares,,"R. Joaquim Norberto, 435 - Santana, São Paulo - SP, 02301-100, Brazil",5.0,2.0,+55 11 2976-9272,"wholesaler, health, point_of_interest, establishment",,Google Places Advanced,"Distribuidora de Medicamentos e Correlatos in São Paulo, SP","São Paulo, SP",Distribuidora de Medicamentos e Correlatos
FAMAB-M.A.S Distribuidora Hospitalar,,"Rua Don Lucas Obes, 822 - Rua 1822, 436 - Sala 01 - Ipiranga, São Paulo - SP, 04216-000, Brazil",4.8,10.0,+55 11 95120-4632,"wholesaler, health, point_of_interest, establishment",,Google Places Advanced,"Distribuidora de Medicamentos e Correlatos in São Paulo, SP","São Paulo, SP",Distribuidora de Medicamentos e Correlatos
Dissim Distribuidora Medicamentos,,"R. Valter José Alves - Nova Mirim, Praia Grande - SP, 11707-520, Brazil",4.6,9.0,+55 13 3471-6587,"wholesaler, health, point_of_interest, establishment",,Google Places Advanced,"Distribuidora de Medicamentos e Correlatos in São Paulo, SP","São Paulo, SP",Distribuidora de Medicamentos e Correlatos
Pró-Saúde Clube,,"Alameda Campinas, 723 - Jardim Paulista, São Paulo - SP, 01404-001, Brazil",4.4,65.0,+55 11 99109-6876,"shoe_store, point_of_interest, health, store, establishment",,Google Places Advanced,"Importadora de Produtos para Saúde in São Paulo, SP","São Paulo, SP",Importadora de Produtos para Saúde
SIMAMED DISTRIBUIDORA DE MATERIAIS MÉDICOS E DESCARTÁVEIS,,"R. João Serrano, 174 - Sítio do Morro, São Paulo - SP, 02551-060, Brazil",4.3,8.0,+55 11 2640-3383,"point_of_interest, store, establishment",,Google Places Advanced,"Importadora de Produtos para Saúde in São Paulo, SP","São Paulo, SP",Importadora de Produtos para Saúde
JA PRODUTOS MEDICOS,,"Rua Arandu, 57 - Cidade Monções, São Paulo - SP, 04563-000, Brazil",4.4,7.0,+55 11 97211-4146,"wholesaler, point_of_interest, health, establishment",,Google Places Advanced,"Importadora de Produtos para Saúde in São Paulo, SP","São Paulo, SP",Importadora de Produtos para Saúde
Ellece Logistics Ltd.,,"Estr. da Olária, 136 - Vila Pires, Guarulhos - SP, 07271-360, Brazil",4.2,1750.0,+55 11 2573-9700,"point_of_interest, establishment",,Google Places Advanced,"Logística Hospitalar in São Paulo, SP","São Paulo, SP",Logística Hospitalar
Prolab Laboratorio de Protese Dentaria,,"R. Eng. Fox, 438 - Lapa de Baixo, São Paulo - SP, 05069-020, Brazil",5.0,1.0,+55 11 3713-3880,"health, point_of_interest, establishment",,Google Places Advanced,"Laboratório de Prótese Dentária Digital in São Paulo, SP","São Paulo, SP",Laboratório de Prótese Dentária Digital
"RC Lab- Prótese Dental, Fluxo digital",,"R. Augusta, 2676 - cj 202 - Jardins, São Paulo - SP, 04113-000, Brazil",,,+55 11 96405-6239,"health, point_of_interest, establishment",,Google Places Advanced,"Laboratório de Prótese Dentária Digital in São Paulo, SP","São Paulo, SP",Laboratório de Prótese Dentária Digital
Laboratório de Prótese Dentária Jeferson Garcia,https://linktr.ee/lab.jefersongarcia,"Rua Regente León Kaniefsky, 163 - casa 2 - Vila Progredior, São Paulo - SP, 05617-030, Brazil",5.0,9.0,+55 11 3774-3608,"health, point_of_interest, establishment",,Google Places Advanced,"Laboratório de Prótese Dentária Digital in São Paulo, SP","São Paulo, SP",Laboratório de Prótese Dentária Digital
IMF Tecnologia P Saúde,,"R. Itapeva, 202 - Bela Vista, São Paulo - SP, 01043-000, Brazil",5.0,1.0,+55 11 3263-0319,"medical_lab, health, point_of_interest, establishment",,Google Places Advanced,"Empresa de Tecnologia em Saúde in São Paulo, SP","São Paulo, SP",Empresa de Tecnologia em Saúde
Touch Tecnologia e Informática Ltda,,"R. Gomes de Carvalho, 1666 - Itaim Bibi, São Paulo - SP, 04547-006, Brazil",4.8,15.0,+55 11 3846-5555,"point_of_interest, establishment",,Google Places Advanced,"Empresa de Tecnologia em Saúde in São Paulo, SP","São Paulo, SP",Empresa de Tecnologia em Saúde
health tech market,,"R. Itapeva, 574 - Bela Vista, São Paulo - SP, 01332-000, Brazil",,,+55 11 3142-9789,"hospital, health, point_of_interest, establishment",,Google Places Advanced,"Healthtech in São Paulo, SP","São Paulo, SP",Healthtech
Cotech Saúde,,"Av. Brig. Faria Lima, 1572 - Itaim Bibi, São Paulo - SP, 01451-917, Brazil",5.0,2.0,+55 18 98107-9148,"consultant, health, point_of_interest, establishment",,Google Places Advanced,"Healthtech in São Paulo, SP","São Paulo, SP",Healthtech
GL Health Tech,,"Av. Paulista - Bela Vista, São Paulo - SP, 01310-200, Brazil",,,+55 16 99752-0373,"consultant, health, point_of_interest, establishment",,Google Places Advanced,"Healthtech in São Paulo, SP","São Paulo, SP",Healthtech
Tech2h,,"R. Funchal, 538 - Itaim Bibi, São Paulo - SP, 04551-060, Brazil",,,+55 11 3045-6873,"hospital, health, point_of_interest, establishment",,Google Places Advanced,"Healthtech in São Paulo, SP","São Paulo, SP",Healthtech
Kmed a Serviço da Saude,,"R. Ubaldino do Amaral, 14 - Lapa, Rio de Janeiro - RJ, 20231-016, Brazil",4.5,14.0,+55 21 2507-1854,"store, point_of_interest, health, establishment",,Google Places Advanced,"Fabricante de Equipamentos Médicos in Rio de Janeiro, RJ","Rio de Janeiro, RJ",Fabricante de Equipamentos Médicos
Universo,,"Estrada do Galeão, 2500 - Bloco A, Loja G - Portuguesa, Rio de Janeiro - RJ, 21931-582, Brazil",5.0,69.0,+55 21 96404-1284,"store, point_of_interest, health, establishment",,Google Places Advanced,"Indústria de Materiais Hospitalares in Rio de Janeiro, RJ","Rio de Janeiro, RJ",Indústria de Materiais Hospitalares
Odonto Bondi,,"Rua Siqueira Campos, 143 - 2º piso loja 84 - Copacabana, Rio de Janeiro - RJ, 22031-071, Brazil",5.0,25.0,+55 21 2255-2575,"health, point_of_interest, store, establishment",,Google Places Advanced,"Fabricante de Produtos Odontológicos in Rio de Janeiro, RJ","Rio de Janeiro, RJ",Fabricante de Produtos Odontológicos
GFTEC,,"Estr. do Guandú do Sena, 268 - Campo Grande, Rio de Janeiro - RJ, 23097-220, Brazil",5.0,21.0,+55 21 98164-7937,"health, point_of_interest, store, establishment",,Google Places Advanced,"Fabricante de Produtos Odontológicos in Rio de Janeiro, RJ","Rio de Janeiro, RJ",Fabricante de Produtos Odontológicos
S.I.N. Implant System,https://www.sinimplantsystem.com.br/,"Praia do Flamengo, 154 - Sala 204 - Flamengo, Rio de Janeiro - RJ, 22210-030, Brazil",4.6,69.0,+55 21 2148-6665,"store, dentist, point_of_interest, health, establishment",,Google Places Advanced,"Fabricante de Implantes Dentários in Rio de Janeiro, RJ","Rio de Janeiro, RJ",Fabricante de Implantes Dentários
SobreImplantes,,"R. Ten. Cleto Campelo, 41 - Jardim Carioca, Rio de Janeiro - RJ, 21910-340, Brazil",4.4,7.0,+55 21 2467-4587,"point_of_interest, health, establishment",,Google Places Advanced,"Fabricante de Implantes Dentários in Rio de Janeiro, RJ","Rio de Janeiro, RJ",Fabricante de Implantes Dentários
ILHA IMPLANTES,,"R. República Árabe da Síria, 363 - SALA 205 - Portuguesa, Rio de Janeiro - RJ, 21931-570, Brazil",5.0,2.0,+55 21 2462-5128,"dentist, point_of_interest, health, establishment",,Google Places Advanced,"Fabricante de Implantes Dentários in Rio de Janeiro, RJ","Rio de Janeiro, RJ",Fabricante de Implantes Dentários
MS Instrumentos Industriais,http://www.msinstrumentos.com.br/,"Estr. do Biguá, 43 - Alto da Boa Vista, Rio de Janeiro - RJ, 20531-680, Brazil",5.0,8.0,+55 21 99132-5189,"point_of_interest, establishment",,Google Places Advanced,"Fabricante de Instrumentos Cirúrgicos in Rio de Janeiro, RJ","Rio de Janeiro, RJ",Fabricante de Instrumentos Cirúrgicos
MEDLIX PRODUTOS CIRÚRGICOS,http://medlix.com.br/,"Av. Evandro Lins e Silva, 840 - Sala 2011 - Barra da Tijuca, Rio de Janeiro - RJ, 22631-470, Brazil",5.0,1.0,+55 21 2422-4152,"health, point_of_interest, establishment",,Google Places Advanced,"Fabricante de Instrumentos Cirúrgicos in Rio de Janeiro, RJ","Rio de Janeiro, RJ",Fabricante de Instrumentos Cirúrgicos
Oxlab,https://oxlab.com.br/,"R. Barão de Mesquita, 280 - Loja G - Tijuca, Rio de Janeiro - RJ, 20540-003, Brazil",5.0,17.0,+55 21 97675-2450,"store, health, point_of_interest, establishment",,Google Places Advanced,"Fabricante de Instrumentos Cirúrgicos in Rio de Janeiro, RJ","Rio de Janeiro, RJ",Fabricante de Instrumentos Cirúrgicos
Laboratório de prótese - protético,,"Av. Canal, 392 - Maré, Rio de Janeiro - RJ, 21032-000, Brazil",5.0,10.0,+55 21 97394-9669,"point_of_interest, health, establishment",,Google Places Advanced,"Fabricante de Próteses in Rio de Janeiro, RJ","Rio de Janeiro, RJ",Fabricante de Próteses
Dental Prosthesis Laboratory,,"R. Figueiredo de Magalhães, 286 - Copacabana, Rio de Janeiro - RJ, 22031-010, Brazil",4.3,3.0,+55 21 2236-3273,"point_of_interest, health, establishment",,Google Places Advanced,"Fabricante de Próteses in Rio de Janeiro, RJ","Rio de Janeiro, RJ",Fabricante de Próteses
Laboratório de Prótese,,"R. Hilário de Gouveia, 66 - Copacabana, Rio de Janeiro - RJ, 22040-020, Brazil",,,+55 21 2256-7153,"point_of_interest, health, establishment",,Google Places Advanced,"Fabricante de Próteses in Rio de Janeiro, RJ","Rio de Janeiro, RJ",Fabricante de Próteses
ARTEZAHN LABORATÓRIO DE PRÓTESE,,"Av. Pres. Vargas, 482 - sala 825 - Centro, Rio de Janeiro - RJ, 20071-000, Brazil",1.0,1.0,+55 21 96710-1341,"point_of_interest, health, establishment",,Google Places Advanced,"Fabricante de Próteses in Rio de Janeiro, RJ","Rio de Janeiro, RJ",Fabricante de Próteses
Laboratório de protese dentária,,"R. Lucídio Lago, 96 - sala 213 - Méier, Rio de Janeiro - RJ, 20780-020, Brazil",,,+55 21 98741-6775,"dentist, point_of_interest, health, establishment",,Google Places Advanced,"Fabricante de Próteses in Rio de Janeiro, RJ","Rio de Janeiro, RJ",Fabricante de Próteses
ideal Bequem,http://idealbequem.com/,"R. Ana Neri, 612 - São Francisco Xavier, Rio de Janeiro - RJ, 20960-003, Brazil",4.7,10.0,+55 21 2501-5055,"hospital, health, point_of_interest, establishment",,Google Places Advanced,"Fabricante de Móveis Hospitalares in Rio de Janeiro, RJ","Rio de Janeiro, RJ",Fabricante de Móveis Hospitalares
Camas Hospitalares Staib,,"R. Ana Neri, 612 - Sampaio, Rio de Janeiro - RJ, 20960-003, Brazil",4.0,4.0,,"health, point_of_interest, establishment",,Google Places Advanced,"Fabricante de Móveis Hospitalares in Rio de Janeiro, RJ","Rio de Janeiro, RJ",Fabricante de Móveis Hospitalares
Pinus Indústria Química e Farmacêutica,,"R. André Rocha, 2330 - Jacarepaguá, Rio de Janeiro - RJ, 22710-561, Brazil",5.0,1.0,+55 21 2427-3004,"point_of_interest, establishment",,Google Places Advanced,"Indústria Farmacêutica in Rio de Janeiro, RJ","Rio de Janeiro, RJ",Indústria Farmacêutica
Sociedade Farmacêutica Henfer,,"R. Pesqueira, 68 - Bonsucesso, Rio de Janeiro - RJ, 21041-150, Brazil",5.0,1.0,+55 21 2564-8491,"health, point_of_interest, establishment",,Google Places Advanced,"Indústria Farmacêutica in Rio de Janeiro, RJ","Rio de Janeiro, RJ",Indústria Farmacêutica
AllPharma Indústria Farmacêutica,,"Av. Senador Doutor Durval Cruz, S/N - Qd. 6 Lotes 13, 14 e 15 - Serra de Mato Grosso, Saquarema - RJ, 28997-670, Brazil",5.0,3.0,,"health, point_of_interest, establishment",,Google Places Advanced,"Indústria Farmacêutica in Rio de Janeiro, RJ","Rio de Janeiro, RJ",Indústria Farmacêutica
Comércio e Indústria Farmos Ltda.,,"R. Souto Carvalho, 52 - Engenho Novo, Rio de Janeiro - RJ, 20950-310, Brazil",4.7,3.0,+55 21 2261-2605,"point_of_interest, establishment",,Google Places Advanced,"Indústria Farmacêutica in Rio de Janeiro, RJ","Rio de Janeiro, RJ",Indústria Farmacêutica
Microbiológica Química e Farmacêutica Ltda,,"Est. Arroio Pavuna, 600 - Anil, Rio de Janeiro - RJ, 22775-015, Brazil",5.0,1.0,+55 21 2445-2288,"health, point_of_interest, establishment",,Google Places Advanced,"Indústria Farmacêutica in Rio de Janeiro, RJ","Rio de Janeiro, RJ",Indústria Farmacêutica
Soluções Farmacêuticas - RJ,,"Av. Embaixador Abelardo Bueno, 1111 - sl 117 - Barra da Tijuca, Rio de Janeiro - RJ, 22775-039, Brazil",5.0,7.0,+55 21 99504-6081,"wholesaler, health, point_of_interest, establishment",,Google Places Advanced,"Indústria Farmacêutica in Rio de Janeiro, RJ","Rio de Janeiro, RJ",Indústria Farmacêutica
Novaaxys Farmacêutica Ltda.,,"Rua Matinoré, 457 - Jacaré, Rio de Janeiro - RJ, 20975-100, Brazil",4.3,4.0,+55 21 2501-4507,"health, point_of_interest, establishment",,Google Places Advanced,"Indústria Farmacêutica in Rio de Janeiro, RJ","Rio de Janeiro, RJ",Indústria Farmacêutica
Instituto de Tecnologia em Fármacos Farmanguinhos,,"Av. Cmte. Guaranys, 447 - Jacarepaguá, Rio de Janeiro - RJ, 22775-903, Brazil",4.6,196.0,+55 21 3348-5050,"point_of_interest, establishment",,Google Places Advanced,"Indústria Farmacêutica in Rio de Janeiro, RJ","Rio de Janeiro, RJ",Indústria Farmacêutica
TRIO DISTRIBUIDORA DE MEDICAMENTOS,,"Rua Álvaro Alvim, 24 - 503 - Cinelândia, Rio de Janeiro - RJ, 20031-010, Brazil",5.0,4.0,+55 21 97240-4751,"wholesaler, point_of_interest, establishment",,Google Places Advanced,"Distribuidora de Medicamentos e Correlatos in Rio de Janeiro, RJ","Rio de Janeiro, RJ",Distribuidora de Medicamentos e Correlatos
Stock Rio / Distribuidora de Produtos Farmacêuticos / Medicamentos em Geral / Rio de Janeiro,,"R. Miraluz, 261 - Higienópolis, Rio de Janeiro - RJ, 21061-040, Brazil",5.0,5.0,+55 21 2427-6963,"point_of_interest, establishment",,Google Places Advanced,"Distribuidora de Medicamentos e Correlatos in Rio de Janeiro, RJ","Rio de Janeiro, RJ",Distribuidora de Medicamentos e Correlatos
Jacques Med Distribuidora de Medicamentos e Material Hospitalar LTDA,,"Rua Coronel João Olintho, 918 - LOJA B - Recreio dos Bandeirantes, Rio de Janeiro - RJ, 22790-170, Brazil",5.0,4.0,+55 21 3557-7722,"wholesaler, health, point_of_interest, establishment",,Google Places Advanced,"Distribuidora de Medicamentos e Correlatos in Rio de Janeiro, RJ","Rio de Janeiro, RJ",Distribuidora de Medicamentos e Correlatos
Santa Cruz Distribuidora De Medicamentos,,"Av Litorânea, 2250 - Parque Beira Mar, Duque de Caxias - RJ, 25085-220, Brazil",3.9,128.0,,"point_of_interest, establishment",,Google Places Advanced,"Distribuidora de Medicamentos e Correlatos in Rio de Janeiro, RJ","Rio de Janeiro, RJ",Distribuidora de Medicamentos e Correlatos
Jacques Med Distribuidora de Medicamentos e Material Hospitalar LTDA (Matriz),,"Rua Marechal Floriano, 213 - Parque Duque, Duque de Caxias - RJ, 25075-025, Brazil",5.0,1.0,+55 21 3563-4888,"wholesaler, health, point_of_interest, establishment",,Google Places Advanced,"Distribuidora de Medicamentos e Correlatos in Rio de Janeiro, RJ","Rio de Janeiro, RJ",Distribuidora de Medicamentos e Correlatos
elohim distribuidora de medicamentos ltda,,"Av. Governador Leonel de Moura Brizola - Parque Muisa, Duque de Caxias - RJ, 25046-100, Brazil",,,+55 21 3659-1705,"wholesaler, health, point_of_interest, establishment",,Google Places Advanced,"Distribuidora de Medicamentos e Correlatos in Rio de Janeiro, RJ","Rio de Janeiro, RJ",Distribuidora de Medicamentos e Correlatos
FARMAPOINT COMERCIO DE MEDICAMENTOS E MATERIAIS HOSPITALARES ( FP GROUP ),,"R. João Bruno Lobo, 148 - Curicica, Rio de Janeiro - RJ, 20780-806, Brazil",5.0,3.0,+55 21 99213-9856,"wholesaler, health, point_of_interest, establishment",,Google Places Advanced,"Distribuidora de Medicamentos e Correlatos in Rio de Janeiro, RJ","Rio de Janeiro, RJ",Distribuidora de Medicamentos e Correlatos
Rio Center Distribuidora,,"R. Francisco Siqueira, 160 - Inhaúma, Rio de Janeiro - RJ, 20765-270, Brazil",4.0,10.0,+55 21 2596-2120,"wholesaler, point_of_interest, health, establishment",,Google Places Advanced,"Importadora de Produtos para Saúde in Rio de Janeiro, RJ","Rio de Janeiro, RJ",Importadora de Produtos para Saúde
Amazonas House - Cleaning Material,,"R. Leandro Martins - Centro, Rio de Janeiro - RJ, 20080-070, Brazil",5.0,2.0,+55 21 3232-7777,"point_of_interest, establishment",,Google Places Advanced,"Importadora de Produtos para Saúde in Rio de Janeiro, RJ","Rio de Janeiro, RJ",Importadora de Produtos para Saúde
Inti e Você Artesanato Distribuidora de Incensos,,"R. da Alfândega, 189 - Sobrado - Centro, Rio de Janeiro - RJ, 20070-005, Brazil",4.7,156.0,+55 21 2507-1511,"store, point_of_interest, establishment",,Google Places Advanced,"Importadora de Produtos para Saúde in Rio de Janeiro, RJ","Rio de Janeiro, RJ",Importadora de Produtos para Saúde
Laboratório de prótese Digital N.S,,"Ladeira do Leme - Copacabana, Rio de Janeiro - RJ, 22290-130, Brazil",5.0,14.0,+55 21 96438-0643,"point_of_interest, health, establishment",,Google Places Advanced,"Laboratório de Prótese Dentária Digital in Rio de Janeiro, RJ","Rio de Janeiro, RJ",Laboratório de Prótese Dentária Digital
Protético bom®,,"R. Matisia, 113 - frente - Parque Anchieta, Rio de Janeiro - RJ, 21620-470, Brazil",5.0,174.0,,"point_of_interest, health, establishment",,Google Places Advanced,"Laboratório de Prótese Dentária Digital in Rio de Janeiro, RJ","Rio de Janeiro, RJ",Laboratório de Prótese Dentária Digital
Laboratório De Prótese Dentária Digital Frank Piñon,,"R. Noronha Torrezão, 24 - Sala 1102 - Santa Rosa, Niterói - RJ, 24240-182, Brazil",4.3,3.0,+55 21 97220-2626,"point_of_interest, health, establishment",,Google Places Advanced,"Laboratório de Prótese Dentária Digital in Rio de Janeiro, RJ","Rio de Janeiro, RJ",Laboratório de Prótese Dentária Digital
Laboratório Protaux - próteses dentárias,,"R. Nova Lourdes - Campo Grande, Rio de Janeiro - RJ, 23090-230, Brazil",5.0,1.0,+55 21 96448-3313,"point_of_interest, health, establishment",,Google Places Advanced,"Laboratório de Prótese Dentária Digital in Rio de Janeiro, RJ","Rio de Janeiro, RJ",Laboratório de Prótese Dentária Digital
Laboratório de prótese MF Dental Studio,,"Estr. do Itanhangá, 483 - Itanhangá, Rio de Janeiro - RJ, 22753-005, Brazil",,,+55 21 4108-2035,"point_of_interest, health, establishment",,Google Places Advanced,"Laboratório de Prótese Dentária Digital in Rio de Janeiro, RJ","Rio de Janeiro, RJ",Laboratório de Prótese Dentária Digital
Kurdian Prótese Dental (só pata dentistas),,"R. Caruaru, 220 - Casa 1 - Grajaú, Rio de Janeiro - RJ, 20560-215, Brazil",4.6,9.0,+55 21 98894-8087,"point_of_interest, health, establishment",,Google Places Advanced,"Laboratório de Prótese Dentária Digital in Rio de Janeiro, RJ","Rio de Janeiro, RJ",Laboratório de Prótese Dentária Digital
Empresa de Tecnologia e Informações da Previdência Social DATAPREV - Rio de Janeiro (Botafogo),,"R. Prof. Álvaro Rodrigues, 460 - Botafogo, Rio de Janeiro - RJ, 22280-040, Brazil",4.4,138.0,+55 21 3616-7000,"point_of_interest, establishment",,Google Places Advanced,"Empresa de Tecnologia em Saúde in Rio de Janeiro, RJ","Rio de Janeiro, RJ",Empresa de Tecnologia em Saúde
SierraTecnologia - Desenvolvimento de Sistemas,,"Rua Pacheco Leão, 174 - Jardim Botânico, Rio de Janeiro - RJ, 22460-030, Brazil",5.0,7.0,+55 21 2428-3883,"point_of_interest, establishment",,Google Places Advanced,"Empresa de Tecnologia em Saúde in Rio de Janeiro, RJ","Rio de Janeiro, RJ",Empresa de Tecnologia em Saúde
Sidetech - Software para Gestão de Saúde Ocupacional e Segurança do Trabalho,,"Praça Floriano, 55 - Cobertura 1 - Centro, Rio de Janeiro - RJ, 20031-050, Brazil",5.0,6.0,+55 21 2509-0075,"point_of_interest, establishment",,Google Places Advanced,"Empresa de Tecnologia em Saúde in Rio de Janeiro, RJ","Rio de Janeiro, RJ",Empresa de Tecnologia em Saúde
Empresa de Tecnologia e Informações da Previdência Social,,"Av. Teixeira de Castro, 250 - Bonsucesso, Rio de Janeiro - RJ, 21040-010, Brazil",3.0,10.0,,"point_of_interest, establishment",,Google Places Advanced,"Empresa de Tecnologia em Saúde in Rio de Janeiro, RJ","Rio de Janeiro, RJ",Empresa de Tecnologia em Saúde
SAMPAIO HEALTH TECH CORRETAGEM DE SEGUROS LTDA.,,"Avenida Itaóca 2358 - Vila Acorizal, 133 / 101 - Bonsucesso, Rio de Janeiro - RJ, 21061-020, Brazil",5.0,35.0,+55 21 99787-9994,"insurance_agency, point_of_interest, establishment",,Google Places Advanced,"Healthtech in Rio de Janeiro, RJ","Rio de Janeiro, RJ",Healthtech
Cirúrgica Vital Médica BH,,"R. Rio Grande do Norte, 175 - Santa Efigênia, Belo Horizonte - MG, 30130-130, Brazil",4.9,195.0,+55 31 99100-6115,"health, point_of_interest, store, establishment",,Google Places Advanced,"Fabricante de Equipamentos Médicos in Belo Horizonte, MG","Belo Horizonte, MG",Fabricante de Equipamentos Médicos
E-Medical Manutenção em Equipamentos hospitalares,,"R. Alexandre Barbosa, 78 - São José, Belo Horizonte - MG, 31660-000, Brazil",5.0,17.0,+55 31 3212-8236,"point_of_interest, establishment",,Google Places Advanced,"Fabricante de Equipamentos Médicos in Belo Horizonte, MG","Belo Horizonte, MG",Fabricante de Equipamentos Médicos
Techmedical Importação e Comércio - Próteses e equipamentos médicos,http://www.techmedical.com.br/,"Av. Bernardo Monteiro, 407 - Floresta, Belo Horizonte - MG, 30150-280, Brazil",5.0,1.0,+55 31 3239-8324,"health, point_of_interest, store, establishment",,Google Places Advanced,"Fabricante de Equipamentos Médicos in Belo Horizonte, MG","Belo Horizonte, MG",Fabricante de Equipamentos Médicos
Hospiloc,http://hospiloc.com.br/,"Av. Pasteur, 76 - Santa Efigênia, Belo Horizonte - MG, 30150-290, Brazil",5.0,389.0,+55 31 98383-6318,"health, point_of_interest, store, establishment",,Google Places Advanced,"Fabricante de Equipamentos Médicos in Belo Horizonte, MG","Belo Horizonte, MG",Fabricante de Equipamentos Médicos
Cirúrgica Bem Viver- Cadeiras de Rodas e materiais hospitalares,,"Av. Bernardo Monteiro, 786 - Santa Efigênia, Belo Horizonte - MG, 30150-281, Brazil",4.9,95.0,+55 31 3214-1815,"furniture_store, home_improvement_store, health, point_of_interest, home_goods_store, store, establishment",,Google Places Advanced,"Fabricante de Equipamentos Médicos in Belo Horizonte, MG","Belo Horizonte, MG",Fabricante de Equipamentos Médicos
Cirurgica Sempre Vida,http://www.semprevidacirurgica.com.br/,"Rua dos Otoni, 645 - Santa Efigênia, Belo Horizonte - MG, 30150-270, Brazil",5.0,67.0,+55 31 3274-1595,"health, point_of_interest, store, establishment",,Google Places Advanced,"Fabricante de Equipamentos Médicos in Belo Horizonte, MG","Belo Horizonte, MG",Fabricante de Equipamentos Médicos
Pró-Hospitalar,https://prohospitalar.com.br/,"R. Severino Lara, 9 - São Pedro (Venda Nova), Belo Horizonte - MG, 31610-260, Brazil",5.0,32.0,+55 31 3071-6200,"point_of_interest, health, establishment",,Google Places Advanced,"Indústria de Materiais Hospitalares in Belo Horizonte, MG","Belo Horizonte, MG",Indústria de Materiais Hospitalares
Minas Industria de Moveis Hospitalar Eireli,,"Rua Maria Claudina Rocha Silva - Areias, Ribeirão das Neves - MG, 33920-005, Brazil",4.8,19.0,+55 31 3168-5110,"point_of_interest, health, establishment",,Google Places Advanced,"Indústria de Materiais Hospitalares in Belo Horizonte, MG","Belo Horizonte, MG",Indústria de Materiais Hospitalares
Dental Fort,,"Rua dos Tupis, 457 - Sala 901 - Centro, Belo Horizonte - MG, 30190-060, Brazil",4.9,27.0,+55 31 98661-4062,"health, point_of_interest, store, establishment",,Google Places Advanced,"Fabricante de Produtos Odontológicos in Belo Horizonte, MG","Belo Horizonte, MG",Fabricante de Produtos Odontológicos
DENTAL PRODENTISTA,,"R. Ingá, 381 - Ipiranga, Belo Horizonte - MG, 31160-100, Brazil",4.9,76.0,+55 31 3115-3939,"health, point_of_interest, store, establishment",,Google Places Advanced,"Fabricante de Produtos Odontológicos in Belo Horizonte, MG","Belo Horizonte, MG",Fabricante de Produtos Odontológicos
odontodil assistência tecnica em equipamentos odontologicos,,"Rua: padre Argemiro Moreira, 2323 - São Gabriel, Belo Horizonte - MG, 31980-400, Brazil",4.5,38.0,+55 31 99585-1446,"health, point_of_interest, store, establishment",,Google Places Advanced,"Fabricante de Produtos Odontológicos in Belo Horizonte, MG","Belo Horizonte, MG",Fabricante de Produtos Odontológicos
Easy Dental Equipment,https://easybassi.com.br/,"R. Barão de Paraopeba, 230 e - galpão 290 - Jardinópolis, Belo Horizonte - MG, 30532-150, Brazil",4.8,57.0,+55 31 3328-5550,"health, point_of_interest, store, establishment",,Google Places Advanced,"Fabricante de Produtos Odontológicos in Belo Horizonte, MG","Belo Horizonte, MG",Fabricante de Produtos Odontológicos
CIA DO IMPLANTE COMERCIO E REPRESENTACAO DE PRODUTOS MEDICOS E ODONTOLOGICOS LTDA,,"R. Orange - São Pedro, Belo Horizonte - MG, 30330-020, Brazil",5.0,1.0,+55 31 99629-7004,"health, point_of_interest, store, establishment",,Google Places Advanced,"Fabricante de Implantes Dentários in Belo Horizonte, MG","Belo Horizonte, MG",Fabricante de Implantes Dentários
Implantes Minas Gerais,,"Av. do Contorno, 4747 - conj. 1310-1311 - Funcionários, Belo Horizonte - MG, 30110-921, Brazil",5.0,1.0,+55 31 99564-4480,"dentist, health, point_of_interest, establishment",,Google Places Advanced,"Fabricante de Implantes Dentários in Belo Horizonte, MG","Belo Horizonte, MG",Fabricante de Implantes Dentários
Implantus Odontologia Planalto,,"Av. Dr. Cristiano Guimarães, 1745 - Planalto, Belo Horizonte - MG, 31720-300, Brazil",5.0,404.0,+55 31 2510-9039,"dentist, health, point_of_interest, establishment",,Google Places Advanced,"Fabricante de Implantes Dentários in Belo Horizonte, MG","Belo Horizonte, MG",Fabricante de Implantes Dentários
Usina Jr,,"Av. Pres. Antônio Carlos, 6627 - Prédio Inova - Pampulha, Belo Horizonte - MG, 31270-901, Brazil",4.2,5.0,+55 31 3409-4905,"consultant, point_of_interest, establishment",,Google Places Advanced,"Fabricante de Implantes Ortopédicos in Belo Horizonte, MG","Belo Horizonte, MG",Fabricante de Implantes Ortopédicos
SOMED Soluções Médicas Ltda,,"Av. Raja Gabáglia, 2000 Tower 01 - Sl. 541 to 544 Estoril - |, 170 - São Francisco, Belo Horizonte - MG, Brazil",,,+55 31 3566-5680,"health, point_of_interest, establishment",,Google Places Advanced,"Fabricante de Implantes Ortopédicos in Belo Horizonte, MG","Belo Horizonte, MG",Fabricante de Implantes Ortopédicos
Plastic Surgery Clinic Dr. Lauro Avellan,,"Rua dos Guajajaras, 628 - sala 107 - Lourdes, Belo Horizonte - MG, 30180-100, Brazil",4.9,107.0,+55 31 98987-5659,"doctor, health, point_of_interest, establishment",,Google Places Advanced,"Fabricante de Implantes Ortopédicos in Belo Horizonte, MG","Belo Horizonte, MG",Fabricante de Implantes Ortopédicos
Minas Cirúrgica,,"Av. do Contorno, 4023 - 901 - São Lucas, Belo Horizonte - MG, 30240-270, Brazil",5.0,1.0,+55 31 3264-9296,"health, point_of_interest, store, establishment",,Google Places Advanced,"Fabricante de Instrumentos Cirúrgicos in Belo Horizonte, MG","Belo Horizonte, MG",Fabricante de Instrumentos Cirúrgicos
Laborzil Prótese Dentária,,"R. Além Paraíba, 258 - Bonfim, Belo Horizonte - MG, 31210-120, Brazil",5.0,1.0,+55 31 3421-2800,"health, point_of_interest, establishment",,Google Places Advanced,"Fabricante de Próteses in Belo Horizonte, MG","Belo Horizonte, MG",Fabricante de Próteses
Vizare Prótese Ocular,,"Av. Pasteur, 40 - Sala 203 - Santa Efigênia, Belo Horizonte - MG, 30150-290, Brazil",5.0,86.0,+55 31 97500-1492,"health, point_of_interest, establishment",,Google Places Advanced,"Fabricante de Próteses in Belo Horizonte, MG","Belo Horizonte, MG",Fabricante de Próteses
PROLINS Laboratório de Próteses Odontológicas,,"R. dos Aimorés, 1297 - Sala 404, 405, 406 - Boa Viagem, Belo Horizonte - MG, 30140-071, Brazil",4.2,10.0,+55 31 3201-1847,"health, point_of_interest, establishment",,Google Places Advanced,"Fabricante de Próteses in Belo Horizonte, MG","Belo Horizonte, MG",Fabricante de Próteses
Especialização em Prótese Dentaria - Pós-graduação,http://especializarprotesedental.com.br/,"R. Albita, 131 - Cruzeiro, Belo Horizonte - MG, 30310-160, Brazil",5.0,1.0,+55 31 99800-6450,"point_of_interest, establishment",,Google Places Advanced,"Fabricante de Próteses in Belo Horizonte, MG","Belo Horizonte, MG",Fabricante de Próteses
2M LABORATÓRIO DE PRÓTESE DENTÁRIA LTDA,,"R. São Paulo, 1106 - Centro, Belo Horizonte - MG, 30170-131, Brazil",,,+55 31 98433-6490,"health, point_of_interest, establishment",,Google Places Advanced,"Fabricante de Próteses in Belo Horizonte, MG","Belo Horizonte, MG",Fabricante de Próteses
Laboratório de Prótese São Jorge Ltda,,"R. Geraldo Teixeira da Costa, 140 - Floresta, Belo Horizonte - MG, 30150-120, Brazil",3.0,2.0,+55 31 3222-7995,"health, point_of_interest, establishment",,Google Places Advanced,"Fabricante de Próteses in Belo Horizonte, MG","Belo Horizonte, MG",Fabricante de Próteses
Fábrica de Móveis Assépticos,,"Av. Barão Homem de Melo, 1509 - Santa Sofia, Belo Horizonte - MG, 30451-381, Brazil",2.7,7.0,+55 31 3373-1133,"point_of_interest, health, store, establishment",,Google Places Advanced,"Fabricante de Móveis Hospitalares in Belo Horizonte, MG","Belo Horizonte, MG",Fabricante de Móveis Hospitalares
Líder Móveis Hospitalares,https://lidermoveishospitalares.com.br/,"R. Nova Iorque, 756 - LJ 02 - Girassol, Ribeirão das Neves - MG, 33915-021, Brazil",,,+55 31 3161-2021,"point_of_interest, establishment",,Google Places Advanced,"Fabricante de Móveis Hospitalares in Belo Horizonte, MG","Belo Horizonte, MG",Fabricante de Móveis Hospitalares
Fawler Industria,,"Av. Barão Homem de Melo, 1509 - Nova Granada, Belo Horizonte - MG, 30431-285, Brazil",3.6,27.0,+55 31 3373-1133,"point_of_interest, health, store, establishment",,Google Places Advanced,"Fabricante de Móveis Hospitalares in Belo Horizonte, MG","Belo Horizonte, MG",Fabricante de Móveis Hospitalares
Abbott,,"Rua Professor José Vieira de Mendonça, 1301 - Engenho Nogueira, Belo Horizonte - MG, 34000-000, Brazil",4.7,29.0,+55 31 3888-5217,"point_of_interest, establishment",,Google Places Advanced,"Indústria Farmacêutica in Belo Horizonte, MG","Belo Horizonte, MG",Indústria Farmacêutica
Bhlog Distribuidora de Medicamentos Farm Ltdm,,"Rua Simão Tamm, 285 - Cachoeirinha, Belo Horizonte - MG, 31130-250, Brazil",5.0,4.0,+55 31 2122-9400,"point_of_interest, establishment",,Google Places Advanced,"Distribuidora de Medicamentos e Correlatos in Belo Horizonte, MG","Belo Horizonte, MG",Distribuidora de Medicamentos e Correlatos
Multifarma Comercial,http://www.multifarma.com.br/,"Av. Três, 283 - Jequitibá, Vespasiano - MG, 33200-000, Brazil",5.0,1.0,+55 31 2522-8170,"wholesaler, point_of_interest, health, establishment",,Google Places Advanced,"Distribuidora de Medicamentos e Correlatos in Belo Horizonte, MG","Belo Horizonte, MG",Distribuidora de Medicamentos e Correlatos
Drogaria Farma 31,http://www.farma31.com.br/,"R. Eduardo Carlos, 165 - Araguaia, Belo Horizonte - MG, 30620-440, Brazil",4.8,744.0,+55 31 3321-7811,"drugstore, clothing_store, point_of_interest, health, store, establishment",,Google Places Advanced,"Distribuidora de Medicamentos e Correlatos in Belo Horizonte, MG","Belo Horizonte, MG",Distribuidora de Medicamentos e Correlatos
Grupo HOF Saúde,,"Rua dos Guajajaras, 880 - Sala 602 - Centro, Belo Horizonte - MG, 30180-106, Brazil",4.6,27.0,+55 31 99064-2198,"wholesaler, health, point_of_interest, establishment",,Google Places Advanced,"Importadora de Produtos para Saúde in Belo Horizonte, MG","Belo Horizonte, MG",Importadora de Produtos para Saúde
Biohosp Produtos Hospitalares - Sede Administrativa,,"R. Silva Fortes, 47 - 5o andar - União, Belo Horizonte - MG, 31160-320, Brazil",4.2,33.0,+55 31 3071-0696,"health, wholesaler, point_of_interest, establishment",,Google Places Advanced,"Logística Hospitalar in Belo Horizonte, MG","Belo Horizonte, MG",Logística Hospitalar
LINEHOSP MEDICAL COMERCIO DE PRODUTOS HOSPITALARES,,"Av. Pres. Tancredo Neves, 4065 - Castelo, Belo Horizonte - MG, 31330-430, Brazil",,,+55 31 2535-9678,"health, wholesaler, point_of_interest, store, establishment",,Google Places Advanced,"Logística Hospitalar in Belo Horizonte, MG","Belo Horizonte, MG",Logística Hospitalar
IsoDente Soluções em Odontologia Digital,,"Rua dos Tupis, 38/808 - Centro, Belo Horizonte - MG, 30190-901, Brazil",5.0,1.0,+55 31 98343-3792,"point_of_interest, health, establishment",,Google Places Advanced,"Laboratório de Prótese Dentária Digital in Belo Horizonte, MG","Belo Horizonte, MG",Laboratório de Prótese Dentária Digital
NLAB Digital,,"Av. Raja Gabáglia, 2000 - Torre 2 - Estoril, Belo Horizonte - MG, 30494-170, Brazil",5.0,1.0,+55 31 99761-8255,"point_of_interest, health, establishment",,Google Places Advanced,"Laboratório de Prótese Dentária Digital in Belo Horizonte, MG","Belo Horizonte, MG",Laboratório de Prótese Dentária Digital
Laborlay,,"R. Padre Tiago de Almeida, 21 - Camargos, Belo Horizonte - MG, 30520-440, Brazil",5.0,17.0,+55 31 3245-3719,"point_of_interest, health, establishment",,Google Places Advanced,"Laboratório de Prótese Dentária Digital in Belo Horizonte, MG","Belo Horizonte, MG",Laboratório de Prótese Dentária Digital
LabClélio Prótese Dentária,,"Av. Afonso Pena, 867 - Andar 13 Sala 1312 - Centro, Belo Horizonte - MG, 30130-905, Brazil",3.9,25.0,+55 31 3217-9600,"point_of_interest, health, establishment",,Google Places Advanced,"Laboratório de Prótese Dentária Digital in Belo Horizonte, MG","Belo Horizonte, MG",Laboratório de Prótese Dentária Digital
Laboratório Ced Pró Implante Digital,,"R. Rio Grande do Norte, 1166 - Savassi, Belo Horizonte - MG, 30130-131, Brazil",2.7,6.0,+55 31 2527-6609,"point_of_interest, health, establishment",,Google Places Advanced,"Laboratório de Prótese Dentária Digital in Belo Horizonte, MG","Belo Horizonte, MG",Laboratório de Prótese Dentária Digital
Lopes Vieira Laboratório de Prótese Odontologia,,"Rua dos Guajajaras, 1765 - Barro Preto, Belo Horizonte - MG, 30140-062, Brazil",5.0,2.0,+55 31 3201-0780,"point_of_interest, health, establishment",,Google Places Advanced,"Laboratório de Prótese Dentária Digital in Belo Horizonte, MG","Belo Horizonte, MG",Laboratório de Prótese Dentária Digital
J&C Protec Digital Laboratório,,"R. Flôr das Pedras, 340 - Jardim Alvorada, Belo Horizonte - MG, 30810-000, Brazil",,,+55 31 3494-0146,"point_of_interest, health, establishment",,Google Places Advanced,"Laboratório de Prótese Dentária Digital in Belo Horizonte, MG","Belo Horizonte, MG",Laboratório de Prótese Dentária Digital
Empresa de Tecnologia e Informações da Previdência Social - Belo Horizonte,,"Av. José Cândido da Silveira, 1200 - Cidade Nova, Belo Horizonte - MG, 31035-536, Brazil",1.6,49.0,,"point_of_interest, establishment",,Google Places Advanced,"Empresa de Tecnologia em Saúde in Belo Horizonte, MG","Belo Horizonte, MG",Empresa de Tecnologia em Saúde
MLF,http://www.mlf.net.br/,"Av. Getúlio Vargas, 1420 - Savassi, Belo Horizonte - MG, 30112-021, Brazil",5.0,1.0,+55 31 99866-7591,"corporate_office, point_of_interest, establishment",,Google Places Advanced,"Empresa de Tecnologia em Saúde in Belo Horizonte, MG","Belo Horizonte, MG",Empresa de Tecnologia em Saúde
Health Tech,,"Rua Guaranésia, 348 - Colégio Batista, Belo Horizonte - MG, 30110-170, Brazil",5.0,4.0,+55 31 3234-4734,"corporate_office, point_of_interest, establishment",,Google Places Advanced,"Healthtech in Belo Horizonte, MG","Belo Horizonte, MG",Healthtech
Folmed Produtos Médicos e Hospitalares,,"R. Cel. Pretextato Pena Forte Taborda Ribas, 275 - Santa Quiteria, Curitiba - PR, 80310-260, Brazil",2.8,5.0,+55 41 3010-2266,"point_of_interest, establishment",,Google Places Advanced,"Fabricante de Equipamentos Médicos in Curitiba, PR","Curitiba, PR",Fabricante de Equipamentos Médicos
São Luiz Produtos Médicos e Hospitalares,,"Av. Rep. Argentina, 4235 - Novo Mundo, Curitiba - PR, 81050-000, Brazil",5.0,297.0,+55 41 99709-6839,"store, health, point_of_interest, establishment",,Google Places Advanced,"Fabricante de Equipamentos Médicos in Curitiba, PR","Curitiba, PR",Fabricante de Equipamentos Médicos
Medicasa oxigenoterapia domiciliar,,"Av. Mal. Floriano Peixoto, 1574 - 3º Andar - Rebouças, Curitiba - PR, 80230-110, Brazil",4.9,69.0,+55 41 99199-1441,"health, point_of_interest, establishment",,Google Places Advanced,"Fabricante de Equipamentos Médicos in Curitiba, PR","Curitiba, PR",Fabricante de Equipamentos Médicos
Prosurg Produtos Médicos,,"Av. Paraná, 2288 - Bacacheri, Curitiba - PR, 80035-130, Brazil",4.1,22.0,+55 41 3052-7400,"store, health, point_of_interest, establishment",,Google Places Advanced,"Fabricante de Equipamentos Médicos in Curitiba, PR","Curitiba, PR",Fabricante de Equipamentos Médicos
Soma/Pr Produtos Hospitalares Ltda,,"R. Anita Ribas, 410 - Bacacheri, Curitiba - PR, 82520-610, Brazil",4.6,76.0,+55 41 3028-2375,"warehouse_store, point_of_interest, store, establishment",,Google Places Advanced,"Indústria de Materiais Hospitalares in Curitiba, PR","Curitiba, PR",Indústria de Materiais Hospitalares
Pró Dental Clínica Odontológica - Implantes Dentários e Periodontia Curitiba/PR,http://prodentalclinicaodonto.com.br/,"R. Heitor Stockler de França, 396 - Conjunto 1501 - Centro Cívico, Curitiba - PR, 80030-030, Brazil",4.8,20.0,+55 41 3352-8300,"dental_clinic, dentist, doctor, health, point_of_interest, establishment",,Google Places Advanced,"Fabricante de Implantes Dentários in Curitiba, PR","Curitiba, PR",Fabricante de Implantes Dentários
JJGC Indústria e Comércio de Materiais Dentários Sa,,"Av. Juscelino Kubitschek de Oliveira - Ld, 3291 - Cidade Industrial de Curitiba, Curitiba - PR, 81260-000, Brazil",1.0,2.0,+55 41 2169-4000,"health, point_of_interest, store, establishment",,Google Places Advanced,"Fabricante de Implantes Dentários in Curitiba, PR","Curitiba, PR",Fabricante de Implantes Dentários
Curitiba Implantes,http://www.curitibaimplantes.com/,"R. dos Pioneiros, 1131 - Sítio Cercado, Curitiba - PR, 81910-080, Brazil",4.8,23.0,+55 41 99677-0006,"dental_clinic, dentist, doctor, health, point_of_interest, establishment",,Google Places Advanced,"Fabricante de Implantes Dentários in Curitiba, PR","Curitiba, PR",Fabricante de Implantes Dentários
Oral Sin Implantes Curitiba - Centro Cívico,,"R. Alberto Folloni, 1168 - Juvevê, Curitiba - PR, 80540-000, Brazil",4.8,47.0,+55 41 3405-4540,"health, point_of_interest, establishment",,Google Places Advanced,"Fabricante de Implantes Dentários in Curitiba, PR","Curitiba, PR",Fabricante de Implantes Dentários
RS Med,,"Av. Rep. Argentina, 2275 - Água Verde, Curitiba - PR, 80610-260, Brazil",5.0,4.0,+55 41 4103-0113,"point_of_interest, establishment",,Google Places Advanced,"Fabricante de Implantes Ortopédicos in Curitiba, PR","Curitiba, PR",Fabricante de Implantes Ortopédicos
Impland - Trade hospital medical products,,"Rua Emiliano Perneta, 860 - Centro, Curitiba - PR, 80420-080, Brazil",3.8,8.0,+55 41 3019-6822,"store, point_of_interest, establishment",,Google Places Advanced,"Fabricante de Implantes Ortopédicos in Curitiba, PR","Curitiba, PR",Fabricante de Implantes Ortopédicos
MEDNOX INSTRUMENTOS CIRÚRGICOS,,"R. Rio Madeira, 231 - Weissópolis, Pinhais - PR, 83322-340, Brazil",5.0,7.0,+55 41 3732-3527,"point_of_interest, establishment",,Google Places Advanced,"Fabricante de Instrumentos Cirúrgicos in Curitiba, PR","Curitiba, PR",Fabricante de Instrumentos Cirúrgicos
Parana Protese,,"R. Saldanha Marinho, 456 - Centro, Curitiba - PR, 80410-150, Brazil",5.0,1.0,+55 41 3024-3996,"health, point_of_interest, establishment",,Google Places Advanced,"Fabricante de Próteses in Curitiba, PR","Curitiba, PR",Fabricante de Próteses
Ortese e Prótese-Cemm,,"Al. Dr. Muricy, 498 - Centro, Curitiba - PR, 80010-120, Brazil",5.0,1.0,+55 41 3323-5291,"health, point_of_interest, establishment",,Google Places Advanced,"Fabricante de Próteses in Curitiba, PR","Curitiba, PR",Fabricante de Próteses
Laboratório de Prótese Vieira,,"Av. João Gualberto, 1342 - Alto da Glória, Curitiba - PR, 80030-001, Brazil",4.5,8.0,+55 41 3029-4852,"health, point_of_interest, establishment",,Google Places Advanced,"Fabricante de Próteses in Curitiba, PR","Curitiba, PR",Fabricante de Próteses
Kapilare,,"R. André de Barros, 226 - sala 307 - Centro, Curitiba - PR, 80010-080, Brazil",5.0,2.0,+55 41 99549-3651,"point_of_interest, establishment",,Google Places Advanced,"Fabricante de Próteses in Curitiba, PR","Curitiba, PR",Fabricante de Próteses
PROESTHETIC-Laboratório de Prótese Odontológica,,"R. Mal. Deodoro, 503 - 18º andar - Centro, Curitiba - PR, 80020-000, Brazil",4.0,8.0,+55 41 3076-8603,"health, point_of_interest, establishment",,Google Places Advanced,"Fabricante de Próteses in Curitiba, PR","Curitiba, PR",Fabricante de Próteses
Farmalab Indústria Química e Farmacêutica Ltda,,"R. Dep. Estefano Mikilita, 125 - Portão, Curitiba - PR, 81070-430, Brazil",3.0,2.0,+55 41 3329-9062,"health, point_of_interest, establishment",,Google Places Advanced,"Indústria Farmacêutica in Curitiba, PR","Curitiba, PR",Indústria Farmacêutica
Essenza Com e Ind Farmacêutica,,"R. Ébano Pereira, 138 - Centro, Curitiba - PR, 80410-240, Brazil",5.0,2.0,+55 41 3322-0708,"pharmacy, health, store, point_of_interest, establishment",,Google Places Advanced,"Indústria Farmacêutica in Curitiba, PR","Curitiba, PR",Indústria Farmacêutica
Laboratório Farmacêutico Dermatológico Dermo Ltda,,"Rod br, 277 - Mossunguê, Curitiba - PR, 82305-100, Brazil",,,+55 41 3373-3590,"health, point_of_interest, establishment",,Google Places Advanced,"Indústria Farmacêutica in Curitiba, PR","Curitiba, PR",Indústria Farmacêutica
O Pharmacêutico,,"R. Prof. Ulisses Vieira, 413 - Vila Izabel, Curitiba - PR, 80320-090, Brazil",5.0,16.0,+55 41 3030-6183,"pharmacy, drugstore, health, store, point_of_interest, establishment",,Google Places Advanced,"Indústria Farmacêutica in Curitiba, PR","Curitiba, PR",Indústria Farmacêutica
Centralmed Distribuidora de Medicamentos LTDA,,"R. Omilio Monteiro Soares, 545 - Fanny, Curitiba - PR, 81030-000, Brazil",4.0,1.0,+55 41 3333-6120,"wholesaler, health, point_of_interest, establishment",,Google Places Advanced,"Distribuidora de Medicamentos e Correlatos in Curitiba, PR","Curitiba, PR",Distribuidora de Medicamentos e Correlatos
DISTRIBUIDORA LWR SOLUÇÕES EM SAÚDE,,"R. Brig. Franco, 4740 - Loja 1 - Parolin, Curitiba - PR, 82000-000, Brazil",4.8,19.0,+55 41 3308-3076,"wholesaler, health, point_of_interest, establishment",,Google Places Advanced,"Importadora de Produtos para Saúde in Curitiba, PR","Curitiba, PR",Importadora de Produtos para Saúde
LMS MEDICAL COMERCIO DE PRODUTOS LTDA,https://www.lmsmedical.com.br/,"R. Mal. Deodoro, 211 - Centro, Curitiba - PR, 80020-320, Brazil",5.0,33.0,+55 41 3373-0494,"wholesaler, health, point_of_interest, establishment",,Google Places Advanced,"Importadora de Produtos para Saúde in Curitiba, PR","Curitiba, PR",Importadora de Produtos para Saúde
Saúde Legal,,"R. Rocha Pombo, 933 - Juvevê, Curitiba - PR, 80530-290, Brazil",4.7,25.0,+55 41 99198-1536,"health, point_of_interest, establishment",,Google Places Advanced,"Importadora de Produtos para Saúde in Curitiba, PR","Curitiba, PR",Importadora de Produtos para Saúde
ZM Medical Atacado da Saúde,,"R. Des. Cid Campelo, 6598 - Unidade 8 - Cidade Industrial de Curitiba, Curitiba - PR, 81250-510, Brazil",1.0,1.0,+55 41 3542-1148,"wholesaler, health, point_of_interest, establishment",,Google Places Advanced,"Importadora de Produtos para Saúde in Curitiba, PR","Curitiba, PR",Importadora de Produtos para Saúde
Polymedical Importação Produtos Médicos,,"R. Mariano Torres, 729 - Sala 101 - Centro, Curitiba - PR, 80060-120, Brazil",,,+55 41 3356-3334,"health, point_of_interest, establishment",,Google Places Advanced,"Importadora de Produtos para Saúde in Curitiba, PR","Curitiba, PR",Importadora de Produtos para Saúde
Hospital do Trabalhador cidade de Curitiba,,"Av. Rep. Argentina, 4406 - Novo Mundo, Curitiba - PR, 81050-000, Brazil",3.5,973.0,+55 41 3212-5786,"hospital, health, point_of_interest, establishment",,Google Places Advanced,"Logística Hospitalar in Curitiba, PR","Curitiba, PR",Logística Hospitalar
Dmedic Comércio de Produtos Médicos Hospitalares,,"Rua Dr. Brasílio Ferreira da Luz, 394 - Jardim das Américas, Curitiba - PR, 81540-220, Brazil",4.5,2.0,+55 41 3024-5041,"point_of_interest, establishment",,Google Places Advanced,"Logística Hospitalar in Curitiba, PR","Curitiba, PR",Logística Hospitalar
XP Laboratório Digital,,"R. Prof. Ulisses Vieira, 1315 - Santa Quiteria, Curitiba - PR, 80310-120, Brazil",4.9,13.0,+55 41 99827-1678,"point_of_interest, health, establishment",,Google Places Advanced,"Laboratório de Prótese Dentária Digital in Curitiba, PR","Curitiba, PR",Laboratório de Prótese Dentária Digital
Laboratório Modelo Prótese Odontológica,,"R. José Loureiro, 603 - Centro, Curitiba - PR, 80010-916, Brazil",5.0,3.0,+55 41 3014-6947,"point_of_interest, health, establishment",,Google Places Advanced,"Laboratório de Prótese Dentária Digital in Curitiba, PR","Curitiba, PR",Laboratório de Prótese Dentária Digital
Laboratório Pigatto - Laboratório de Prótese Dentária,,"Rua Presidente Pádua Fleury, 533 - Hauer, Curitiba - PR, 81610-150, Brazil",5.0,1.0,+55 41 99107-1492,"point_of_interest, health, establishment",,Google Places Advanced,"Laboratório de Prótese Dentária Digital in Curitiba, PR","Curitiba, PR",Laboratório de Prótese Dentária Digital
Ventura Lab,,"R. Francisco Derosso, 2008 - Sala 4 - Xaxim, Curitiba - PR, 81720-000, Brazil",5.0,2.0,+55 41 98833-2295,"point_of_interest, health, establishment",,Google Places Advanced,"Laboratório de Prótese Dentária Digital in Curitiba, PR","Curitiba, PR",Laboratório de Prótese Dentária Digital
Digital Lab Laboratório de Prótese Dentária,http://www.instagram.com/digitallabprotese,"Rua 7 de Setembro, 1296 - Centro, Toledo - PR, 85900-220, Brazil",5.0,1.0,+55 45 99116-3523,"corporate_office, point_of_interest, establishment",,Google Places Advanced,"Laboratório de Prótese Dentária Digital in Curitiba, PR","Curitiba, PR",Laboratório de Prótese Dentária Digital
Pelissari Management and Technology,,"Av. Sete de Setembro, 2451 - 9º andar - Rebouças, Curitiba - PR, 80230-010, Brazil",4.9,121.0,+55 41 3340-1100,"consultant, point_of_interest, establishment",,Google Places Advanced,"Empresa de Tecnologia em Saúde in Curitiba, PR","Curitiba, PR",Empresa de Tecnologia em Saúde
Province Saúde - Consultoria Treinamento e Tecnologia da Informação,http://www.provincesaude.com.br/,"R. Padre Francisco João Azevedo, 445 - Jardim Botânico, Curitiba - PR, 80210-160, Brazil",,,+55 41 3363-0102,"accounting, finance, consultant, point_of_interest, establishment",,Google Places Advanced,"Empresa de Tecnologia em Saúde in Curitiba, PR","Curitiba, PR",Empresa de Tecnologia em Saúde
CV Healthcare,,"R. dos Bombeiros, 40 - Cidade Industrial de Curitiba, Curitiba - PR, 81450-590, Brazil",5.0,3.0,+55 41 99894-5903,"point_of_interest, establishment",,Google Places Advanced,"Healthtech in Curitiba, PR","Curitiba, PR",Healthtech
Hi Technologies SA,,"R. Eduardo Sprada, 6400 B - Cidade Industrial de Curitiba, Curitiba - PR, 81290-110, Brazil",5.0,1.0,+55 41 3022-3461,"corporate_office, point_of_interest, establishment",,Google Places Advanced,"Healthtech in Curitiba, PR","Curitiba, PR",Healthtech
Clinica Bio Health,,"Av. Rep. Argentina, 369 - sala 301 - Água Verde, Curitiba - PR, 80240-210, Brazil",4.6,22.0,+55 41 3342-4731,"point_of_interest, store, establishment",,Google Places Advanced,"Healthtech in Curitiba, PR","Curitiba, PR",Healthtech
Vitvità - Espaço Terapêutico,https://www.vitvita.com.br/,"Av. Rep. Argentina, 2275 - Sala 215 - Água Verde, Curitiba - PR, 80610-260, Brazil",4.8,105.0,+55 41 99959-9333,"point_of_interest, health, establishment",,Google Places Advanced,"Healthtech in Curitiba, PR","Curitiba, PR",Healthtech
VITMEDIC - Centro Integrado de Saúde,https://www.vitmedic.com.br/,"Av. Visc. de Guarapuava, 2764 - Sala 1801 e 1911 - Centro, Curitiba - PR, 80010-100, Brazil",4.7,12.0,+55 41 99922-9333,"point_of_interest, health, establishment",,Google Places Advanced,"Healthtech in Curitiba, PR","Curitiba, PR",Healthtech
LabTech Saúde,http://labtechsaude.com.br/,"R. Buenos Aires, 441 - CONJ 13 ANDAR 01 - Batel, Curitiba - PR, 80250-070, Brazil",4.5,33.0,+55 41 99983-6615,"point_of_interest, establishment",,Google Places Advanced,"Healthtech in Curitiba, PR","Curitiba, PR",Healthtech
HOTMILK,http://hotmilk.pucpr.br/,"R. Imac. Conceição, 1430 - Prado Velho, Curitiba - PR, 80215-182, Brazil",4.7,354.0,+55 41 3271-1390,"consultant, point_of_interest, establishment",,Google Places Advanced,"Healthtech in Curitiba, PR","Curitiba, PR",Healthtech
e-Lifetech,http://e-lifetech.com.br/,"R. João Martinski - Cajuru, Curitiba - PR, 82950-140, Brazil",,,+55 41 98712-3715,"corporate_office, point_of_interest, establishment",,Google Places Advanced,"Healthtech in Curitiba, PR","Curitiba, PR",Healthtech
Curityba Biotech,http://www.curitybabiotech.com.br/,"R. Prof. Pedro Viriato Parigot de Souza, 5300 - Bloco Marrom, Curitiba - PR, 81280-330, Brazil",5.0,14.0,+55 41 99234-9202,"point_of_interest, establishment",,Google Places Advanced,"Healthtech in Curitiba, PR","Curitiba, PR",Healthtech
The Bets Health,https://www.thebetshealth.com.br/,"R. Conselheiro Laurindo, 502 - Centro, Curitiba - PR, 80060-100, Brazil",,,+55 41 99945-7445,"consultant, point_of_interest, health, establishment",,Google Places Advanced,"Healthtech in Curitiba, PR","Curitiba, PR",Healthtech
Sonograf Equipamentos Médicos Ltda.,https://sonograf.com.br/,"R. Cabral, 116 - Rio Branco, Porto Alegre - RS, 90420-120, Brazil",5.0,20.0,+55 51 4063-8323,"point_of_interest, health, establishment",,Google Places Advanced,"Fabricante de Equipamentos Médicos in Porto Alegre, RS","Porto Alegre, RS",Fabricante de Equipamentos Médicos
Lifecor Comércio Produtos Hospitalares Ltda,,"R. Domingos Crescêncio, 818 - Santana, Porto Alegre - RS, 90650-090, Brazil",4.6,11.0,+55 51 3219-4026,"point_of_interest, health, establishment",,Google Places Advanced,"Indústria de Materiais Hospitalares in Porto Alegre, RS","Porto Alegre, RS",Indústria de Materiais Hospitalares
Vital Produtos Médico-Hospitalares Ltda,,"R. Jacinto Gomes, 36 - Santana, Porto Alegre - RS, 90040-270, Brazil",3.7,3.0,+55 51 3335-3420,"point_of_interest, health, establishment",,Google Places Advanced,"Indústria de Materiais Hospitalares in Porto Alegre, RS","Porto Alegre, RS",Indústria de Materiais Hospitalares
Agilmed Comercio de Medicamentos Ltda.,http://www.agilmedrs.com.br/,"R. Sarmento Leite, 876 - Cidade Baixa, Porto Alegre - RS, 90050-170, Brazil",4.9,23.0,+55 51 3337-1001,"store, point_of_interest, health, establishment",,Google Places Advanced,"Indústria de Materiais Hospitalares in Porto Alegre, RS","Porto Alegre, RS",Indústria de Materiais Hospitalares
MK Produtos Médico Hospitalares Ltda,,"R. Portuguesa, 455 - Partenon, Porto Alegre - RS, 90650-120, Brazil",3.0,2.0,+55 51 3315-1787,"point_of_interest, health, establishment",,Google Places Advanced,"Indústria de Materiais Hospitalares in Porto Alegre, RS","Porto Alegre, RS",Indústria de Materiais Hospitalares
Multirad Comércio de Material Hospitalar Ltda,http://multirad.com.br/,"R. Piauí, 77 - Santa Maria Goretti, Porto Alegre - RS, 91030-320, Brazil",4.4,12.0,+55 51 3341-8000,"consultant, point_of_interest, establishment",,Google Places Advanced,"Indústria de Materiais Hospitalares in Porto Alegre, RS","Porto Alegre, RS",Indústria de Materiais Hospitalares
Eunice Soluções Produtos Odontológicos,,"Av. Otávio Rocha, 134 - Centro Histórico, Porto Alegre - RS, 90020-150, Brazil",4.8,5.0,+55 51 3029-0264,"health, point_of_interest, store, establishment",,Google Places Advanced,"Fabricante de Produtos Odontológicos in Porto Alegre, RS","Porto Alegre, RS",Fabricante de Produtos Odontológicos
Ortero Implantes,,"Av. Protásio Alves, 4530 - Loja 01 - Chácara das Pedras, Porto Alegre - RS, 91310-000, Brazil",5.0,90.0,+55 51 98342-1158,"dental_clinic, dentist, health, point_of_interest, establishment",,Google Places Advanced,"Fabricante de Implantes Dentários in Porto Alegre, RS","Porto Alegre, RS",Fabricante de Implantes Dentários
IMPLANTE DENTÁRIO E PRÓTESE PROTOCOLO ZONA SUL PORTO ALEGRE,,"Av. Eduardo Prado, 1954 - Lj. 117 - Cavalhada, Porto Alegre - RS, 91751-000, Brazil",5.0,2.0,+55 51 99617-1895,"dentist, health, point_of_interest, establishment",,Google Places Advanced,"Fabricante de Implantes Dentários in Porto Alegre, RS","Porto Alegre, RS",Fabricante de Implantes Dentários
Laboratório Kayzer Yamada,,"R. Gen. Andrade Neves, 159/91 - Centro Histórico, Porto Alegre - RS, 90010-210, Brazil",5.0,4.0,+55 51 3224-9630,"health, point_of_interest, establishment",,Google Places Advanced,"Fabricante de Implantes Dentários in Porto Alegre, RS","Porto Alegre, RS",Fabricante de Implantes Dentários
Prosul-Comércio e Importação de Materiais Médico,,"R. Gen. Tasso Fragoso, 55 - Passo d'Areia, Porto Alegre - RS, 90520-580, Brazil",5.0,3.0,+55 51 3335-3133,"point_of_interest, establishment",,Google Places Advanced,"Fabricante de Instrumentos Cirúrgicos in Porto Alegre, RS","Porto Alegre, RS",Fabricante de Instrumentos Cirúrgicos
RS Médica,,"R. Edmundo Bastian, 116 - Cristo Redentor, Porto Alegre - RS, 91150-023, Brazil",3.2,13.0,+55 51 3362-1221,"health, point_of_interest, establishment",,Google Places Advanced,"Fabricante de Instrumentos Cirúrgicos in Porto Alegre, RS","Porto Alegre, RS",Fabricante de Instrumentos Cirúrgicos
BIMEX - PORTO ALEGRE,,"Rua Alameda 3 de Outubro, 795 - Sarandi, Porto Alegre - RS, 91010-000, Brazil",5.0,1.0,+55 51 3208-1267,"health, point_of_interest, establishment",,Google Places Advanced,"Fabricante de Instrumentos Cirúrgicos in Porto Alegre, RS","Porto Alegre, RS",Fabricante de Instrumentos Cirúrgicos
Oncomed Medicamentos Especiais,,"Av. Getúlio Vargas, 1157/905 - Menino Deus, Porto Alegre - RS, 90150-005, Brazil",4.9,70.0,+55 51 3369-5000,"health, point_of_interest, establishment",,Google Places Advanced,"Indústria Farmacêutica in Porto Alegre, RS","Porto Alegre, RS",Indústria Farmacêutica
Laboratório Kraemer,,"R. Me. Ana, 241 - Glória, Porto Alegre - RS, 91720-070, Brazil",4.9,14.0,+55 51 3336-9066,"health, point_of_interest, establishment",,Google Places Advanced,"Indústria Farmacêutica in Porto Alegre, RS","Porto Alegre, RS",Indústria Farmacêutica
Geyer Medicamentos S.A.,,"R. Pelotas, 320 - Floresta, Porto Alegre - RS, 90220-110, Brazil",4.2,5.0,+55 51 3092-7200,"health, point_of_interest, establishment",,Google Places Advanced,"Indústria Farmacêutica in Porto Alegre, RS","Porto Alegre, RS",Indústria Farmacêutica
AkosPharma,,"R. dos Andradas, 1711 - Centro Histórico, Porto Alegre - RS, 90020-013, Brazil",5.0,5.0,+55 51 98500-0568,"health, point_of_interest, establishment",,Google Places Advanced,"Indústria Farmacêutica in Porto Alegre, RS","Porto Alegre, RS",Indústria Farmacêutica
IFAL Indústria e Comércio de Produtos Farmacêuticos Ltda,http://www.ifal.com.br/,"Av. Jose Loureiro da Silva, 1211 - Carvalho Bastos, Camaquã - RS, 96784-072, Brazil",4.5,15.0,+55 51 2127-0333,"corporate_office, point_of_interest, establishment",,Google Places Advanced,"Indústria Farmacêutica in Porto Alegre, RS","Porto Alegre, RS",Indústria Farmacêutica
LJB DISTRIBUIDORA LTDA,,"Av. Ecoville, 69 - Sarandi, Porto Alegre - RS, 91150-410, Brazil",5.0,60.0,+55 51 3076-9755,"wholesaler, health, point_of_interest, establishment",,Google Places Advanced,"Distribuidora de Medicamentos e Correlatos in Porto Alegre, RS","Porto Alegre, RS",Distribuidora de Medicamentos e Correlatos
Brasifar Distribuidora de medicamentos ltda,,"Av. João XXIII, 455 - São Sebastião, Porto Alegre - RS, 91060-100, Brazil",4.0,1.0,+55 51 3377-8733,"point_of_interest, establishment",,Google Places Advanced,"Distribuidora de Medicamentos e Correlatos in Porto Alegre, RS","Porto Alegre, RS",Distribuidora de Medicamentos e Correlatos
Dimed S/A - Distribuidora de Medicamentos,http://dimed.com.br/,"R. Vicente da Fontoura, 2759 - Rio Branco, Porto Alegre - RS, 90640-002, Brazil",3.0,10.0,,"drugstore, pharmacy, health, point_of_interest, store, establishment",,Google Places Advanced,"Distribuidora de Medicamentos e Correlatos in Porto Alegre, RS","Porto Alegre, RS",Distribuidora de Medicamentos e Correlatos
COPEXMED Distribuidora de Medicamentos e Material Hospitalar,,"Av. Brasília, 305 - Vila Ipiranga, Porto Alegre - RS, 91371-140, Brazil",,,+55 51 3737-7124,"wholesaler, health, point_of_interest, establishment",,Google Places Advanced,"Distribuidora de Medicamentos e Correlatos in Porto Alegre, RS","Porto Alegre, RS",Distribuidora de Medicamentos e Correlatos
MEDLOG Comercio de Produtos Médicos Ltda,,"Torre B - Av. Assis Brasil, 4550 - Sala 706 - São Sebastião, Porto Alegre - RS, 91110-000, Brazil",5.0,2.0,+55 51 3085-2485,"wholesaler, health, point_of_interest, establishment",,Google Places Advanced,"Distribuidora de Medicamentos e Correlatos in Porto Alegre, RS","Porto Alegre, RS",Distribuidora de Medicamentos e Correlatos
Visão Dist. de Medicamentos Ltda,,"Av. Brino, 221 - Santa Maria Goretti, Porto Alegre - RS, 91030-280, Brazil",5.0,2.0,+55 51 3012-4681,"corporate_office, point_of_interest, establishment",,Google Places Advanced,"Distribuidora de Medicamentos e Correlatos in Porto Alegre, RS","Porto Alegre, RS",Distribuidora de Medicamentos e Correlatos
RCC Distribuidora - Bommed,,"R. Buarque de Macedo, 296 - São Geraldo, Porto Alegre - RS, 90230-250, Brazil",5.0,2.0,+55 51 3208-0808,"corporate_office, point_of_interest, establishment",,Google Places Advanced,"Distribuidora de Medicamentos e Correlatos in Porto Alegre, RS","Porto Alegre, RS",Distribuidora de Medicamentos e Correlatos
Official Produtos para Saúde,,"Av. Eng. Francisco Rodolfo Simch, 117 - Sarandi, Porto Alegre - RS, 91130-210, Brazil",,,+55 51 98227-2829,"wholesaler, point_of_interest, health, establishment",,Google Places Advanced,"Importadora de Produtos para Saúde in Porto Alegre, RS","Porto Alegre, RS",Importadora de Produtos para Saúde
PHD produtos hospitalares,,"R. Sérgio Jungblut Dieterich, 880 - Building 7 - Sarandi, Porto Alegre - RS, 91060-410, Brazil",5.0,2.0,+55 51 3348-2927,"point_of_interest, establishment",,Google Places Advanced,"Logística Hospitalar in Porto Alegre, RS","Porto Alegre, RS",Logística Hospitalar
Med@x,https://grupomedax.com.br/,"Rua - R. Berto Círio, 535 - Pavilhão A - São Luís, Canoas - RS, 92420-030, Brazil",4.9,12.0,+55 51 99891-3140,"point_of_interest, establishment",,Google Places Advanced,"Logística Hospitalar in Porto Alegre, RS","Porto Alegre, RS",Logística Hospitalar
LisLab Prótese Dental,,"R. dos Andradas, 1464 - sala 90 - Centro Histórico, Porto Alegre - RS, 90020-010, Brazil",5.0,1.0,+55 51 3211-1133,"health, point_of_interest, establishment",,Google Places Advanced,"Laboratório de Prótese Dentária Digital in Porto Alegre, RS","Porto Alegre, RS",Laboratório de Prótese Dentária Digital
Sperry Tecnologia,https://www.sperrytecnologia.com.br/,"Av. Carlos Gomes, 1610 - Cj. 607 - Três Figueiras, Porto Alegre - RS, 90480-002, Brazil",5.0,95.0,+55 51 3737-4357,"telecommunications_service_provider, point_of_interest, establishment",,Google Places Advanced,"Empresa de Tecnologia em Saúde in Porto Alegre, RS","Porto Alegre, RS",Empresa de Tecnologia em Saúde
EcoSistemas Gestão e Tecnologia LTDA,https://www.ecosistemasti.com.br/,"Av. Getúlio Vargas, 1157 - sala 801 - Menino Deus, Porto Alegre - RS, 90150-005, Brazil",5.0,2.0,+55 51 99119-4146,"corporate_office, point_of_interest, establishment",,Google Places Advanced,"Empresa de Tecnologia em Saúde in Porto Alegre, RS","Porto Alegre, RS",Empresa de Tecnologia em Saúde
Gtech Brasil Holdings,,"Av. João Wallig, 448 - Passo d'Areia, Porto Alegre - RS, 91340-000, Brazil",,,+55 51 3217-3274,"general_contractor, point_of_interest, establishment",,Google Places Advanced,"Healthtech in Porto Alegre, RS","Porto Alegre, RS",Healthtech
Brain Institute of Rio Grande do Sul,https://inscer.pucrs.br/br/home,"Av. Ipiranga, 6690 - Jardim Botânico, Porto Alegre - RS, 90610-000, Brazil",3.9,109.0,+55 51 3320-5900,"health, point_of_interest, establishment",,Google Places Advanced,"Healthtech in Porto Alegre, RS","Porto Alegre, RS",Healthtech
South Summit Brazil,https://www.southsummit.co/brazil/,"Av. Mauá, 1050 - Centro Histórico, Porto Alegre - RS, 90010-110, Brazil",4.4,179.0,,"event_venue, point_of_interest, establishment",,Google Places Advanced,"Healthtech in Porto Alegre, RS","Porto Alegre, RS",Healthtech
Santa Casa Hospital,https://www.santacasa.org.br/,"Rua Professor Annes Dias, 295 - Centro Histórico, Porto Alegre - RS, 90020-090, Brazil",3.7,1257.0,+55 51 3214-8000,"doctor, hospital, health, point_of_interest, establishment",,Google Places Advanced,"Healthtech in Porto Alegre, RS","Porto Alegre, RS",Healthtech
Clínica Marquesa,,"R. Padre Chagas, 66 - Conj. 708 - Moinhos de Vento, Porto Alegre - RS, 90570-080, Brazil",4.8,249.0,,"consultant, health, point_of_interest, store, establishment",,Google Places Advanced,"Healthtech in Porto Alegre, RS","Porto Alegre, RS",Healthtech
Pro Medical Campinas - Aluguel Locação de Equipamento Hospitalar,,"R. Eleutério Rodrigues, 285 - Vila Nova, Campinas - SP, 13073-066, Brazil",5.0,489.0,+55 19 98345-8129,"health, point_of_interest, store, establishment",,Google Places Advanced,"Fabricante de Equipamentos Médicos in Campinas, SP","Campinas, SP",Fabricante de Equipamentos Médicos
Bakken Hospitalar,http://bakkenhospitalar.com.br/,"R. Antônio Haddad, 185 - Parque Via Norte, Campinas - SP, 13065-702, Brazil",4.3,6.0,+55 19 4062-0225,"health, point_of_interest, establishment",,Google Places Advanced,"Fabricante de Equipamentos Médicos in Campinas, SP","Campinas, SP",Fabricante de Equipamentos Médicos
Círurgica Resolution Artigos Hospitalares,,"Av. Andrade Neves, 1579 - Jardim Chapadão, Campinas - SP, 13070-000, Brazil",5.0,11.0,+55 19 3213-2051,"health, store, point_of_interest, establishment",,Google Places Advanced,"Indústria de Materiais Hospitalares in Campinas, SP","Campinas, SP",Indústria de Materiais Hospitalares
Odonto Design,,"R. Dom Pedro I, 603 - Jardim Brasil, Campinas - SP, 13073-003, Brazil",5.0,19.0,+55 19 3579-2253,"store, point_of_interest, health, establishment",,Google Places Advanced,"Fabricante de Produtos Odontológicos in Campinas, SP","Campinas, SP",Fabricante de Produtos Odontológicos
Dental Ideal,,"R. da Abolição, 1844 - Pte. Preta, Campinas - SP, 13041-445, Brazil",3.4,17.0,+55 19 3775-9660,"store, point_of_interest, health, establishment",,Google Places Advanced,"Fabricante de Produtos Odontológicos in Campinas, SP","Campinas, SP",Fabricante de Produtos Odontológicos
Areta Dental Prod Odont,,"R. da Abolição, 2034 - Vila Joaquim Inacio, Campinas - SP, 13041-445, Brazil",5.0,1.0,+55 11 98323-2582,"store, point_of_interest, health, establishment",,Google Places Advanced,"Fabricante de Produtos Odontológicos in Campinas, SP","Campinas, SP",Fabricante de Produtos Odontológicos
CDA convênio odontológico Campinas,,"Rua Barão de Jaguara - Centro, Campinas - SP, 13015-001, Brazil",3.5,13.0,,"store, point_of_interest, health, establishment",,Google Places Advanced,"Fabricante de Produtos Odontológicos in Campinas, SP","Campinas, SP",Fabricante de Produtos Odontológicos
Prime Implantes,,"Av. Andrade Neves, 2412 - 92 - Jardim Chapadão, Campinas - SP, 13070-001, Brazil",4.0,13.0,+55 19 3213-1510,"point_of_interest, establishment",,Google Places Advanced,"Fabricante de Implantes Dentários in Campinas, SP","Campinas, SP",Fabricante de Implantes Dentários
Fontes & Pavan Oral Studio Consultorio Odontológico,https://www.fontespavan.com.br/,"Av. José de Sousa Campos, 1815 - Cambuí, Campinas - SP, 13015-002, Brazil",5.0,355.0,+55 19 99375-4039,"dental_clinic, health, point_of_interest, establishment",,Google Places Advanced,"Fabricante de Implantes Dentários in Campinas, SP","Campinas, SP",Fabricante de Implantes Dentários
Dr. Luis Schweller,https://lgimplantes.com.br/,"R. Clóvis Beviláqua, 243 - sala 27 - Jardim Guanabara, Campinas - SP, 13073-021, Brazil",5.0,21.0,+55 19 99491-5275,"health, point_of_interest, establishment",,Google Places Advanced,"Fabricante de Implantes Dentários in Campinas, SP","Campinas, SP",Fabricante de Implantes Dentários
Clinica Odontológica ( Fechada),,"Av. Dr. Armando Sales de Oliveira, 175 - Taquaral, Campinas - SP, 13075-015, Brazil",4.8,100.0,+55 19 99799-8922,"dental_clinic, health, point_of_interest, establishment",,Google Places Advanced,"Fabricante de Implantes Dentários in Campinas, SP","Campinas, SP",Fabricante de Implantes Dentários
Protomed Vet Implantes Ortopédicos,,"R. Rodolfo Panoni, 67 - Jardim São José, Campinas - SP, 13051-170, Brazil",,,+55 19 3229-3578,"veterinary_care, point_of_interest, establishment",,Google Places Advanced,"Fabricante de Implantes Ortopédicos in Campinas, SP","Campinas, SP",Fabricante de Implantes Ortopédicos
Laboratorio Zambelli,,"Av. Francisco Glicério, 989 - cj27 - Centro, Campinas - SP, 13012-901, Brazil",,,+55 19 3236-5692,"health, point_of_interest, establishment",,Google Places Advanced,"Fabricante de Próteses in Campinas, SP","Campinas, SP",Fabricante de Próteses
Luiz do ouro,http://luizdoouro.com.br/,"Av. Dr. Jesuíno Marcondes Machado, 2422 - Chácara da Barra, Campinas - SP, 13090, Brazil",3.8,4.0,+55 19 3238-8440,"health, point_of_interest, establishment",,Google Places Advanced,"Fabricante de Próteses in Campinas, SP","Campinas, SP",Fabricante de Próteses
Ortopedia Regional Proteses,,"R. José Paulino, 2009 - Centro, Campinas - SP, 13023-102, Brazil",3.3,7.0,+55 19 3231-3999,"doctor, health, point_of_interest, establishment",,Google Places Advanced,"Fabricante de Próteses in Campinas, SP","Campinas, SP",Fabricante de Próteses
CAEMH,,"R. Dr. Barbosa da Cunha, 67 - Jardim Guanabara, Campinas - SP, 13073-320, Brazil",3.9,49.0,+55 19 3243-7764,"drugstore, point_of_interest, health, store, establishment",,Google Places Advanced,"Fabricante de Móveis Hospitalares in Campinas, SP","Campinas, SP",Fabricante de Móveis Hospitalares
Aloemed Produtos Médicos e Ortopédicos Indaiatuba,http://www.lojaaloemed.com.br/,"R. Pedro Gonçalves, 813 - Centro, Indaiatuba - SP, 13330-210, Brazil",4.9,85.0,+55 19 3500-4113,"point_of_interest, health, store, establishment",,Google Places Advanced,"Fabricante de Móveis Hospitalares in Campinas, SP","Campinas, SP",Fabricante de Móveis Hospitalares
LISAFARMA,,"R. Dr. Lázaro Zamenhof, 320 - Jardim Lisa, Campinas - SP, 13058-372, Brazil",5.0,30.0,+55 19 98964-4318,"health, point_of_interest, establishment",,Google Places Advanced,"Indústria Farmacêutica in Campinas, SP","Campinas, SP",Indústria Farmacêutica
Cristália Produtos Químicos Farmacêuticos - Unidade Norte/Sul,,"Av. José de Sousa Campos, 1358 - Cambuí, Campinas - SP, 13090-615, Brazil",5.0,1.0,+55 19 3790-3800,"health, point_of_interest, establishment",,Google Places Advanced,"Indústria Farmacêutica in Campinas, SP","Campinas, SP",Indústria Farmacêutica
Prodome Química e Farmacêutica,,"R. Treze de Maio, 999 - Nova Sousas (Sousas), Campinas - SP, 13106-054, Brazil",5.0,2.0,+55 19 3258-2261,"health, point_of_interest, establishment",,Google Places Advanced,"Indústria Farmacêutica in Campinas, SP","Campinas, SP",Indústria Farmacêutica
Sintolab Química Farmacêutica,,"Av. Andrade Neves, 2412 - Jardim Chapadão, Campinas - SP, 13070-001, Brazil",,,+55 19 3212-3323,"health, point_of_interest, establishment",,Google Places Advanced,"Indústria Farmacêutica in Campinas, SP","Campinas, SP",Indústria Farmacêutica
NOVA QUIMICA FARMACEUTICA,,"Av. José de Sousa Campos, 753 - Cambuí, Campinas - SP, 13025-320, Brazil",2.5,10.0,+55 19 3323-4000,"corporate_office, point_of_interest, establishment",,Google Places Advanced,"Indústria Farmacêutica in Campinas, SP","Campinas, SP",Indústria Farmacêutica
Camp Life-Distribuidora de Medicamentos e Cosméticos,,"Av. Pres. Juscelino, 444 - Jardim Campos Eliseos, Campinas - SP, 13060-858, Brazil",4.0,2.0,+55 19 3269-4912,"wholesaler, health, point_of_interest, establishment",,Google Places Advanced,"Distribuidora de Medicamentos e Correlatos in Campinas, SP","Campinas, SP",Distribuidora de Medicamentos e Correlatos
Tempus Medicamentos,http://www.tempusmedicamentos.com.br/,"R. dos Andradas, 334 - Cidade Nova I, Indaiatuba - SP, 13334-020, Brazil",5.0,1.0,+55 19 3816-8007,"wholesaler, health, point_of_interest, establishment",,Google Places Advanced,"Distribuidora de Medicamentos e Correlatos in Campinas, SP","Campinas, SP",Distribuidora de Medicamentos e Correlatos
Imunosul Distribuidora de Vacinas e Produtos Médicos Hospitalares,,"Av. Sen. Antônio Lacerda Franco, 735 - Jardim do Lago, Campinas - SP, 13050-030, Brazil",5.0,1.0,+55 19 3045-8500,"wholesaler, point_of_interest, health, establishment",,Google Places Advanced,"Importadora de Produtos para Saúde in Campinas, SP","Campinas, SP",Importadora de Produtos para Saúde
Espaço Saúde Ortopedia,,"R. Ribeirão Bonito, 825 - Jardim do Trevo, Campinas - SP, 13030-120, Brazil",5.0,262.0,+55 19 3029-3216,"point_of_interest, health, store, establishment",,Google Places Advanced,"Importadora de Produtos para Saúde in Campinas, SP","Campinas, SP",Importadora de Produtos para Saúde
Hospec Hospitalar,,"R. Evaristo Corrêa Viana, 178 - Jardim São Vicente, Campinas - SP, 13045-155, Brazil",,,+55 19 3271-3520,"wholesaler, health, point_of_interest, establishment",,Google Places Advanced,"Logística Hospitalar in Campinas, SP","Campinas, SP",Logística Hospitalar
Pier 1 Importação e Exportação de Material Médico Hospitalar,,"Av. Jacaúna, 928 - Vila Aeroporto, Campinas - SP, 13054-107, Brazil",,,+55 19 3266-5610,"point_of_interest, establishment",,Google Places Advanced,"Logística Hospitalar in Campinas, SP","Campinas, SP",Logística Hospitalar
Artwork Dental Lab,http://www.artworkdentallab.com.br/,"R. dos Alecrins, 685 - Cambuí, Campinas - SP, 13024-411, Brazil",5.0,4.0,+55 19 3305-3706,"health, point_of_interest, establishment",,Google Places Advanced,"Laboratório de Prótese Dentária Digital in Campinas, SP","Campinas, SP",Laboratório de Prótese Dentária Digital
INNOVALAB - Laboratório de Prótese Dentária Digital,,"Alpha - R. Bernardino de Campos, 230 - Sala 311 - Bloco - Centro, Campinas - SP, 13010-151, Brazil",3.7,3.0,+55 19 3381-1365,"dentist, health, point_of_interest, establishment",,Google Places Advanced,"Laboratório de Prótese Dentária Digital in Campinas, SP","Campinas, SP",Laboratório de Prótese Dentária Digital
Calixto Dental Arte,https://www.instagram.com/calixtodentalart/,"R. Gustavo Ambrust, 36 - Conjunto 01 - Nova Campinas, Campinas - SP, 13092-106, Brazil",5.0,12.0,+55 19 98191-8300,"health, point_of_interest, establishment",,Google Places Advanced,"Laboratório de Prótese Dentária Digital in Campinas, SP","Campinas, SP",Laboratório de Prótese Dentária Digital
Hi Tecnologia Indústria e Comércio Ltda,http://www.hitecnologia.com.br/,"Av. Dr. Armando Sales de Oliveira, 445 - Taquaral, Campinas - SP, 13076-015, Brazil",4.6,14.0,+55 19 2139-1700,"point_of_interest, establishment",,Google Places Advanced,"Empresa de Tecnologia em Saúde in Campinas, SP","Campinas, SP",Empresa de Tecnologia em Saúde
Firmament Saúde Integral,,"R. Vasco Fernandes Coutinho, 41 - Taquaral, Campinas - SP, 13076-261, Brazil",5.0,20.0,+55 19 99795-1208,"real_estate_agency, point_of_interest, establishment",,Google Places Advanced,"Empresa de Tecnologia em Saúde in Campinas, SP","Campinas, SP",Empresa de Tecnologia em Saúde
