Scraped_Emails,Phone,index,Decision_Maker
contato@bioengenharia.com.br; bioengenharia@bioengenharia.com.br,(51) 3588-0880,76,
atendimento@rhosse.com.br,,105,
,(51) 3718-7000,31,
,(16) 99756-6883,96,
sac@farmatex.com.br; comercial@farmatex.com.br,(41) 3078-7760,126,
,,34,Cirurgião Dentista - Cirurgião; Especialista Implantodontia - Especialista; Médico Neurocirurgião - Médico
,(41) 3296-9687,13,
,(44) 3025-4650,116,São José - Médico; Médico Veterinário - Médico; Reprodução Humana - Líder
,(11) 6385-0006; (20) 4703-2307,41,
,(16) 3954-1464,42,Ultrassom Odontológico - dentista
atendimento@novadentalcenter.com.br,(48) 3224-0579; (48) 9838-6193,115,
comercial@bioadvance.com.br,,47,
,(11) 94771-6386; (11) 94720-6201,49,Estados Unidos - Líder
vendas@biodina.com.br; sac@biodina.com.br,(21) 4040-1111,84,
gerencia@dentalbrod.com.br,(47) 99146-6777; (47) 3026-5547,121,
contato@amerj.com.br,(21) 2236-1011; (21) 2493-6200,119,
,(19) 3765-9900,27,
,(11) 3568-1300,136,
,,18,You Covered - Head; Zimmer Biomet And Arnold Have - Head
,,55,Bioscience Medical - médico
,,30,Bioscience Medical - médico
,,12,Bioscience Medical - médico
,,45,Indústrias Médico Odontológicas - Médico
engenharia.clinica2019@outlook.com,(31) 99901-5182,165,
abimade@abimade.com.br; vendas@abimade.com.br,(11) 4622-7555; (11) 91413-4555,162,
comercial@ortomedic.com.br,(11) 4123-9711,74,
infosmi@stryker.com; hanlijun@trauson.com; nicole.chang@stryker.com,,178,
,(11) 3022-2588,70,
,(14) 98118-1788; (14) 98147-1783,17,
,(31) 3775-0709; (14) 2000-7270,122,
camedical@camedical.com.br,(21) 98454-9740; (21) 2499-0630,146,
relacionamento@medic.com.br,(16) 3289-8272,183,
,,141,Kevin Lobo - presidente; Spencer Stiles Presidente - Presidente
oximil@oximil.com.br; cassio.develop@gmail.com,(31) 3385-6268,180,
contato@vmgfarmaceutica.com.br,(31) 3115-6120,164,
,,132,Diretor Superintendente - Diretor
,(38) 3720-9943; (38) 99178-0379,95,
,(11) 94771-6386; (11) 94720-6201,174,Estados Unidos - Líder
contato@maximedsul.com.br,(51) 98406-8400; (51) 3342-0002,175,
,(41) 3019-9999,120,
atendimento@dentalsantaclara.com.br,(48) 99624-2676; (48) 3447-0300,150,
contato@dentalpaulista.com.br,(41) 98706-9492; (41) 3222-2426,134,
,(51) 98116-5986,182,
impol@impol.com.br,(11) 4070-6464; (11) 94289-1627,133,
cristiane.yajima@dentsplysirona.com; publicrelations@dentsplysirona.com,,21,Presidente Sênior - Presidente; Comunicações Corporativas - presidente; Presidente Executivo - Presidente
,(47) 98810-0928,202,
distribuidora@helfer.com.br,(51) 3024-8811,188,
,(48) 3223-0400,152,
contato@qualidental.com.br,(41) 98890-9748,173,
,(11) 2465-2199; (11) 2972-5700,14,
contato@vrmedical.com.br,,212,
sanitservicos@sanitservicos.com.br,(51) 3398-8646; (51) 98635-0520,197,
,(11) 3862-4427,158,
,(48) 3028-1030,201,
,(11) 3862-4427,94,
,(47) 99164-1110,203,
,,177,Chief Executive Officer - Chief Executive Officer; Executive Vice President - President; Worldwide Chairman - President
frontdesk@carolinaperioandimplants.com,,205,
comercial@medicalhealthrio.com.br,,118,
,(41) 3538-2344,233,
contato@magimplantes.com.br,(19) 3805-9292; (19) 99774-8188,157,
,(11) 2897-8023,185,
rangemed@rangemed.com.br,(11) 3106-7967; (11) 96782-1301,248,Range Med - Líder
atendimento@casamedica.com.br,(43) 99852-0605,153,Aparelho Médico - Médico; Equipamentos Médicos - médico; Especialista Agora - Especialista
,,204,Equipamento Médico Hospitalar - Médico; Material Médico Hospitalar - Médico
,,52,Public Markets - partner; Handelsbanken Capital Markets - partner; Swedbank Robur - CEO
5s@5s.med.br,(11) 3826-8826; (11) 98261-9923,139,
,(11) 6385-0006; (20) 4703-2307,191,
vendas@dentalparana.com.br; dentalparana@uol.com.br,(41) 99117-5247; (41) 3408-3070,238,
,,85,Clareamento Dental - Líder; Dental Group - Líder
,,16,Clareamento Dental - Líder; Dental Group - Líder
,(11) 97305-9835; (11) 3855-4050,143,
connectsolutioncenter@zimmerbiomet.com; smartkneesupport@zimmerbiomet.com; consumermarketing@zimmerbiomet.com,,179,Regulatory Affairs - President; Executive Vice President - President; Global Business Group - President
vendas@dentalcuritibana.com.br,(41) 3322-0449,244,
contact@veryverde.com,(71) 3015-9887,278,
contato@medlifeba.com.br,(71) 3024-6147,285,
sac@casadomedicoipanema.com.br,(21) 2522-0079; (21) 98259-0174,219,Comprar Aparelhos - Médico; Médico Ipanema - Médico; Produtos Médico - Médico
,(11) 3062-2600,226,
,(11) 2501-6272; (11) 3616-0409,187,
vendas@hospitalardistribuidora.com.br,,275,
,,147,Christian Storz - CEO
recepcao@condominiomundoplaza.com.br; eventos@condominiomundoplaza.com.br,(71) 3500-2555,294,
contato@sdental.com.br,(41) 99686-7108,236,
,,160,Rua Doutor Abelardo Vergueiro César - Doutor; São Paulo - Doutor
bioethica@bioethica.com.br,,290,
,,198,Balneário Barra - Dentista; Clínica Odontológica OdontoCompany - Dentista
comercial@singularimplants.com.br,(84) 99806-2299,213,
comercial@medicalmed.com.br,(51) 3026-5636,199,
contato@hsmed.com.br,(51) 99005-2002; (11) 3530-4243,181,
,(21) 2430-3133; (21) 96497-9743,220,Lojas Casa - Médico; Lojas Físicas - Médico; Produtos Hospitalares - Médico
sac@manancialmedical.com.br,(31) 99307-0522; (31) 3991-0184,245,
,(71) 98205-8363; (71) 3032-2600,284,
contato@odontostore.com.br,(41) 3010-3181; (41) 99785-1067,235,
,(71) 99167-1818; (71) 99177-0541,279,Alana Colares - Especialista; Torre Londres - CEO; Tancredo Neves - CEO
,(41) 99942-3003; (41) 99971-5959,169,
,,223,Cevi Med - owner
,(48) 3035-5797,255,Asamed Distribuidora - Médico
,(71) 98770-0804,280,
,(48) 99650-0500; (48) 3225-2359,276,
orcamento@matmedhospitalar.com,(85) 9827-0053,214,Equipamentos Médico - Médico
,,310,Médico Hospitalares - Médico
,(51) 99008-4643; (51) 98617-0133,186,Equipamentos Médico Hospitalar - Médico; Vestuário Médico - Médico
compliance@orthofix.com; transparency@orthofix.com,,192,
,(71) 3034-3044,289,
,,307,Diretor Comercial - Co-fundador
,(51) 3272-2000,140,Saúde Julio Cesar Viero Ruivo - presidente; Rafael Amaral - presidente; Bioteck Implants - presidente
,(51) 3012-7587; (11) 2364-8229,215,
,(71) 3451-1737; (11) 93500-1099,250,
,(41) 3322-5069,262,
,(81) 3721-4781; (81) 3366-4664,306,
sacs@trmedicohospitalar.com.br,,304,Médico Hospitalar - Médico; Quem Somos - Médico
,,295,Médico Nutrólogo - Médico
,(75) 3623-3477; (71) 3383-1040,319,
sac@dentalbusiness.com.br,(47) 99925-1113; (47) 3360-6725,256,
,(11) 98855-0531; (11) 2376-5820,252,
,(11) 3504-1570,267,
ekipamoveis@gmail.com,(71) 98501-8465; (71) 3042-1398,312,
,(71) 3254-6600,292,
medimplant@medimplant.com.br,(71) 3311-9150,317,
contato@odontodental.com.br,(47) 99636-0819; (47) 3013-1111,247,
dprosmed@dprosmed.com.br,(81) 3033-9090,308,
contato@mafmed.com.br,(81) 3445-5200; (81) 3072-6200,309,
,(48) 99974-6829,335,
,(71) 3023-2593,287,
,(61) 3351-7379,367,
comercial@techminas.com; administracao@techminas.com,(31) 3376-2638; (31) 99403-1208,218,Presidente Epitácio - Presidente; Presidente Alves - Presidente; Presidente Bernardes - Presidente
atendimento@seguard.com.br,(62) 3030-3684; (62) 3251-0100,227,Kits Odontológicos Descartáveis - dentista
,(61) 8345-8302; (61) 98345-8302,366,
,(79) 3211-5848; (71) 3351-2000,360,
,,249,Clareamento Dental - Líder; Dental Group - Líder
,(61) 3379-8897,370,
vendas@medicalprodutos.com.br,(41) 3042-0997; (41) 3042-0996,273,
contato@bahiafix.com.br,(71) 99257-6077,355,
marketing@fortecare.com.br,(41) 3888-4466,231,Indústria Fabricante - Médico; Forte Care Indústria Fabricante - Médico; Produtos Médico Hospitalares - Médico
contato@francinespessatto.com.br,,339,
,(71) 3354-4555,347,Implante Master - fundador; Igor Brandão - cirurgião; Gustavo Nelli - especialista
,(71) 3354-4555,351,Implante Master - fundador; Igor Brandão - cirurgião; Gustavo Nelli - especialista
,,315,Reposição Hormonal - Especialista; Saúde Masculina - Especialista
,(61) 3204-3040; (31) 7351-3200,398,
bahiamed@bahiamed.com.br,(71) 3264-9699; (71) 99938-9506,358,
,(61) 3366-3999; (61) 99922-3243,391,Diretor Clínico - Diretor; Harmonização Orofacial - Especialista
financeiro@dentalmac.com.br,(82) 3336-4900; (82) 9909-6271,354,
dentallegal@yahoo.com,,406,
,(71) 99989-7579,337,
implantarodontologiamoderna@gmail.com,,395,Prótese Dentária - Especialista; Cirurgiã Dentista - Dentista; Instituto Lenza - Especialista
atendimento@poliexpress.com.br,(71) 3392-3970; (71) 3341-0268,283,
recantodoctor@gmail.com,(45) 4819-0148; (78) 95742-1613,403,
contato@meets.com.br,,408,
,(81) 99684-0060; (81) 3227-0344,298,Tupan Saúde - médico
neope@hotmail.com.br,,421,Cirurgia Bucomaxilofacial - Especialista; Disfunção Temporomandibular - Especialista; Prótese Dentária - Especialista
,(81) 99932-2979; (81) 97309-1311,423,
cotacao@cattismedical.com.br,(61) 99244-0183; (61) 99244-5783,368,Produtos Médico - Médico
,(40) 2049-2500,415,
consultoriavendas@mileski.com.br,,385,
pulsartechnologies@pulsartechnologies.com.br,(61) 98156-0006; (61) 3322-0666,386,
,(71) 98182-3931,343,
comercial@analisesistemas.com,,380,
,(61) 3393-6660,373,
,(81) 3314-2000,426,
comercial@jehospitalar.com.br; contato@jehospitalar.com.br,(71) 99673-2345; (71) 3017-8300,282,
contato@dmidf.com.br,(61) 99235-7460; (61) 3048-7650,364,Material Médico - Médico; Eletrodo Médico - Médico; Material Médico Hospitalar - Médico
,(81) 3226-9130,438,
financeiro@dentalmac.com.br,(82) 3336-4900; (82) 9909-6271,356,
,(81) 3301-5780; (81) 3301-7833,419,
,(61) 3201-2000; (61) 3352-5257,401,
contato@qualydigital.com.br,(81) 98288-0800; (81) 3137-5102,435,
contato@studiosorrir.com.br,(81) 3074-0211; (81) 98218-8913,422,Invisalign Doctor - Especialista
vendas@therapin.com; suporte@therapin.com.br,,237,
ctt@orthoserv.com.br,(81) 2138-6900; (81) 2138-6901,413,
,(61) 3030-5757,392,Vital Implantes - Dentista
,(51) 99701-2214,251,
,(81) 3221-0662,452,
comercial@nuclearis.com.br,(81) 99541-7337,313,
,(81) 9191-1836,377,Teach Lead - Lead
contato@csproteselab.com.br,(19) 99347-0533; (19) 9347-0533,462,
,(19) 3765-9900,458,
gigavida@gigavida.com.br,(81) 3314-7914,383,
pedidos@saudental.com.br,(83) 3133-3000,375,Ultradent Líder Mundial - Líder
,(19) 2513-2077,466,
,,388,Diretor Superintendente - Diretor
,(48) 99630-1700,454,
,,374,Diretor Administrativo - Diretor; Unimed Sorocaba - Diretor; Neoh Jornada Cirúrgica - médico
atendimento@casadaprotese.com.br,(19) 98300-1847; (19) 3242-4770,464,
sac@bhs1.com.br,(20) 5943-9743; (81) 3033-2391,450,
,(19) 99777-5497,488,
,(81) 9219-8061,420,Prótese Dentária - Especialista
,(48) 3024-5858,456,Guillaume Barrault - CEO; Sysmarine Ltda - CEO; Alexandre Ferreira - CEO
contato@horizontelocacao.com.br,(19) 98224-5838; (19) 98315-5062,480,
,(19) 3241-4443; (19) 99850-7004,471,Harmonização Orofacial - especialista; Fabiano Arrivabene - especialista; Josi Marques - especialista
atendimento1@avatti.com.br,(19) 99916-3612,478,
,(71) 3012-0608,341,
tecnoclin@tecnoclin.com.br,(19) 3778-1400,505,Equipamentos Médico Hospitalares - Médico; Equipamentos Médico Hospitalar - Médico
contato@sauvet.com.br,(19) 3846-3600,489,
irenio.neto@injefarma.com.br,(81) 3252-8000,443,Materiais Médico - Médico; Equipamentos Médico - Médico
atendimento@med.place,(51) 3321-1414,522,Médico Responsável Técnico - Médico
faleconosco@farmaciasindical.com.br,,441,
contato@recifetecnologia.com.br; curriculos@recifetecnologia.com.br,(81) 3040-1010; (11) 4210-2465,381,
vendas@ortopediaespecial.com.br,(81) 3132-1111,447,
,(19) 99675-0928; (23) 2507-3800,457,
frpe@frpe.com.br,(81) 99183-8523; (81) 99904-4973,303,
,(19) 3396-6475; (11) 5042-1155,494,
,(19) 3239-3377,491,
,(51) 99329-1468,511,Ambulatório Médico - Médico; Fisioterapia Corporativo - Médico
,(81) 99782-2155,429,
,(19) 3233-3007; (19) 3237-4611,465,
comercial@gamacamp.com.br,(19) 3743-7070; (19) 99161-0915,537,
vendas@brazimed.com.br,(19) 98432-3234; (19) 99107-3185,538,
comercial@norsupri.com,(81) 98264-4175,432,
dentflex@dentflex.com.br,,529,
,(19) 3277-0905; (19) 3305-3573,459,Vice Presidente - Presidente; Vice Diretor Financeiro - Diretor
atendimento@clinia.io; contato@clinia.io,,508,
,(19) 3383-9362; (19) 98401-2003,455,Marcos Hayashi - doutor; Por Que Fazer Implante - Especialista; Marcos Hayashi - Especialista
,,378,Diretor Comercial - Diretor; Diretor Financeiro - Diretor; Business Partner - Partner
,(81) 99615-7094; (81) 3227-2000,411,Art Cirúrgica - médico
,(34) 3221-5300,550,
topimplantes@gmail.com,(83) 3063-1010,412,
,(19) 99713-3637,479,
kernit@kernit.com.br,(19) 99697-1837; (19) 3894-7372,515,
comercial@metalclin.com.br,(47) 9688-7365,558,
contato@campmedical.com.br,(19) 3381-8199; (19) 98454-8199,526,Imobilizador Lateral - Head; Head Block - Head
contato@inovatechrs.org,(51) 9302-5357,512,Terapeuta Ocupacional Especialista - Especialista; Fisioterapeuta Especialista - Especialista; Psicólogo Especialista - Especialista
,(19) 4141-4939; (19) 3243-6725,481,
,(19) 98255-5790; (19) 3231-4737,473,
,(48) 3257-1455,565,
,(48) 98446-8244; (50) 6849-7000,553,
,(48) 3244-9425; (48) 98411-2092,569,
,,584,Leandro José João - Diretor; Diretor Executivo - Diretor
comercial@marcahospitalar.com.br,,560,
wbprotesedentaria@gmail.com,(48) 3050-2562; (48) 98427-1179,561,
dpo.hsl.g@pucrs.br; dpo@pucrs.br,,509,Porto Alegre - líder
,(19) 3258-8087; (19) 97404-1082,532,Maurício Duarte - Sócio; Loja Halitus - Dentista; Clínica Halitus - Sócio
,,593,Loja Dr - Dr.
,(48) 99663-5511,588,
,(19) 3291-2283,536,Compliance Cirúrgica - Médico; Equipamentos Científicos - Médico; Cuidados Médicos - Médico
,(48) 99858-0065; (48) 99613-6141,571,
,(47) 3323-9186,559,
contato@mixmedsc.com.br,(48) 99126-2523,567,
interletro@interletro.com.br,(19) 99778-5597; (19) 3231-4014,540,Equipamentos MÃ - Especialista
,,581,Presidente Kennedy - Presidente; Diretor Executivo - Diretor; Novos Negócios - Diretor
contato@bhiosupply.com.br,(51) 3458-4479; (51) 3459-4000,568,
contato@visio.com.br,,613,
acaisaudenordeste@gmail.com,,439,
,(48) 3024-4492,633,
contato@yelocirurgica.com.br,,598,
comercial@loglifelogistica.com.br,(31) 3654-4851; (31) 3654-4852,549,Motofretista Especialista - Especialista; Material Biológico - Especialista
,(19) 3755-6500,607,Diretor Presidente - Diretor; Jovem Pan News Campinas - Presidente; Elias Tavares - Presidente
,(48) 3223-2564; (48) 98419-5838,628,Balneário Camboriú - Especialista; Universitário Avantis - Especialista
,(19) 3271-0011; (19) 97405-8182,534,
,,474,Cirurgião Dentista - Cirurgião; Diretor Clínico - Diretor; Cirurgiã Dentista - Dentista
,(48) 99670-1182,332,Rafael Gallassini - Médico; Valor Econômico - Médico
comercial@pelegrinionline.com.br,,594,
,(19) 2660-4828,610,
sin@sinimplantsystem.com; bia@keypress.com.br,(11) 99242-4071,531,Ed Whitacre - presidente; Ed Whitacre - CEO
,(48) 8805-4761,577,Thiago Leite - médico
,(61) 3522-7811; (61) 99305-9389,643,Ianara Mesquita - Dentista; Dentista Perto - Dentista; Dúvidas Frequentes Sobre Dentista - Dentista
,(61) 3326-9257,641,
,(19) 98281-0807,548,
,,504,Suporte Técnico - Sócio; Sócio Fundador - Sócio; Security Awareness Officer - Sócio
contato@otprotese.com.br,(81) 3117-9000,449,
contato@arquimedhospitalar.com.br,(48) 3304-4993; (48) 98818-3176,619,Rua Doutor Heitor Blum - Doutor
contato@drugstorepopular.com.br,(19) 3722-7866; (19) 3271-4898,487,
,,654,Personal Stylist - Especialista; Prótese Capilar - Especialista
viafarma@viafarma.com,(47) 3028-8828; (47) 3028-8028,646,
vendascuiaba@cqc.com.br; vendascpg@cqc.com.br; vendas@cqc.com.br,(65) 3642-4387; (65) 3021-2907,608,
vendas@oxisaude.com.br,(48) 3065-0111,589,
comercial@librahospitalar.com.br,,634,Especialista TÃ - Especialista
,(48) 99858-0065; (48) 99613-6141,636,
,(48) 98409-9360; (48) 3322-1626,623,Implante Dentário - Dentista; Dentista Especialista - Dentista
,(47) 3804-9699,653,
,(47) 3407-1377,679,
contato@pulseclinic.com.br,(47) 98815-0773; (47) 3013-7138,681,
,,655,Clareamento Dental - Líder; Dental Group - Líder
,,600,Diretor Health Care - Diretor
atendimento@medicamentum.com.br,(47) 99932-2129; (47) 3433-8669,668,
,(48) 99147-7333; (48) 3223-7333,597,
vendas@vitoriasoftwarecom.br,(27) 3039-5007; (27) 3026-9548,696,
contato@hubsul.com.br,(47) 3025-4050,683,
proimplante@gmail.com,,350,Prótese Dentária - Especialista
,(47) 3041-0999; (47) 3432-0931,688,
,(47) 99681-0032; (47) 3145-8300,716,
info@website.com; contato@implantop.com.br,(19) 3254-9390,477,
,(72) 4700-0104,712,
comercial@cirurgicaluzitana.com.br,(19) 3233-7418; (19) 3233-7724,541,
,,720,Rua Presidente Campos Salles - Presidente; Médico Odont - Médico; Welfare Imp - Médico
csi@csiway.com.br,(27) 3204-5111; (27) 99962-7372,699,Nacional Peças - Diretor
sac@santaapolonia.com.br,,618,Encosto Doutor Coluna Cf - Doutor
,(47) 3804-7075; (47) 98857-5907,689,Cirurgião Dentista - Cirurgião
medpej@medpej.com.br,(16) 3238-0300,735,
fabrica@villevie.com.br,(47) 3454-2200,723,
,(47) 99765-9498,732,
contato@clinicaallcare.com.br,(47) 3025-1353; (47) 3433-0876,680,
,(47) 99260-9623,725,
vendas1@cinord.com.br,(16) 99155-6015; (16) 3987-3786,742,
sac@santaapolonia.com.br,,640,Encosto Doutor Coluna Cf - Doutor
contato@insidetecnologia.com,(27) 2104-0831; (27) 3093-8969,705,Inside Tecnologia - especialista; Realidade Virtual - especialista
marketing@belfarma.com.br,(16) 3601-0550; (16) 3235-0551,745,
,(16) 3965-1416,738,
vendas@elroimedical.com.br,(48) 99676-0025; (48) 3047-4007,632,
comercial@poscirurgica.com,(27) 99815-2676,737,
vanderson@vcom.ind.br,,730,
vendas@oxisaude.com.br,(48) 3065-0111,727,
,,750,Presidente Alves - Presidente; Presidente Epitacio - Presidente; Presidente Prudente - Presidente
atendimento@cortical.com.br,(16) 2102-4811,749,
,(16) 3456-1400,736,
assistenciahtr@gmail.com,(11) 98342-1132,601,
,(16) 99952-1000; (16) 3759-0742,767,Laboratório Labtec - médico; Rua Doutor José Balbino - Doutor
sin@sinimplantsystem.com; bia@keypress.com.br,(11) 99242-4071,721,Ed Whitacre - presidente; Ed Whitacre - CEO
,(16) 99614-8886,748,
pedidos@grupodalazen.com.br,(48) 99181-7088; (48) 3039-8201,631,
,(47) 3041-0999; (47) 3432-0931,664,
sac@viabem.com.br,(10) 3603-1900; (16) 3877-7311,739,
atendimento@etox.com.br,(16) 3325-1356; (16) 99451-6155,764,
ribermedica.vendas@gmail.com,(16) 3234-9943; (16) 98162-5525,690,Equipamento Médico - Médico
vendas@grantechospitalar.com.br,(47) 99730-8551; (47) 99613-8134,734,
,(48) 99141-5196,620,
vendas@vitalville.com.br; comercial@vitalville.com.br,(47) 99159-7333,733,
dipha@dipha.com.br,(16) 3771-5458,753,
contato@realtecnologia.com.br,(27) 3315-3600,698,
contato@casadomedicodistribuidora.com.br; sac@casadomedicodistribuidora.com.br,,740,Médico Distribuidora - Médico
,(11) 2179-9222,759,
,(48) 99131-2204; (48) 3269-6147,627,
sac@supriclinic.com.br,(16) 99252-3521,790,
,(16) 99173-8080; (16) 3102-6402,777,
comercial@gtks.com.br,,784,
dentalribeirania@gmail.com,,808,
,(16) 3625-1772; (16) 99182-0853,807,
,(16) 3772-0273; (16) 99247-0522,817,
,,822,Diretor ClÃ - Diretor
contato@ortopedicoshop.com.br,(16) 98119-5170; (16) 3635-8010,814,
,(16) 99337-8549; (15) 6810-0011,804,
,(16) 3329-2933; (16) 99612-7598,794,
site@alemana.com.br,(16) 3636-1231; (16) 99119-6408,812,
,(27) 99903-5753,829,
,(35) 5010-7900; (62) 3877-1635,837,
comercial@centralmedicago.com.br,(62) 3541-4158,838,
,(62) 3241-5555,834,Robo Cirurgião Toumai - Cirurgião
,(32) 99945-4777; (34) 9195-2613,823,Gabriel Francischini Caetano - Dr.
contato@ecel.ind.br,,827,
loja@microdent.com.br,(16) 99411-1617; (16) 3610-7666,828,Kit Médico - Médico; Cirúrgico Completo - Médico
buteri@buteri.com.br,(27) 3134-9200,830,
,(61) 99508-8700,845,
mkt@triomed.com.br,(16) 99797-4453,782,Diapasão Médico - Médico; Cabeça Head Block Adulto Resgate - Head; Fixador Azul - Médico
vendas4@singular.com.br,(62) 3636-1391,840,Na Singular - médico
sac@axonbr.com,,847,
contato@faturemaiscia.com.br,,850,
atendimento@brasmedical.com.br,(16) 3965-2468; (16) 98251-0001,799,
,(16) 99175-4648,824,
,(62) 3602-4400,856,
,(67) 3321-1117; (48) 3333-0505,836,Medi Saúde - médico
,,821,Ribeirão Preto - dentista
contato@uniarte.com.br,(62) 9884-6659,859,Dentista EstÃ - Dentista
,(62) 3999-0004,861,
,(61) 3030-5757,831,Vital Implantes - Dentista
healthcarebrasilia@gmail.com,,849,Amil One - líder; Assistência Viagem Internacional - líder
,(61) 3329-4500,851,
riberdente@riberdente.com.br,(16) 99187-1808,819,
contato@marcomed.com.br,(16) 99635-5045; (16) 3610-9595,802,
,,878,Dr Ady Reis Especialista - Especialista
,(11) 2109-8500,843,
riberdente@riberdente.com.br,(16) 99187-1808,818,
,(61) 2194-8280; (11) 5548-0506,881,
,(61) 3218-7000,886,
contato@cadistribuidora.com,(62) 3983-2239; (62) 3983-2238,874,
,(27) 99265-1597,694,
,,866,Dentista Perto - Dentista; Prótese Dentária - Especialista; Buriti Shopping - Dentista
contato@hospiconnect.com.br,(61) 98196-4138,879,
,(61) 99951-1951,893,
,(61) 99512-6057,903,
site@dentaladelar.com.br,(62) 3501-2400,873,
,(16) 99216-6444; (16) 3610-7424,810,Nosso Fundador - Fundador
,(61) 3028-4472; (61) 99218-3887,888,
,(16) 3623-3339,747,
implantisgo@gmail.com,(62) 9844-5151,865,
farmahofonline@gmail.com,(47) 99657-8812; (10) 2610-0027,647,
dentalcapixaba@dentalcapixaba.com.br,(27) 3205-2000; (27) 99902-5593,935,
cetel@ceteleletronica.com.br,(27) 3222-1967,926,
odontosin0@gmail.com,(62) 3223-8234; (62) 99923-6158,867,
,(61) 3443-8880,920,
,(61) 3404-5959,916,
,(61) 98491-7201,904,
dentistry@dentaldentistry.com.br,,932,
matheusalvarengaeng@gmail.com,,923,
emilcardio@emilcardio.com.br,(27) 99279-7913; (27) 3222-8494,940,
,(27) 99921-8984,950,
,(16) 3289-0281,771,Diretor MÃ - Diretor; Relacionamento Corporativo - Diretor
,(11) 3879-7822,846,
encarregado@senior.com.br,,672,Senior Sistemas - líder
adm@belbidistribuidora.com.br,(61) 3052-2520,917,
contato@divoshospitalares.com.br,(47) 3278-2923; (47) 98474-2563,728,
admin@vixhospitalar.com.br,(78) 98360-9136; (27) 3100-4800,945,
contato@nrdist.com.br,(61) 3363-9280; (61) 9240-0521,918,
,(61) 3205-4220,911,
,(61) 3546-6904; (85) 99204-6611,902,
,(16) 99700-4265; (16) 99159-3786,768,
cicatrizecirurgica@gmail.com,(27) 99975-1931,939,
,(62) 3233-1901; (61) 3563-5401,921,
,(62) 99648-3833; (62) 3924-5132,857,
,(47) 99229-6696,662,Parabéns Doutora - dentista
comercial@bsblogistica.com.br,(61) 99925-1200; (61) 3550-6689,913,
,(62) 98132-5813,973,
contato@cotadental.com.br,(27) 3022-8146; (27) 99828-4753,930,
contatos@theralog.com.br,,959,
,,987,Líder Ortopedia - Líder
,(27) 99702-5481; (27) 3024-3065,710,
,(27) 3239-1685; (27) 99894-2954,949,
,,907,Próteses Dentárias - Especialista; Detalhes Próteses - Especialista
contato@reabbrasil.com.br,(61) 3345-8068,897,
contato@alfamare.com.br; comercial@alfamare.com.br,(62) 4141-6997; (62) 99928-5240,981,
contatobiocompany@gmail.com,(62) 99195-6835,1005,
farmacia.delivery@oncovit.com.br; contato@alianzapharma.com.br,(27) 99509-8742,955,
,(27) 3212-4444,954,Marcelo Frisso - Diretor; Diretor Financeiro - Diretor; Gestão Humana - Diretor
compras@ortopediabrasil.com.br,(62) 99137-2861; (62) 3212-2002,992,
,,1000,Na Onisaúde - médico; Sou Médico - Médico
,(27) 3225-0288,927,Grande Rio - dentista; Associação Odontológica - Especialista; Universidade Federal - Especialista
,(27) 99263-0323; (27) 3227-9000,956,
,(16) 3931-2858,977,
,(61) 3020-0888; (62) 99209-1814,993,
,,997,Avenida Doutor José Neto Carneiro - Doutor
,(62) 3609-7048,946,
,(62) 3212-5688; (62) 99690-6466,986,Ampla Variedade - Médico; Hospitalar Ltda - Médico; Produtos Médico - Médico
,(48) 3036-1856,596,
,(62) 99988-3721,1002,
contato@mmclog.com.br,,1020,
contato@ortolifego.com.br; ortolifego@gmail.com,(62) 3095-5232,988,
sac@dynlab.com.br,,1013,
contato@medfutura.com.br,(21) 3311-5172; (21) 97290-5756,1032,
,(62) 3212-5688; (62) 99690-6466,985,Ampla Variedade - Médico; Hospitalar Ltda - Médico; Produtos Médico - Médico
relacionamento@hospitalar-ats.com.br,,1017,
sessaut@sessaut.com.br; vendas@sessaut.com.br,(16) 3632-5828; (16) 99799-5828,775,Saúde Ocupacional - Médico; Controle Médico - Médico
,(61) 3443-3950,898,Dentista Asa Sul - Dentista
imperial@imperialhospitalar.com.br; sac@imperialhospitalar.com.br,(62) 3932-0500; (10) 2163-5011,979,
contato@ortolinea.com.br,(62) 3259-8359; (62) 98170-5588,989,Produtos Ortopédicos - Especialista
contato@paterlini.com.br,(21) 2462-3188,1047,Laboratório Paterlini - cirurgião
,(21) 99831-5465,1041,
contato@maxxidental.com.br,(27) 3325-3038,934,
,(21) 2625-6263,1048,
,(21) 97905-6861,1052,
sac@biotecbif.com.br; contato@biotecbif.com.br,(62) 3878-6800,1012,
,(21) 3878-1617; (21) 2288-8683,1026,
comercial@maximaes.com.br,(27) 2141-2151; (27) 99878-1101,962,Doutor Pedrinho - Doutor; Presidente Médici - Presidente; Presidente Tancredo Neves - Presidente
contato@mwdentalstudio.com.br,,1049,
dentalphs@hotmail.com,(21) 98122-6538,1068,
odontomar@odontomar.com.br,(21) 99752-0022,1070,
,(62) 3089-8900,1010,
comercial@coutinholog.com.br,(51) 99371-2784,1019,
,(51) 3175-0001; (21) 98912-1343,1071,
contato@bravomanutencaoodontologica.com,(21) 92006-9533,1069,
comercial@casadoesteticista.com.br,(21) 99901-9959,1023,
,(21) 3567-6726; (21) 2253-4190,1021,Materiais Médico - Médico
,(21) 2148-1858; (31) 3071-0379,1084,
gerente@bliamed.com.br,(21) 3273-9448; (21) 98869-4774,1088,Produtos Médico - Médico
faleconosco@vivamedicamentos.com.br,(61) 3551-6580,1011,Responsável Tecnico - Responsável Tecnico
,(62) 99367-0457,1008,
contato@fflogistica.com.br,(21) 97921-7074; (21) 3882-3943,1059,
dentalborges@dentalborges.com.br,(21) 3872-1919; (21) 3177-6777,1075,
,(62) 3588-2646,975,
vilavalqueire@expressahospitalar.com.br; taquara@expressahospitalar.com.br; realengo@expressahospitalar.com.br,,1043,
servodonto@servodonto.com.br,(21) 2222-2775; (21) 2507-0659,1074,
cursos@slmandic.edu.br,(19) 3211-3600,1106,Direito Médico - Médico
,(21) 2233-1989; (21) 2516-0802,1024,Líder Mundial No Desenvolvimento - Líder; Fabricação De Equipamentos Médicos De - Líder; Diagnóstico Para Uso Profissional - Líder
,(21) 3251-8190; (21) 96979-1126,1089,Cirurgião Dentista - Cirurgião; Cirurgiã Dentista - Dentista
sac@alphasurgical.com.br,(21) 2784-0750; (21) 99752-9603,1099,
,,1085,Equipo Macrogotas Simples - médico; Produtos Médicos - especialista
,(21) 97662-9868,1064,
orcamentos@dinamicamedical.com.br,(62) 99953-7070,983,
,(61) 3362-5000,905,
,(21) 99329-8708,1105,Universidade Federal - Especialista; São Leopoldo Mandic - Especialista; Cirurgião Dentista - Cirurgião
,,1103,Agenda Diretor - Diretor; Laudo Médico - Médico
carla.ramos@int.gov.br; erika.silveira@int.gov.br; olga.ferraz@int.gov.br,(21) 2123-1018,1045,Conselho Diretor - Diretor; Plano Diretor - Diretor
dentalmv@dentalmv.com.br,(21) 98244-0256; (55) 2198-2440,1091,
,(21) 96436-2456,1087,
,(62) 3941-5655,1016,
,(31) 98403-0914; (32) 3323-1300,1124,
sac@pamed-rio.com.br; contato@pamed-rio.com.br,(21) 3439-9761; (21) 3439-9754,1030,
comercial@laboratoriodentalprogresso.com.br,,1136,
indra@maquinacohnwolfe.com,,1065,International Managing Director - Director; Operaciones Tech - Diretor; Administração Pública - Diretor
,(21) 99329-8708,1107,
dario.tanure@blueoceantech.com.br,,1110,
contato@kor3.com.br,(31) 99759-9077,1142,
balder@balderindustria.com.br,(31) 3629-9300,1153,
,,1092,Rua Doutor Celestino - Doutor
contato@elmedcirurgica.com.br,(31) 3292-0222; (31) 99115-0950,1162,
vendas@valentepharma.com.br,(21) 2426-9439; (21) 2426-9464,1028,
,(27) 3019-8253,942,
,(31) 3296-5045,1131,
comercial@labordentbh.com.br,(31) 99778-7208; (31) 99864-4925,1120,
contato@zimedical.com.br; vendas@zimedical.com.br,(31) 3223-6775,1133,
bramelbrasilmedica@gmail.com,,1169,Belo Horizonte - Médico; Produtos Ortopédicos - Médico; Afonso Pena - Médico
,(31) 3646-0905; (35) 5717-6400,1181,Cirúrgica Líder - Líder
sac@bravir.com.br,(31) 3355-1555,1151,
contato@chrismedical.com.br,(21) 99998-5202,1097,
,(31) 3273-7757; (31) 99644-9101,1114,
,(31) 3541-6190,1126,
,(61) 3233-0536; (61) 3233-2958,895,
cotacao@axiste.com.br; contato@axiste.com.br,(21) 3094-9750,1100,
,,1173,Santa Maria Minas - Diretor
contatocirurgicamg@gmail.com,(31) 98335-0871; (31) 3317-6906,1123,
alfa@alfamedicoes.com.br,(31) 3222-5553,1121,
proimplanto.odontologia@gmail.com,,1180,Pós Graduação - Especialista; Próteses Dentárias - Especialista; Cirurgias Avançadas - Especialista
vendas@promodental.com.br,(31) 3253-3400,1198,
atendimento@dentaloralline.com.br,(11) 91298-8569; (11) 3815-3335,1223,
contato@ipobrasil.com.br; contato.mg@ipobrasil.com.br; contato.df@ipobrasil.com.br,(19) 3236-0500; (31) 97155-9853,1093,
contato@ellodistribuicao.com.br,(62) 4009-2100,1009,
odontobhz@gmail.com,(31) 99915-0206,1197,
contato@ortopediareabilit.com.br,(11) 98751-9283; (11) 2279-2958,1234,
atendimento@mpolachini.com.br,(11) 99357-1260; (11) 3467-9419,1208,
contato@portosurgical.com.br,,1098,
,(11) 2063-4903,1232,
ouvidoria@dentalfree.com.br; adm.ecommerce@dentalfree.com.br,(31) 9695-6129; (31) 3201-8302,1190,
biocirurgica@biocirurgica.com.br,(31) 3464-1985; (31) 99108-1954,1160,
,(31) 97508-7703; (31) 4042-3123,1148,Sou Médico - Médico
ortotecno@gmail.com,(31) 98799-1768; (31) 98349-5834,1128,
sac@qualitycommerce.com.br; contato@quality.com.br; sac@quality.com.br,(31) 3474-4000,1137,
,(11) 3262-4750,1213,Prótese Dentária - Especialista; Dentista Responsável - Dentista; Clínica Especialista ImplArt - Especialista
financeiro@dentalhirel.com.br,,1194,
contato@spinesys.com.br,,1257,
,(21) 3256-0288; (21) 3813-5577,1096,
gleison@dentalshalon.com.br,(31) 3271-9430,1196,
sac@tecnomedi.com.br,(24) 98182-9123; (78) 98949-2533,1202,Inovação Constante - médico
marketing@realmedica.com.br; comercial@realmedica.com.br,(28) 3028-5584; (21) 97266-2550,1265,
contato@vitalhealthtec.com.br,(21) 98787-1005,1172,
,(31) 2551-3262; (31) 98269-2975,1188,
lojavirtualdentalprogressosp@gmail.com,(11) 2539-6856; (11) 2476-3357,1220,
imprensa@macominstrumental.com.br; alexandre@macominstrumental.com.br; macom@macominstrumental.com.br,(11) 2431-4636; (10) 2430-7006,1237,
dentalnorte@gmail.com,,1247,
sac@fradel-med.com.br,(11) 98263-4766; (11) 5562-3541,1238,
contato@dentaladvance.com.br,(11) 3231-0750,1276,
,(48) 99925-1169,1262,
,(21) 99622-9733; (21) 97080-5965,1263,Material Médico Que Cuida - Médico; Sua Família - Médico; Medical Mettler - Médico
ecommerce@ortodente.com,(31) 3296-5050,1195,
contato@intralab.com.br,(11) 5555-3296,1300,
,(90) 8607-3057; (78) 98415-4413,1259,
saudevida@saudevidacirurgica.com.br,(31) 99208-3302,1167,
contato@icevirtual.com.br,(11) 3901-5352; (11) 3906-1630,1248,
minasmedical@minasmedical.com.br,(31) 2112-5151,1261,
dentallaser@dentallaser.com.br,,1267,
sp.cirurgicos@gmail.com,(11) 94751-2804; (11) 2691-9590,1242,
rodrigo@artisdente.com.br,(11) 94590-7122; (11) 3085-5278,1303,
vendas@dormed.com.br,(31) 3474-9151,1171,Diagnóstico Médico - Médico
dentalzn87@gmail.com,(11) 2537-5141,1219,
saopaulo.sp@lojaodasclinicas.com.br,(11) 3673-3561; (11) 94818-9595,1287,Hospitalar Dentista - Dentista; Cuba Rim Aço Inox Acessório - Dentista
,(21) 99622-9733; (21) 2234-7070,1325,Material Médico Que Cuida - Médico; Sua Família - Médico; Medical Mettler - Médico
,(11) 97757-1742,1239,
vendas4@amefre.com.br,(11) 2283-5979; (10) 5913-5300,1272,
contato@waks.com.br,(11) 97300-3668,1218,
randmed@randmed.com.br,(11) 3966-0524,1240,
comercial@studiobrudent.com.br,(11) 4119-4259; (11) 96829-0304,1315,
,,1311,João Carlos - CEO
,(65) 3023-2400; (62) 3293-1414,970,
,(18) 5398-2670; (80) 7760-5409,1204,
,(51) 3907-1001; (51) 98104-0227,1273,Serviços Médico - Médico
,(11) 97128-1018,1304,
,(11) 2577-7899,1335,
contato@dentelli.com.br,(47) 2125-1327; (47) 92003-6578,1253,Dentista ItajaÃ - Dentista; Rua Doutor Nereu Ramos - Doutor; Contato Dentista - Dentista
,(51) 99008-4643; (51) 98617-0133,1251,Equipamentos Médico Hospitalar - Médico; Vestuário Médico - Médico
,(31) 3481-1177; (82) 3025-4356,1170,Visual Material Hospitalar - médico
memcirurgica@memcirurgica.com.br,(11) 5539-7557; (11) 96857-4582,1277,
atendimento@helterhospitalar.com.br,(11) 3656-6013; (11) 3603-0124,1347,
sac@jmmed.com.br,,1357,
rwr@rwr.com.br,(11) 3465-5400; (11) 94789-9224,1285,Equipamentos Médico Hospitalares - Médico
,(15) 98151-4495,1294,
,(11) 3277-4967; (11) 99798-9030,1340,
,(11) 4544-0708; (11) 4544-0707,1369,
eduardo@gmeddistribuidora.com.br,(11) 2996-6212; (11) 97575-9894,1376,
contato@odontoequipamentos.com.br,(11) 2776-7961; (11) 2359-1827,1275,
,(11) 5011-5669; (11) 5011-4977,1350,
comercial@sxmedic.com.br,(62) 3273-6106; (61) 99859-2307,853,
orcamento@salutemhospitalares.com.br,(11) 93227-7039; (11) 2202-9000,1360,
,(51) 99008-4643; (51) 98617-0133,1292,Equipamentos Médico Hospitalar - Médico; Vestuário Médico - Médico
sac@g3saude.com; vendas@g3saude.com,(21) 3549-6927; (21) 2137-4995,1324,
distribuidorazarb@gmail.com,(11) 95161-5090,1373,
leblonmed@hotmail.com,(21) 98574-8277; (21) 2294-8417,1264,Leblon Med - médico; Leblon Med Material Médico - Médico; Material Médico - Médico
sac@cnph.com.br,(11) 3385-9339,1281,
yesomedicamentos@gmail.com,(11) 93406-6003,1370,
medpharma.mp@gmail.com,(11) 91276-4789; (11) 99599-2942,1375,
vendas@abcinstrumentos.com.br,(11) 2353-4000,1245,
sac@innport.com.br,(11) 2609-7300,1374,
,(31) 97354-9620,1164,
contato@lcaprotese.com.br,(11) 3819-2202,1313,
,,1271,Diapasão Médico - Médico
contato@grupopromedica.com.br,(21) 3860-3136; (21) 2585-5758,1322,Grupo Promédica - médico
comercial@orthoface.com.br,(41) 3075-4100,1395,
,(11) 3740-7171,1226,
comercial@amandamoveis.com.br,(11) 99183-5865; (11) 3571-5376,1359,
,(11) 99265-4569,1334,
,(62) 3701-5474,1383,
,(51) 99787-1786; (51) 99253-1385,1430,
contato@dominio.com.br; contato@procular.com.br,(11) 3224-8106; (11) 3221-9525,1293,
contato@dermatologica.com.br,(41) 99199-4993; (41) 3324-4560,1414,
,(41) 3288-8000,1390,
guarulhos@fisiomedaluguel.com.br; santana@fisiomedaluguel.com.br,(11) 2479-4002; (11) 97502-1998,1353,Rua Dr - Dr.; São Paulo - Dr.
contato@dentalrs.com,(51) 98242-4222; (51) 3388-1881,1393,
,(41) 99216-6406,1408,
comercial@dgraos.com.br,(11) 95070-6070; (11) 3326-4499,1371,
contato@exclusivedent.com.br,(11) 92159-3856,1306,Prótese Dentária - fundador; Especialista Agora - Especialista
,(41) 3501-1668,1399,
maimplantodontia@gmail.com.br,(41) 99281-4979,1397,
,(41) 99806-0327; (41) 99806-0480,1403,
contato@health.eng.br,(11) 97669-4129,1330,
encarregado.lgpd@licimed.com.br; licimed@licimed.com.br; denuncia@licimed.com.br,(51) 3076-8181,1415,
aklimper@aklimper.com.br,(17) 91143-5326; (11) 2036-8763,1356,
hospitalarmultimarcasbr@gmail.com,(51) 99701-1114,1405,
atendimento@gowhite.com.br,(51) 99248-7531; (51) 3557-0082,1426,
,(51) 3307-0707,1422,
,(80) 95645-0001; (41) 99832-2577,1411,
,(11) 3665-8550,1337,Alex Shoes - Diretor; América Latina - especialista; Emit Hyundai - CEO
contato@daquino.com.br,(18) 3659-1780,1346,São Paulo - médico
betterlifeloc@gmail.com,(51) 9380-6551,1404,
contato@denadallab.com.br,,1455,Cirurgião Dentista - Cirurgião; Prótese Dentária - Especialista; Cirurgião Bucomaxilofacial - Cirurgião
contato@implanew.com.br,(41) 98832-3523,1433,
site@dentalweb.com.br,(51) 3083-5100,1425,
contato@pharmak.com.br,(11) 99999-9999; (11) 3864-7454,1343,
,(11) 3966-1020,1351,
,(21) 99851-7003; (21) 3851-7003,1328,
,(41) 99649-8752; (41) 3039-1019,1410,
contato@ngamoveishospitalares.com.br,(51) 99981-3555; (51) 3020-0555,1409,
,(51) 3388-8635,1456,
contato@traumashop.com.br,,1453,
contato@medserv-sp.com.br,(11) 4930-7862; (11) 4352-3522,1282,
,,1462,Dentista Responsável Técnico - Dentista
,(41) 3352-3328,1466,
,(41) 99630-1061; (41) 3203-0241,1478,
atendimento@hospitel.com.br,(41) 3044-0340; (41) 3016-3100,1447,
contato@prosthetic.com.br,,1450,
,(41) 99688-7336; (41) 3081-2216,1401,
atendimento@hospitel.com.br,(41) 3044-0340; (41) 3016-3100,1461,
atendimento@hospitel.com.br,(41) 3044-0340; (41) 3016-3100,1454,
,(41) 3296-9687,1394,
contato@maxifarma.com.br,(41) 3333-7163,1391,
atendimento@contatti.com.br,,1494,
atendimento@aservascuram.com.br; aservascuram@aservascuram.com.br,(41) 3274-3343,1467,
contato@ortomedmoveis.com.br,(62) 98447-2594; (62) 3283-7437,1348,
,(41) 98864-0146; (41) 3013-0237,1444,Nosso Fundador - Fundador
,(41) 3311-1723; (17) 5407-1300,1479,Copyright Orto Curitiba Material Médico - Médico
contato@outbox.com.br; contato@outboxmob.com.br,(41) 3349-3065,1446,Out Box - líder
comercial@doctus.med.br,(41) 3357-9966; (41) 3079-1366,1481,
,(51) 99955-7005,1451,Por Método - Médico; Ortopedia Facial - Especialista; Consultório Médico - Médico
,,1489,Edifício Centro Médico Brasília - Médico; Asa Sul - Médico
comercial@maxtonlogistica.com.br,(41) 3069-9800,1508,
,(51) 3337-3197; (51) 3084-3197,1427,
contato@localife.com.br,(51) 3084-8004,1476,
,(41) 3010-1942,1355,
gift@oralgift.com; comercial@oralgift.com,(41) 3332-0300; (41) 93300-5238,1434,
bruno@orthohouse.com.br,(51) 98439-2853; (51) 99701-1114,1465,
contato@apsisinfo.com.br,(31) 97189-2100; (31) 2514-1160,1525,
equipemkt@biomed.com.br,(48) 3036-1417; (51) 3275-3535,1506,
clinical-tech@hotmail.com,,1516,
,,1490,Prótese Dentária - Especialista; Porto Alegre - dentista; Miguel Tostes - Especialista
msortopedia@msortopedia.com.br,(41) 3024-5204,1472,
,(51) 99603-1166; (91) 8094-6000,1460,
,(48) 99150-1457,1550,
,(41) 3302-2123,1483,
comercial@promm.com.br,(51) 99939-1560; (51) 3342-4962,1419,
comercial@metalicmedical.com.br; vendas@metalicmedical.com.br,(41) 3033-2016,1484,
sac@bulaverdde.com.br,(41) 3015-4205; (41) 3015-1668,1436,
,(51) 99701-4507; (51) 99973-0960,1546,
,(51) 2131-7221,1500,
contato@marcasul.com.br,(51) 98188-0960; (51) 3095-2980,1491,
sac@dmparana.com.br,,1552,
,,1555,Responsabilidade Sócio Ambiental - Sócio
andrey@digitalhospitalar.com.br; adair@digitalhospitalar.com.br; vendas@digitalhospitalar.com.br,(41) 99151-1885; (41) 3152-1885,1477,
virtual@ortopediavaalmed.com.br,,1400,
,(31) 99597-9668,1526,Product Owner - Owner; Head Digital - Head
sac@cafcenter.com.br,(19) 98177-2171; (19) 3367-7333,1554,
,(51) 3012-7587; (11) 2364-8229,1388,
,,1567,Médico Cardiologista - Médico
comercial@incasa.ind.br,(47) 3205-7100; (47) 3205-7000,1571,
contato1@s2saude.com.br; financeiro@s2saude.com.br,(27) 99864-7428; (27) 99948-6511,1584,
sac@pldistribuidora.com.br,,1532,
prokinetics@prokinetics.com.br; comercial@prokinetics.com.br,(19) 3299-2194; (19) 3871-4172,1569,
betel@beteldescartavel.com.br,(41) 3077-7117,1517,
,(41) 3665-5700,1486,
sac@ibmp.org.br; comunicacao@ibmp.org.br; faleconosco@ibmp.org.br,(41) 3165-4240; (41) 3165-4221,1528,
comercial@clinux.com.br,(27) 3327-6976; (80) 91819-0001,1586,Clinux Telerradiologia - médico
vendas@qualitymedicalsp.com.br,(11) 2965-9898; (11) 2302-8170,1591,
vendas@promefarma.com.br,(41) 3165-7900,1437,
,(41) 3266-0852,1527,
,(47) 3466-0305; (47) 3423-1712,1557,
,(48) 3039-3031,1464,
,(11) 5070-1799; (11) 3136-1540,1582,
,(34) 6170-0900,1590,
comercial@magnumimport.com.br,(51) 99987-6060; (51) 3111-3011,1463,Médico Urologista - Médico
odontoedontec@gmail.com,,1605,
rcmoveis@rcmoveis.com.br,(19) 2119-9000,1558,
,(41) 3085-2053,1536,
,(41) 3353-1314,1498,Head Spot - Head
contato@galileo.vix.br,(27) 3208-2128; (27) 99265-0176,1626,
comercial@igmed.com.br,,1600,
sac@equipus.com.br,(51) 98154-1222; (10) 3633-5001,1579,
,(47) 3461-9900,1574,Diretor Presidente - Diretor
ecommerce3@orthomundi.com.br,,1621,
joipress@joipress.com.br,(47) 3454-0972,1643,
digitallabinstitute@gmail.com,(27) 99635-2309,1619,
comercial@bauenart.com.br,(11) 96638-4030,1229,
diretoria@atelieruniao.com.br; atendimento@atelieruniao.com.br,(31) 3201-3418,1549,
,(27) 3212-4444,1580,Marcelo Frisso - Diretor; Diretor Financeiro - Diretor; Gestão Humana - Diretor
,,1595,Farmacêutico Nacional - líder; Brace Pharma - líder; Portal Médico - Médico
,(47) 99191-1870; (47) 99658-6256,1610,
contato@saudelavi.com,(16) 99325-2028; (16) 3610-2680,1650,
,(11) 3288-0208; (11) 3289-5473,1658,
contato@cemedlog.com.br,(11) 99727-0104,1638,
atendimento@belaclin.com.br,(11) 3455-6941; (11) 97702-2320,1656,Chácara Santo Antônio - Dentista; São Paulo - Dentista
,,1606,Material Médico Hospitalar - Médico
mercadomed@mercadomed.com.br,(11) 2609-7848; (10) 5541-4311,1612,
farmaceutica@infinitypharma.com.br,,1589,
,(16) 2111-3860; (16) 2111-3888,1677,
compras@ortosulortopedia.com.br; responsaveltecnico@ortosulortopedia.com.br; gerencia@ortosulortopedia.com.br,(47) 3426-7345; (47) 3029-4137,1624,
contato@edumedic.com.br,(47) 3013-5611,1597,
sac@onpharma.com.br,(11) 2376-4594,1572,
contato@artemisortopedica.com.br,(41) 3079-9914,1471,
,(47) 3395-6115,1598,
,,1648,Consulta Sócio Decisor - Sócio; Jardim Presidente Dutra - Presidente; Chief Executive Officer - Chief Executive Officer
atendimento@horaios.com.br,(11) 97181-1101; (11) 3842-2626,1657,Marketing Médico - Médico
contato@grupoasfar.com.br,,1575,
sac@medicalald.com.br; rh@medicalald.com.br; financeiro@medicalald.com.br,,1627,
lgzenga@uol.com.br; lgzenga@gmail.com,,1654,
healthlog@mafrahospitalar.com.br,(16) 3516-9567,1639,Lead Time - Lead
,,1664,Life Science Health Care Partner - Partner; Founder AnestWork - Founder; Machado Meyer - Partner
,(51) 3079-1100,1674,
estoquedentalmuller@gmail.com,(51) 3228-8527; (51) 99771-9990,1573,
,(21) 2512-9667; (21) 98772-6525,1716,
dlaemsupporthelp@medtronic.onmicrosoft.com,(17) 6598-5459,1713,
contato@systhex.com.br,,1708,
,(51) 3021-0055,1652,Hospital Ouro Branco - Diretor
,(11) 4438-6444; (31) 8963-9900,1611,Quem Somos - Médico; Produtos Médico - Médico; Produtos Médico Hospitalares - Médico
,(11) 97639-6153,1698,Trabalhador Marfrig - Diretor
,,1640,Eiichi Nakanishi - Presidente
sac@minancora.com.br,(47) 3461-6400,1585,
sac@apisflora.com.br,,1722,Apis Flora - Especialista; Produtos Naturais - Especialista
clinica@skdermato.com.br,(21) 99130-4383; (21) 2239-8961,1718,
,(21) 2511-2561; (21) 2274-5892,1704,Sociedade Brasileira - Especialista
marketing@instramed.com.br,,1636,
contato@medisul.com.br,(51) 4100-0026; (51) 98164-3748,1725,
,,1714,Harvard Medical School - médico
eximiaimplantes@gmail.com,(32) 3021-1134; (32) 9993-5208,1710,
unihealth@unihealth.com.br,(11) 3555-5800,1596,
,(41) 3324-3058; (41) 3232-3674,1702,
contato@biafigueiredobf.com,(67) 99602-0088; (67) 99828-0058,1660,Grupo Prada - CEO; Bia Figueiredo - CEO; Andrea Guerra - CEO
contato@paularaso.med.br,(21) 98891-4010; (21) 2249-7973,1717,
,(11) 97069-7706,1724,
,(41) 99282-0721; (41) 3203-6828,1530,
,,1601,Fernando Sampaio - presidente; Fernando Sampaio - Presidente
,(11) 2924-9414; (11) 94724-8392,1742,
,(41) 3072-6338; (41) 99801-6338,1538,
contato@surgeon.com.br,(51) 3248-3693,1727,
sac@dgtech.ind.br; dgtech@dgtech.ind.br; sac@edlo.com.br,,1726,
contato@dentalpioneira.com.br,,1749,
contato@ladermato.com.br,(21) 98471-6260; (21) 2522-2051,1715,
,(21) 99537-8727; (21) 3264-6178,1712,
,(47) 3433-2492,1758,
rh@techimportimplantes.com.br; comercial@techimportimplantes.com.br,(19) 3522-9500,1736,
sac@medixbrasil.com.br,,1747,
vendas@titaniumfix.com.br,(12) 98126-9820; (12) 3929-5504,1739,
contato@ferexmedical.com.br,(47) 3801-3188,1745,
,,1720,General Counsel - President; Chief Human Resources Officer - President; Global Operations - President
,(15) 3036-2614,1634,
atendimento@dentaltanaka.com.br,(11) 98433-1920,1734,
portodent@portodent.com.br,,1755,
contato@lumarhospitalar.com.br,(16) 3615-8798,1764,
,(51) 3391-5313,1756,
relacionamento.br@bbraun.com; gfavero@tramaweb.com.br,(11) 95691-9375; (11) 94163-7553,1719,Vendas Aesculap - presidente; Michael Dickscheid - presidente
,(11) 97416-6811,1655,
contato@jcnchospitalar.com.br,(16) 3633-9060; (16) 3966-2454,1768,
vendas@martecmed.com.br,(16) 2138-5353; (16) 98849-5323,1732,
atendimento@rhosse.com.br,,1781,
comercial@dentscler.com.br,(16) 99609-1038; (16) 3456-8110,1743,
,(48) 3241-1100; (51) 3331-0355,1802,
atendimento1@injectcenter.com.br,(16) 4009-9600,1645,
sac@alliage-global.com,,1786,América Latina - líder
,(28) 5747-8600,1791,
,,1779,Hospital São Lucas - diretor; Mais Influentes - Diretor; Hospital São Lucas - Diretor
,(16) 99799-9106,1738,Artigos Médicos - Médico; Médico Ribeirão Preto - Médico
atendimento@decontofarma.com.br,(51) 3225-2767,1723,
contato@216mh.com.br,(51) 99368-0022,1795,
,(19) 3229-6262,1752,
gerencia@oimed.com.br; contato@oimed.com.br,(27) 99787-2344; (21) 92012-0310,1696,
vendas@ctbh.com.br,(31) 3371-3121; (31) 99242-0929,1816,Ultrassom Médico - Médico
,(47) 3026-9999; (47) 3432-9750,1754,
,,1689,Christian Storz - CEO
letmetrial@letmetrial.com,(51) 99560-2023,1776,
,(31) 3271-7890,1822,
orcamento@maxcirurgica.com.br; max@maxcirurgica.com.br,(51) 98137-4769; (51) 3249-0141,1731,
,(31) 3524-8686,1811,
vendas@polarfix.com.br,(11) 4512-8600,1721,
,(16) 99622-2963; (16) 99638-3980,1772,Presidente Castelo Branco - Presidente; Subseção Ribeirão Preto - CEO; André Ali Mere - CEO
,(71) 3042-5632; (11) 3297-0352,1746,
comercial@bbsbrasil.com.br,(41) 99812-0323,1812,
,(51) 3249-5843,1784,
,(61) 98287-0887,1820,
,(71) 3328-0044; (71) 3261-7872,1821,
implantare@implantare.com.br,,1831,
contato@bionica.com.br,(81) 3037-4557,1836,
,(19) 3913-9990,1750,
amparo@amparo.tec.br; info@finbiz.com; amento@amparo.tec.br,(51) 98944-2196,1665,
vendas@ortolancer.com.br,(31) 98498-7301,1813,
alka@alka.net.br,(19) 3242-6458; (19) 3242-3689,1730,
,,1799,Hertz Farmacêutica - especialista; Consumer Health - especialista
,(27) 3182-1000,1844,Shopping Vitória - Médico; Centro Médico Shopping Vitoria - Médico; Centro Médico - Médico
itg@itgmedev.com.br,(81) 3441-0517,1833,
,(61) 3028-4472; (61) 99218-3887,1823,
licitacao@micromedicalsaude.com.br,(61) 3327-0700,1824,
,(47) 3451-3333,1748,Plano Diretor - Diretor; Diretor Técnico - Diretor
,(45) 99978-6688; (45) 3035-2607,1848,Rua Presidente Bernardes - Presidente; Rua Presidente Pádua Fleury - Presidente
contato@lrdental.com.br,(41) 9964-3923; (41) 3045-5995,1843,
,(11) 4586-9833,1744,
atendimento@alfaimplantes.com.br,(16) 3442-0199,1797,
vendas@mzequipamentos.com.br,(71) 3034-4412; (71) 3034-4401,1806,
,(19) 3291-2283,1788,Compliance Cirúrgica - Médico; Equipamentos Científicos - Médico; Cuidados Médicos - Médico
,(21) 3460-1746,1854,
atendimento@asmedicamentos.com.br,(11) 94075-0068,1849,
,(11) 98093-0949; (11) 96072-6191,1763,
,(61) 3964-7889,1805,Clinical Research Director - Director
vendas1@lacmedic.com.br,(19) 3289-4449,1766,
sac@dgtech.ind.br; dgtech@dgtech.ind.br,,1735,Unimed Florianópolis - médico; Santé Surgical - médico
provitah@provitah.com.br,,1842,
,,1853,São José - Diretor
ouvidoria@dentalfree.com.br; adm.ecommerce@dentalfree.com.br,(31) 9695-6129; (31) 3201-8302,1817,
,(51) 3330-1755,1759,Rogério Mengarda - diretor; Diretor Clínico OdontoMengarda - Dr.; Rogério Mengarda - Dr.
gal@saude.sc.gov.br; lacen@saude.sc.gov.br,,1874,
comercial@tklbrasil.com.br,(41) 3022-0926,1834,
faleconosco@peclab.com.br,,1841,
sac@cargoexpresstransportes.com.br,(51) 3374-3535; (51) 99837-3297,1846,
vendas@ox-genium.com.br,(31) 3532-4643; (31) 97161-0987,1866,
,(21) 3681-6073,1858,
,,1807,Indústrias Médico Odontológicas - Médico
atendimento@hrlogistica.com,(31) 99222-4895; (31) 99222-4928,1915,
contato@techmaissaude.com.br,(81) 99622-5948; (81) 99849-3139,1832,
contato@lainformatica.com.br,,1884,
dentalsumare@dentalsumare.com.br; amkodontologia@hotmail.com; cml@microplant.com.br,(11) 98505-0042; (15) 3326-4137,1789,
sante@cirurgicasante.com.br,(31) 99167-6969,1936,
smpit-wanareja@assyifa-boardingschool.sch.id,(82) 2458-8452; (51) 99591-0227,1782,
atendimento@mobraz.com.br,(41) 3023-4365; (41) 99944-0112,1829,
sac@bhfarma.com.br,(31) 2122-9400,1892,
,(81) 99264-7586; (81) 3072-9813,1930,
trauminases@trauminas.com.br; lgpd@trauminas.com.br; contato@trauminas.com.br,(27) 3222-2580; (31) 3045-1955,1886,
cofabiobarbosa@gmail.com,(71) 99412-5387,1827,
vendas@richter.com.br,(11) 3908-7000,1753,
dpo@advicehealth.com.br; comercial@advicehealth.com.br,(48) 3206-0269; (48) 3206-0265,1861,
comunicacao@bhvida.com,(31) 98429-6823,1876,
,(71) 99721-0472; (71) 3321-2046,1867,Realmed Com - Médico; Equipamentos Médico - Médico
ecommerce@saudetec.com.br,(31) 99453-8889,1910,
,(21) 4009-0102; (21) 99459-9140,1850,
,(81) 2123-0440,1826,Romualdo Almeida - diretor; Grupo Interne - diretor; Cirurgião Geral - Cirurgião
atendimento@precisionbones.com.br,,1798,Precision Bones - médico
,,1938,Guia Médico - Médico
,,1680,Bioscience Medical - médico
,(71) 99605-7820,1937,
,(71) 3328-0044; (71) 3261-7872,1955,
,(16) 99303-6643,1770,Sócio Diretor - Sócio; Cirurgião Dentista - Cirurgião; Sou Dentista - Dentista
,(31) 99204-0268,1945,
,(81) 3538-8929,1959,
,(71) 3017-5197; (71) 3235-1399,1947,
,(81) 3221-0662,1954,
endocenter@endocenterpe.com.br,(81) 3265-9050; (84) 3201-5076,1957,
,(21) 4009-0102; (21) 99459-9140,1928,
vendas@cirurgicagervasio.com.br,(31) 3239-5050; (31) 97167-8966,1932,Cirúrgica Gervásio - Médico; Cirúrgica Gervásio - médico; Aparelhos Médicos - Médico
,(48) 3035-4933; (48) 99121-0408,1981,
marketing@fixgrupo.com.br; andrea@fixgrupo.com.br; dpo@fixgrupo.com.br,(61) 3028-8852,1870,Cirurgião Bucomaxilo - Cirurgião; Cirurgião Bucomaxilofacial - Cirurgião
estoque@phoenix.med.br,(41) 99178-5222; (41) 3079-3077,1851,
,(46) 2350-0100,1961,Cadeira Presidente - Presidente
,(62) 99568-3873,1972,
wagner.marques@geobytetecnologia.com.br,,1984,
,(31) 3289-1212,1941,
sac@formathos.com.br,,1964,
contato@santedistribuidora.com.br,(62) 3101-0443,1973,
henrique@mercadoodontologico.com.br,,1980,
comercial@nordpharma.com.br,(81) 4141-2416,1929,
pedidos@cegemed.com.br,(41) 99194-9293; (41) 3333-7000,2002,
,(71) 3312-1810,1963,
,,2001,Responsabilidade Sócio Ambiental - Sócio
sac@smartwalk.com.br,(48) 4042-2330,2014,
artvenddental@gmail.com,(21) 3278-2852; (37) 7075-4000,1994,
,,1962,Na Medlyght - médico; Equipamentos Médico - Médico; Medlyght Locação - Médico
orcamentos@ilhatec.com.br,(48) 3333-0505,2015,
,(21) 2462-5560; (21) 98280-1410,2004,
contato@voxmedbrasil.com,(31) 97260-2688; (31) 3241-2863,1939,
vendas@smdental.com.br,(21) 99195-9947,1993,
,,2018,Juliano Paluch - especialista; Cirurgião Dentista - Cirurgião
,(11) 5039-1035,2010,
,(67) 3306-2333; (61) 3443-2684,1880,
atendimento@interlace.com.br,(11) 99371-6944; (11) 3872-2944,1951,
contato@agromed.com.br,(81) 3446-1525,1935,
ciruvix@ciruvix.com.br,(27) 99316-0956,2011,
,(71) 98485-0695,2007,Diretor MÃ - Diretor; Radiologia ClÃ - Doutor; Físico Especialista - Especialista
mkt@doctorline.com.br,(27) 3182-1300; (27) 99670-2885,2037,
,,2022,Administração Hospitalar - Especialista; Informática Médica - Doutor; Clínica Cirúrgica - Doutor
engemed@engemedsc.com.br,(48) 3248-6336,2041,
contato@onepharma.com.br,(62) 3100-7047; (62) 98559-3648,1999,
,(61) 3329-8000; (12) 2138-9500,1878,
,(48) 3244-9425,1996,
compras@medhdistribuidora.com.br,(31) 3547-3577,1905,
,(81) 3628-8950,1933,
contato@remeddistribuidora.com.br,,1985,
atendimento@sautec.com.br,,2006,Equipamentos Médico Hospitalar - Médico
contato@casteloequipamentos.com.br,,1761,
ewerton@habicast.com.br; contato.site@ccprmg.com.br,(31) 3575-1020; (33) 3421-3958,1922,César Lacerda - presidente; Marcelo Candiotto - presidente
,,2046,Centro Médico Montes Alpha - Médico
,(79) 7335-7200; (41) 3014-0010,1979,
contato@hightechmed.com.br,(11) 5184-1260,2012,
,(48) 99982-2168,2030,
,(27) 3025-8451,2032,
,(31) 3515-2000,1917,Parcerias Sustentáveis - Dono; Meio Ambiente - Dono
comercial@checkupdf.com.br,,2052,
,(62) 3092-3817; (62) 98227-0334,1975,
contato@cirurgicamarcelina.com.br,(11) 94954-0287; (11) 2522-7674,1733,
,(48) 3244-9425; (48) 98411-2092,2045,
,(27) 99262-1621; (27) 3225-6880,2042,
,(41) 3382-9070; (41) 99181-4653,1983,
,(41) 3378-7854,2072,
,(48) 3034-3212,2064,Farmacêutico Proprietário - Proprietário
,(31) 2126-4000; (62) 4012-4012,1995,Vice Presidente - Presidente
vendas@ng2grupo.com.br; sac@ng2medical.com.br,(41) 3082-5114,1942,Diapasão Médico - Médico; Well Lead - Lead
,(62) 4012-1199,1986,
,(47) 3170-0917; (47) 3366-7867,2049,
,(61) 3257-7939,2081,
,(85) 6459-0024; (78) 98655-0919,2053,
comercial@locness.com.br,(61) 4042-2005,2080,
,(78) 96902-2875; (78) 99095-2447,2057,
,(41) 3222-4906,1966,
contato@laprojet.com.br,(48) 3233-6956,2089,
comercial@solutiondistribuidora.com; assistencia.tecnica@solutiondistribuidora.com,(21) 96757-4466; (21) 99900-3274,2059,
,(61) 98499-6394,2073,
contato@logistick.com.br,,2090,
,(21) 99817-6366; (21) 99815-9083,2074,
dentalbuenodigital@gmail.com,(62) 3300-0899,2123,
,(21) 2156-8999; (24) 3355-9300,2125,
,(61) 3878-2878,2070,Medicina Esportiva - especialista; Paulo Lobo - especialista; Globo Esporte - especialista
contato@gruposhore.com.br,(21) 2707-3100; (21) 3709-2621,2076,
,(61) 3256-4484,2077,
contato@calgaro.com.br,(41) 3029-8383,2068,
dpo@gruposuprimed.com.br,(12) 3903-9110; (12) 3904-2399,2054,Médico Urologista - Médico
,(47) 99967-2318,2091,
,(21) 99575-9988,2095,Material Médico - Médico
,(62) 3212-2119; (63) 2104-1419,2065,
,(21) 3030-4171; (21) 3030-4172,2094,
vendas@newsurgicalopme.com.br,,2023,
atendimento@precopopular.com.br,,2122,
,(62) 3294-4737,2120,
vendas@wbsurgical.com.br,(61) 99806-4741; (62) 99641-7074,2101,
mdlhospitalar@terra.com.br,(27) 3323-1313,2035,
,(41) 3042-0997,2034,
posvendas@barrfab.com.br,(54) 2628-8800,2102,
marketing@tiradentessaude.com.br,(62) 99817-4564; (62) 3221-8900,2104,Tiradentes Médico Hospitalar - Médico
,(11) 3042-8333,2028,
,,2113,Alere Inc - líder; Jude Medical - líder; Abbott Diabetes Care - líder
sac@tecmedica.com.br,(71) 3496-2600,1871,
,(61) 3771-3400; (21) 2122-1700,2071,Preferred Agency Partner - Partner; Quem Somos - Líder; Viagens Corporativas - Líder
contato@medlinn.com.br,(62) 99860-1590; (62) 3945-7090,2088,Ver Material Médico - Médico; Material Médico - Médico
comercial@mmclogtransportes.com.br,(21) 97241-9835; (21) 3950-0653,2083,
mrpharma@mrpharma.ind.br,,2114,
contato@r1implantes.com.br,,2100,
,(62) 99106-3575; (62) 98292-5222,1971,
,(48) 3224-7466; (48) 98810-8383,1992,Sociedade Brasileira - Especialista; Diretor Regional - Diretor; Associação Brasileira - Diretor
,(21) 3796-5232; (21) 2436-1501,2069,
,(61) 98361-0203,2051,
bmi@bmiprosper.com.br,(48) 3039-4345,2029,
sac@rmhospitalar.com,(62) 4006-3993,2110,
