Nome Empresa,Website,Address,Rating,Reviews,Phone,Types,Source,Search_Query
Implacil Osstem,https://www.implacil.com.br/,"R. Cesário Ramalho, 821 - Cambuci, São Paulo - SP, 01515-000, Brazil",3.6,96.0,+55 11 3342-5100,"point_of_interest, establishment",Google Places API,Fabricante de Implantes Dentários Brasil
DSP Biomedical,https://dspbiomedical.com/,"R. Mal. Floriano Peixoto, 303 - Ouro Verde II, Campo Largo - PR, 83606-200, Brazil",4.4,25.0,+55 800 600 8866,"store, health, point_of_interest, establishment",Google Places API,Fabricante de Implantes Dentários Brasil
MIS Implantes Brasil,https://misimplantes.com.br/empresa/contato/,"R. Henri Dunant, 873 - Chácara Santo Antônio, São Paulo - SP, 04709-110, Brazil",,,+55 11 3046-2222,"point_of_interest, establishment",Google Places API,Fabricante de Implantes Dentários Brasil
Singular Implants,https://singularimplants.com.br/,"R. Eucaliptos, 36 - Parque das Nacoes, Parnamirim - RN, 59154-265, Brazil",4.3,32.0,,"point_of_interest, establishment",Google Places API,Fabricante de Implantes Dentários Brasil
Implantec Brasil | Equipamentos odontológicos,https://www.implantecbrasil.com.br/,"R. João Antônio Cardoso, 192 - Ouro Preto, Belo Horizonte - MG, 31310-390, Brazil",4.2,40.0,+55 31 3498-3326,"store, health, point_of_interest, establishment",Google Places API,Fabricante de Implantes Dentários Brasil
Bio Implante,http://www.bioimplante.com.br/,"R. Laureano García, 1275 - Distrito Industrial Marcus Vinícius Feliz Machado, Bauru - SP, 17039-760, Brazil",5.0,5.0,+55 14 4009-2400,"dentist, health, point_of_interest, establishment",Google Places API,Fabricante de Implantes Dentários Brasil
Brasil Implantes - Odontologia e estética facial,http://www.bimplantes.com.br/,"QS 01 Lote 19, Connect Towers Sala 1520 - Águas Claras, Brasília - DF, 70297-400, Brazil",5.0,186.0,+55 61 99128-6626,"dental_clinic, dentist, health, point_of_interest, establishment",Google Places API,Fabricante de Implantes Dentários Brasil
Osstem Implant Brasil,http://en.osstem.com/,"R. Dr. Rafael de Barros, 210 - sala 81 - Paraíso, São Paulo - SP, 04003-042, Brazil",5.0,5.0,+55 800 204 4046,"store, health, point_of_interest, establishment",Google Places API,Fabricante de Implantes Dentários Brasil
Implant Brazil,,"Alameda dos Aicás, 1078 - Moema, São Paulo - SP, 04086-002, Brazil",4.7,66.0,+55 11 5532-1013,"dental_clinic, health, point_of_interest, establishment",Google Places API,Fabricante de Implantes Dentários Brasil
Endotec Medical,http://endotecmed.com.br/,"R. Sampaio Viana, 202 - Paraíso, São Paulo - SP, 04004-000, Brazil",5.0,1.0,+55 11 3884-8102,"store, health, point_of_interest, establishment",Google Places API,Medical Device Manufacturer Sao Paulo
5S - Sistemas Médicos,http://5s.med.br/,"Av. Angélica, 927 - 11º andar - Santa Cecilia, São Paulo - SP, 01227-000, Brazil",4.9,34.0,+55 11 3826-8826,"point_of_interest, establishment",Google Places API,Medical Device Manufacturer Sao Paulo
Loh Medical,https://www.lohmedical.com/pt-br,"R. Dr. Alfredo de Castro, 200 - Conjunto 1706 - Barra Funda, São Paulo - SP, 01155-060, Brazil",5.0,26.0,+55 11 2308-3673,"health, point_of_interest, establishment",Google Places API,Medical Device Manufacturer Sao Paulo
GAMEZI Dispositivos Médicos,http://www.gamezi.com.br/,"R. Jaboatão, 620 - Casa Verde, São Paulo - SP, 02516-010, Brazil",4.8,11.0,+55 11 3855-4050,"point_of_interest, establishment",Google Places API,Medical Device Manufacturer Sao Paulo
SHR Indústria Comércio Equipamentos Médicos,,"R. Cipriano Barata, 784 - Ipiranga, São Paulo - SP, 04205-000, Brazil",4.4,8.0,+55 11 2068-9391,"point_of_interest, establishment",Google Places API,Medical Device Manufacturer Sao Paulo
SISPACK MEDICAL,http://www.sispack.com.br/,"R. Doze de Setembro, 1173 - Vila Guilherme, São Paulo - SP, 02052-001, Brazil",5.0,5.0,+55 11 2955-2222,"health, point_of_interest, establishment",Google Places API,Medical Device Manufacturer Sao Paulo
São Paulo Surgical,http://saopaulosurgical.com.br/contato/,"Ed. Thera Office - Av. Engenheiro Luís Carlos Berrini, 105 - sala 1201, 12º andar - Cidade Monções, São Paulo - SP, 04571-010, Brazil",4.0,4.0,+55 11 3504-1570,"point_of_interest, establishment",Google Places API,Medical Device Manufacturer Sao Paulo
Range Med,http://www.rangemed.com.br/,"R. Cel. Xavier de Toledo, 161 - CJ 803 - República, São Paulo - SP, 01048-100, Brazil",4.5,8.0,+55 11 96782-1301,"point_of_interest, establishment",Google Places API,Medical Device Manufacturer Sao Paulo
Zimmer Biomet Brasil (Ortopedia),http://www.zimmerbiomet.com.br/,"Rua Machado Bitencourt, 361 - Vila Clementino, São Paulo - SP, 04044-001, Brazil",2.3,7.0,+55 11 3568-1316,"point_of_interest, establishment",Google Places API,Medical Device Manufacturer Sao Paulo
KARL STORZ Endoscopia Brasil Ltda.,https://www.karlstorz.com/,"Av. Dr. Chucri Zaidan, 1240 - 12º andar - Vila Sao Francisco (Zona Sul), São Paulo - SP, 04711-130, Brazil",4.2,17.0,+55 11 3526-4600,"point_of_interest, establishment",Google Places API,Medical Device Manufacturer Sao Paulo
3Shape Brazil,https://www.3shape.com/,"Av. das Nações Unidas, 12.399 - cj.101B - Cidade Monções, São Paulo - SP, 04758-000, Brazil",4.6,11.0,+55 11 3596-3879,"health, point_of_interest, establishment",Google Places API,Medical Device Manufacturer Sao Paulo
Stryker Brasil,http://www.stryker.com.br/,"Rua Urussuí, 300 - 8º andar - Itaim Bibi, São Paulo - SP, 04542-050, Brazil",3.4,5.0,+55 11 5189-2500,"point_of_interest, establishment",Google Places API,Medical Device Manufacturer Sao Paulo
Allent Medical Supplies,http://allent.com.br/,"R. Augusta, 1939 - Conj 32, 72, 73, 81, 82 e 83 - Cerqueira César, São Paulo - SP, 01413-000, Brazil",5.0,2.0,+55 11 3062-2600,"health, point_of_interest, establishment",Google Places API,Medical Device Manufacturer Sao Paulo
Radiomed Comércio Importação EIRELI,http://www.radiomed.med.br/,"Alameda Lorena, 1304 - Jardim Paulista, São Paulo - SP, 01424-004, Brazil",5.0,6.0,+55 11 3885-2166,"health, point_of_interest, establishment",Google Places API,Medical Device Manufacturer Sao Paulo
Novatech Distribuidora Médica,,"R. Barata Ribeiro, 237 - Salas 52, 53 e 103 - Bela Vista, São Paulo - SP, 01313-001, Brazil",5.0,2.0,+55 11 3259-6508,"store, health, point_of_interest, establishment",Google Places API,Medical Device Manufacturer Sao Paulo
Balt Brasil,http://www.baltgroup.com/,"Av. Bem-te-vi, 77 - 8º andar - Moema, São Paulo - SP, 04524-030, Brazil",,,+55 11 3014-9797,"point_of_interest, establishment",Google Places API,Medical Device Manufacturer Sao Paulo
Terumo,http://www.terumo.com.br/,"Praça Gen. Gentil Falcão, 108 - 9º - Cidade Monções, São Paulo - SP, 04571-150, Brazil",4.4,8.0,+55 11 3594-3800,"health, point_of_interest, establishment",Google Places API,Medical Device Manufacturer Sao Paulo
Oxigen,http://www.oxigenind.com.br/,"R. Redenção, 44 - Chácara Tatuapé, São Paulo - SP, 03060-010, Brazil",4.8,6.0,+55 11 2696-0010,"point_of_interest, establishment",Google Places API,Medical Device Manufacturer Sao Paulo
Therapin,http://therapin.com.br/,"R. Capital Federal, 79 - Sumaré, São Paulo - SP, 01259-010, Brazil",4.9,106.0,+55 11 3136-0986,"health, point_of_interest, establishment",Google Places API,Medical Device Manufacturer Sao Paulo
JJ HEALTH,,"Av. Nove de Julho, 4939 - Jardim Paulista, São Paulo - SP, 01407-200, Brazil",5.0,9.0,+55 11 99488-3644,"wholesaler, store, health, point_of_interest, establishment",Google Places API,Medical Device Manufacturer Sao Paulo
Bioteck Orthopedic Implants,https://www.bioteckimplants.com/,"R. Dra. Maria Augusta Generoso Estrela, 1060 - Rubem Berta, Porto Alegre - RS, 91180-200, Brazil",5.0,10.0,+55 51 3272-2000,"point_of_interest, establishment",Google Places API,Orthopedic Implants Manufacturer Brazil
Bone Surgical Equipamentos Médicos Eireli,https://bonesurgical.com.br/,"Av. Angélica, 2346 - 9° Andar - Consolação, São Paulo - SP, 01228-200, Brazil",5.0,5.0,+55 11 5904-0215,"pharmacy, health, store, point_of_interest, establishment",Google Places API,Orthopedic Implants Manufacturer Brazil
Orthofix do Brasil ltda,http://www.orthofix.it/br/,"Alameda Santos, 1978 - 16 andar - Jardim Paulista, São Paulo - SP, 01418-102, Brazil",4.5,13.0,+55 11 3087-2266,"point_of_interest, establishment",Google Places API,Orthopedic Implants Manufacturer Brazil
Max Surgical Comércio de Implantes Ortopédicos,http://maxsurgical.com.br/,"Av. 4, 1317 - Jardim Claret, Rio Claro - SP, 13503-230, Brazil",5.0,1.0,+55 19 3522-2550,"doctor, health, point_of_interest, establishment",Google Places API,Orthopedic Implants Manufacturer Brazil
IMPOL Instrumental e Implantes Ltda,http://www.impol.com.br/,"Av. Dr. Ulysses Guimarães, 3533 - Vila Nogueira, Diadema - SP, 09990-080, Brazil",4.5,11.0,+55 11 4070-6464,"health, point_of_interest, establishment",Google Places API,Orthopedic Implants Manufacturer Brazil
"Lefix Implants Comércio, Importação e Exportação de Produtos Médicos Hospitalares Ltda.",http://www.lefiximplants.com.br/,"Alameda Terracota, 185 - Salas 308 e 309 - Cerâmica, São Caetano do Sul - SP, 09531-190, Brazil",4.5,2.0,+55 11 4224-1817,"point_of_interest, establishment",Google Places API,Orthopedic Implants Manufacturer Brazil
Ortosintese Industry and Trade,https://www.ortosintese.com.br/,"Rua Professor Affonso José Fioravanti, 63 - Lot. City Jaragua, São Paulo - SP, 02998-010, Brazil",4.3,13.0,+55 11 3948-4000,"point_of_interest, establishment",Google Places API,Orthopedic Implants Manufacturer Brazil
Arthrex Do Brasil,https://www.arthrex.com/pt,"Av. Paulista, 2064/2086 - 10º andar - Edifício Paulista, São Paulo - SP, 01310-928, Brazil",4.7,22.0,+55 11 4130-8950,"health, point_of_interest, establishment",Google Places API,Orthopedic Implants Manufacturer Brazil
Dental JS Brasil - Produtos Odontológicos,http://www.jsdental.com.br/,"R. Schiller, 1060 - Alto da XV, Curitiba - PR, 80040-160, Brazil",5.0,49.0,+55 41 3076-7679,"health, point_of_interest, store, establishment",Google Places API,Dental Equipment Supplier Curitiba
Qualidental,http://www.qualidental.com.br/,"R. Jacarezinho, 734 - Mercês, Curitiba - PR, 80710-150, Brazil",5.0,10.0,+55 41 3319-9381,"health, point_of_interest, store, establishment",Google Places API,Dental Equipment Supplier Curitiba
Dental Curitibana,http://www.dentalcuritibana.com.br/,"Ritz Gallery - R. XV de Novembro, 172 - Lojas f,i,j,k - Centro, Curitiba - PR, 80020-310, Brazil",4.9,1047.0,+55 41 3322-0449,"health, point_of_interest, store, establishment",Google Places API,Dental Equipment Supplier Curitiba
Dental Paulista,http://www.dentalpaulista.com.br/,"Rua Anne Frank, 2803 - Boqueirão, Curitiba - PR, 81650-020, Brazil",4.5,39.0,+55 41 3222-2426,"health, point_of_interest, store, establishment",Google Places API,Dental Equipment Supplier Curitiba
Probimed - Manutenção e Venda de Equipamentos Médicos e Odontológicos,https://www.probimed.com.br/,"Rua Luiza Lélia Gulin Geronasso, 385 - frente - Boa Vista, Curitiba - PR, 82650-260, Brazil",5.0,90.0,+55 41 99633-6871,"health, point_of_interest, store, establishment",Google Places API,Dental Equipment Supplier Curitiba
Dental Med Sul Produtos Odontológicos,http://www.dentalmedsul.com.br/,"Complexo Administrativo - Rua Anne Frank, 5241 - Hauer, Curitiba - PR, 81730-010, Brazil",4.5,277.0,+55 800 941 2490,"health, point_of_interest, store, establishment",Google Places API,Dental Equipment Supplier Curitiba
Dental Marechal,http://dentalmarechal.com.br/contato/,"R. Mal. Deodoro, 500 - sala 151 - Centro, Curitiba - PR, 80010-010, Brazil",4.3,13.0,+55 41 3324-3058,"health, point_of_interest, store, establishment",Google Places API,Dental Equipment Supplier Curitiba
A Dental Paraná Ltda,http://www.dentalparana.com.br/,"com estacionamento - Av. Pres. Getúlio Vargas, 2335 - Água Verde, Curitiba - PR, 80240-040, Brazil",5.0,7.0,+55 41 3408-3070,"health, point_of_interest, store, establishment",Google Places API,Dental Equipment Supplier Curitiba
Evident Dental - Produtos para Prótese Odontológica,http://www.evidentdental.com.br/,"R. Mal. Deodoro, 503 - Cj. 103 - 1º Andar - Centro, Curitiba - PR, 80020-320, Brazil",4.2,6.0,+55 41 3322-5069,"health, point_of_interest, store, establishment",Google Places API,Dental Equipment Supplier Curitiba
Odonto Personal - Revenda Olsen,http://www.odontopersonal.com.br/,"R. Dias da Rocha Filho, 620 - Alto da XV, Curitiba - PR, 80045-275, Brazil",5.0,22.0,+55 41 3019-9999,"health, point_of_interest, store, establishment",Google Places API,Dental Equipment Supplier Curitiba
SDENTAL - Materiais e Equipamentos Odontológicos,https://sdental.com.br/,"R. Rio Paraná, 246 - sala 06 - Weissópolis, Pinhais - PR, 83322-000, Brazil",4.9,34.0,+55 41 99686-7108,"health, point_of_interest, store, establishment",Google Places API,Dental Equipment Supplier Curitiba
Loja Dental Prime,http://www.lojadentalprime.com.br/,"R. Osório Duque Estrada, 763 - Vargem Grande, Pinhais - PR, 83321-060, Brazil",4.6,21.0,+55 41 3012-0304,"health, point_of_interest, store, establishment",Google Places API,Dental Equipment Supplier Curitiba
Odonto Store,https://www.odontostorebr.com.br/,"R. Castro, 294 - Água Verde, Curitiba - PR, 80620-300, Brazil",5.0,9.0,+55 41 3010-3181,"health, point_of_interest, store, establishment",Google Places API,Dental Equipment Supplier Curitiba
Dental Laser Soluções Inteligentes,http://www.dentallaser.com.br/,"R. Fernando Amaro, 1060 - Alto da XV, Curitiba - PR, 80045-230, Brazil",5.0,2.0,+55 41 3027-3985,"health, point_of_interest, store, establishment",Google Places API,Dental Equipment Supplier Curitiba
Dental Cremer Lab,https://www.dentalcremer.com.br/laboratorio,"Torre 1 - Av. Anita Garibaldi, 850 - Cjto. 704 - Cabral, Curitiba - PR, 80540-180, Brazil",3.2,13.0,+55 800 727 0568,"health, point_of_interest, store, establishment",Google Places API,Dental Equipment Supplier Curitiba
ODONTO LIMA ASSISTÊNCIA TÉCNICA,https://www.facebook.com/odontolimaat,"R. Conselheiro Dantas, 85 - Prado Velho, Curitiba - PR, 80220-190, Brazil",4.4,14.0,+55 41 3077-2537,"health, point_of_interest, store, establishment",Google Places API,Dental Equipment Supplier Curitiba
Odontomarcas Assistência Técnica Odontológica - Assistência de Equipamentos Odontológicos,,"R. Itupava, 559 - C1 - Alto da XV, Curitiba - PR, 80045-305, Brazil",3.1,8.0,+55 41 3264-9745,"health, point_of_interest, store, establishment",Google Places API,Dental Equipment Supplier Curitiba
BNP Health Market,http://www.lojabnp.com.br/,"R. Brig. Franco, 3598 - Loja 01 - Água Verde, Curitiba - PR, 80250-042, Brazil",5.0,12.0,+55 41 3011-2337,"wholesaler, health, point_of_interest, store, establishment",Google Places API,Dental Equipment Supplier Curitiba
Dabi Atlante Curitiba | VASPJ Equipamentos,http://www.vaspj.com.br/,"Rua Visconde de Nácar, 72 - Mercês, Curitiba - PR, 80410-200, Brazil",3.0,2.0,+55 41 3538-2344,"health, point_of_interest, store, establishment",Google Places API,Dental Equipment Supplier Curitiba
Mastertec Assistência Técnica odontológica autorizada Dabi Atlante/Saevo,http://www.odontomastertec.com.br/,"Rua Aviador Armim Buhrer - 332 - Uberaba, Curitiba - PR, 81560-540, Brazil",5.0,6.0,+55 41 3501-3516,"health, point_of_interest, store, establishment",Google Places API,Dental Equipment Supplier Curitiba
Unitec Hospitalar,http://www.unitec-hospitalar.com.br/,"Av. Eng. Armando de Arruda Pereira, 1293 - Jabaquara, São Paulo - SP, 04309-010, Brazil",4.7,15.0,+55 11 5011-9291,"point_of_interest, establishment",Google Places API,Indústria de Materiais Médicos
ForteCare Indústria de Produtos Médicos LTDA,http://www.fortecare.com.br/,"Tv. Pedro Pok, 570 - Guaraituba, Colombo - PR, 83411-000, Brazil",4.4,15.0,+55 41 3888-4466,"health, point_of_interest, establishment",Google Places API,Indústria de Materiais Médicos
Hartmann Indústria e Comércio de Produtos Médico-Hospitalares Ltda.,http://www.hartmann.com.br/,"Av. Dr. Eugênio Borges, 1410 - Arsenal, São Gonçalo - RJ, 24751-000, Brazil",5.0,11.0,+55 21 2199-7555,"store, health, point_of_interest, establishment",Google Places API,Indústria de Materiais Médicos
Ingámed Produtos Médico Hospitalares Ltda,http://www.ingamed.com.br/,"Rod Eng. Osvaldo Pachêco de Lacerda, 720 - Parque Industrial, Maringá - PR, 87065-160, Brazil",5.0,8.0,+55 800 702 4650,"health, point_of_interest, establishment",Google Places API,Indústria de Materiais Médicos
Biomedical Equipamentos e Produtos Médico-Cirúrgicos,http://www.bio.com.br/,"Av. Amador Aguiar, 1500 - Conj. City Jaragua, São Paulo - SP, 02998-020, Brazil",4.3,11.0,+55 11 3944-5555,"health, point_of_interest, establishment",Google Places API,Indústria de Materiais Médicos
JNS Produtos Médicos,https://jnsbrasil.com.br/?utm_source=google&utm_medium=organic&utm_campaign=gmb-info,"R. Pedro Alves, 158 - Santo Cristo, Rio de Janeiro - RJ, 20220-281, Brazil",5.0,250.0,+55 21 2233-6996,"store, health, point_of_interest, establishment",Google Places API,Indústria de Materiais Médicos
Pratik Medical Comercio e Representação LTDA,http://www.pratikmedical.com.br/,"R. Campos Salles, 270 - Boa Vista, São José do Rio Preto - SP, 15025-600, Brazil",5.0,5.0,+55 17 3301-2001,"wholesaler, health, point_of_interest, establishment",Google Places API,Indústria de Materiais Médicos
Seguard - Fabricação de Materiais Odonto Médico-Hospitalares Descartáveis,https://seguard.com.br/,"Rua 21 Qd 21 Lt23 - St. Mal. Rondon, Goiânia - GO, 74560-210, Brazil",,,+55 62 3251-0100,"store, health, point_of_interest, establishment",Google Places API,Indústria de Materiais Médicos
Medika,https://www.medika.com.br/,"R. Aleomar Baleeiro, 15 - Centro, Lagoa Santa - MG, 33230-124, Brazil",4.8,22.0,+55 31 3688-1901,"health, point_of_interest, establishment",Google Places API,Indústria de Materiais Médicos
Sterilex Científica,http://www.sterilex.com.br/,"R. Dr. João Batista de Lacerda, 168 - Quarta Parada, São Paulo - SP, 03177-010, Brazil",4.4,13.0,+55 11 2606-5349,"store, health, point_of_interest, establishment",Google Places API,Indústria de Materiais Médicos
BMR Medical Ltda,http://www.bmrmedical.com.br/,"Rod. BR 116, 1440 - Campo Fundo, Campina Grande do Sul - PR, 83430-000, Brazil",4.8,9.0,+55 41 3093-3900,"point_of_interest, establishment",Google Places API,Indústria de Materiais Médicos
Promedix Produtos Medicos Hospitalares Ltda,http://medix.ind.br/,"R. Ana Maria, 39 - Serraria, Diadema - SP, 09981-470, Brazil",2.6,12.0,+55 11 2375-0331,"corporate_office, point_of_interest, establishment",Google Places API,Indústria de Materiais Médicos
Casa Médica,http://www.casamedica.com.br/,"R. Sen. Souza Naves, 1550 - Centro, Londrina - PR, 86010-160, Brazil",4.7,835.0,+55 43 3378-8888,"store, health, point_of_interest, establishment",Google Places API,Indústria de Materiais Médicos
Cevi Med,http://www.cevimed.com/,"1351 Leavitt Ave S STE 102, Orange City, FL 32763, USA",4.5,428.0,+1 833-238-4633,"health, point_of_interest, establishment",Google Places API,Indústria de Materiais Médicos
Engemed Equipamentos Médico Hospitalares,http://www.engemed.com/,"R. Jardelina de Almeida Lopes, 85 - Parque Santana, Mogi das Cruzes - SP, 08730-660, Brazil",,,+55 11 4722-4866,"health, point_of_interest, establishment",Google Places API,Indústria de Materiais Médicos
Hospitalar Distribuidora,http://www.hospitalardistribuidora.com.br/,"R. Adílio Artoni, 46 - Jardim Petropolis, Pres. Prudente - SP, 19060-340, Brazil",4.1,19.0,+55 18 3221-2232,"store, health, point_of_interest, establishment",Google Places API,Indústria de Materiais Médicos
Medix Produtos Hospitalares,http://medix.ind.br/index.html,"R. Orense, 41 - conjunto 1620 - Centro, Diadema - SP, 09920-650, Brazil",3.0,2.0,+55 11 2375-0331,"health, point_of_interest, establishment",Google Places API,Indústria de Materiais Médicos
Efetive Produtos Medico Hospitalare,https://medicalprodutos.com.br/fale-conosco/,"R. das Carmelitas, 634 - Hauer, Curitiba - PR, 81610-070, Brazil",,,+55 41 3042-0997,"health, point_of_interest, establishment",Google Places API,Indústria de Materiais Médicos
Factory Instrumental Cirúrgico,http://www.factorycirurgico.com.br/,"R. Ambrosia do México, 392 - Jardim Cidade Pirituba, São Paulo - SP, 02945-040, Brazil",4.2,5.0,+55 11 3972-4847,"point_of_interest, establishment",Google Places API,Fabricante de instrumentos cirurgicos
Instrumed Instrumentos Cirúrgicos,,"R. Dos Lírios, 08 - Jd. Bela Vista, Mairiporã - SP, 07662-055, Brazil",5.0,1.0,+55 11 4280-6749,"point_of_interest, establishment",Google Places API,Fabricante de instrumentos cirurgicos
MEDNOX INSTRUMENTOS CIRÚRGICOS,,"R. Rio Madeira, 231 - Weissópolis, Pinhais - PR, 83322-340, Brazil",5.0,7.0,+55 41 3732-3527,"point_of_interest, establishment",Google Places API,Fabricante de instrumentos cirurgicos
Tab Instrumentos Cirúrgicos,http://www.tab-instrumentoscirurgicos.com.br/,"R. Conselheiro João Alfredo, 323 - Mooca, São Paulo - SP, 03106-060, Brazil",4.3,6.0,+55 11 2476-4147,"point_of_interest, establishment",Google Places API,Fabricante de instrumentos cirurgicos
Real Médica RJ,http://www.realmedica.com.br/,"Av. das Américas, 500 - Bloco 11 / 101 - Barra da Tijuca, Rio de Janeiro - RJ, 22640-904, Brazil",5.0,83.0,+55 21 3329-3131,"health, point_of_interest, establishment",Google Places API,Fabricante equipamentos médicos Rio de Janeiro
Leblon Med Produtos Médicos e Hospitalares. Sigvaris Salvape Mercur Omron,http://www.leblonmed.com.br/,"Edifício Cidade do Leblon - Av. Ataulfo de Paiva, 135 - Sala 903 - Leblon, Rio de Janeiro - RJ, 22440-032, Brazil",4.9,90.0,+55 21 98574-8277,"health, store, point_of_interest, establishment",Google Places API,Fabricante equipamentos médicos Rio de Janeiro
Clinrio Produtos Médico - Hospitalares.,http://www.clinrio.com.br/,"Av: Presidente Vargas, 590 - Sala: 510 - Centro, Rio de Janeiro - RJ, 20071-000, Brazil",4.1,30.0,+55 21 3983-3300,"health, point_of_interest, establishment",Google Places API,Fabricante equipamentos médicos Rio de Janeiro
Casa do Médico - Produtos Hospitalares,https://www.casadomedico.com.br/?utm_source=Google&utm_medium=GMN&utm_campaign=GMN,"Av. Ayrton Senna, 1850 - Barra da Tijuca, Rio de Janeiro - RJ, 22775-003, Brazil",4.7,685.0,+55 21 2430-3133,"shoe_store, health, store, point_of_interest, establishment",Google Places API,Fabricante equipamentos médicos Rio de Janeiro
Kmed a Serviço da Saude,,"R. Ubaldino do Amaral, 14 - Lapa, Rio de Janeiro - RJ, 20231-016, Brazil",4.5,14.0,+55 21 2507-1854,"health, store, point_of_interest, establishment",Google Places API,Fabricante equipamentos médicos Rio de Janeiro
CA MEDICAL,http://www.camedical.com.br/,"R. Xavier da Silveira, 40 - loja D - Copacabana, Rio de Janeiro - RJ, 22061-010, Brazil",4.8,33.0,+55 21 98454-9740,"health, store, point_of_interest, establishment",Google Places API,Fabricante equipamentos médicos Rio de Janeiro
PRODUTOS HOSPITALARES E ORTOPÉDICOS - ORTOFAWLER RIO DE JANEIRO,http://ortofawler.com.br/,"Av. Oliveira Belo, 683 - Loja B - Vila da Penha, Rio de Janeiro - RJ, 21221-300, Brazil",4.6,28.0,+55 21 97888-1596,"shoe_store, health, store, point_of_interest, establishment",Google Places API,Fabricante equipamentos médicos Rio de Janeiro
Medical Health Rio,http://www.medicalhealthrio.com.br/,"Av. José Silva de Azevedo Neto, 200 - Bloco 01/ Salas 401 e 402 - Escritório - Barra da Tijuca, Rio de Janeiro - RJ, 22775-056, Brazil",5.0,1.0,+55 21 2516-1177,"health, point_of_interest, establishment",Google Places API,Fabricante equipamentos médicos Rio de Janeiro
Casa do Médico - Loja Oficial,https://www.casadomedicoipanema.com.br/,"R. Prudente de Morais, 167 - Ipanema, Rio de Janeiro - RJ, 22420-041, Brazil",4.8,472.0,+55 21 2522-0079,"wholesaler, health, store, point_of_interest, establishment",Google Places API,Fabricante equipamentos médicos Rio de Janeiro
"AME Home Care | Barra da Tijuca. Aluguel e venda de material médico hospitalar. Cadeira de Rodas, Cama hospitalar, Andadores.",http://www.amerj.com.br/,"Av. Min. Ivan Lins, 480 - 101 - Barra da Tijuca, Rio de Janeiro - RJ, 22620-110, Brazil",4.8,72.0,+55 21 98059-0397,"health, store, point_of_interest, establishment",Google Places API,Fabricante equipamentos médicos Rio de Janeiro
Material Hospitalar,http://www.pracadomedico.com.br/,"Estr. dos Bandeirantes, 7879 - Jacarepaguá, Rio de Janeiro - RJ, 22780-085, Brazil",2.8,17.0,+55 21 99685-4767,"health, store, point_of_interest, establishment",Google Places API,Fabricante equipamentos médicos Rio de Janeiro
Medical Mettler Material Médico,https://medicalmettler.orcamentoimediato.com.br/barra/,"Av. Ayrton Senna, 1850 - Loja T - Barra da Tijuca, Rio de Janeiro - RJ, 22775-003, Brazil",4.0,7.0,+55 21 97080-5965,"health, store, point_of_interest, establishment",Google Places API,Fabricante equipamentos médicos Rio de Janeiro
Dental Speed ​​Graph,https://www.dentalspeed.com/,"R. Sen. Carlos Gomes de Oliveira, 800 - Galpão 04 - Distrito Industrial, São José - SC, 88104-785, Brazil",4.2,207.0,+55 800 701 6870,"health, store, point_of_interest, establishment",Google Places API,Indústria produtos odontológicos Santa Catarina
Santa Clara - Comércio de Produtos Odontológicos LTDA,http://www.dentalsantaclara.com.br/,"Ed Santa Clara - R. Augusto dos Anjos, 233 - Pio Corrêa, Criciúma - SC, 88811-560, Brazil",4.9,17.0,+55 48 3447-0300,"health, store, point_of_interest, establishment",Google Places API,Indústria produtos odontológicos Santa Catarina
Dental Prótese Comércio de Materiais Odontológicos,https://www.dentalprotese.com.br/,"R. José Jaques, 96 - Centro, Florianópolis - SC, 88020-080, Brazil",5.0,12.0,+55 800 223 0400,"health, store, point_of_interest, establishment",Google Places API,Indústria produtos odontológicos Santa Catarina
Dental Brod - Loja de Produtos Odontológicos,https://dentalbrod.com.br/,"R. Alfredo Marquardt, 107 - Saguaçu, Joinville - SC, 89221-290, Brazil",4.8,79.0,+55 47 3026-5547,"health, store, point_of_interest, establishment",Google Places API,Indústria produtos odontológicos Santa Catarina
Olsen Indústria e Comércio,http://www.olsen.odo.br/,"CEIP | Centro Empresarial e Industrial - Rua Romalino João da Rosa - Jardim Eldorado, Palhoça - SC, 88133-516, Brazil",4.4,106.0,+55 48 2106-6000,"health, point_of_interest, establishment",Google Places API,Indústria produtos odontológicos Santa Catarina
Nova Dental Center Comércio de Materiais Odontológicos,https://www.novadentalcenter.com.br/,"Av. Mauro Ramos, 1533 - sl. 02 - Centro, Florianópolis - SC, 88020-302, Brazil",4.4,20.0,+55 48 3224-0579,"health, store, point_of_interest, establishment",Google Places API,Indústria produtos odontológicos Santa Catarina
Odonto Dental - Produtos Odontológicos,http://www.odontodental.com.br/,"R. Humberto de Campos, 140 - Sala 2 - América, Joinville - SC, 89204-220, Brazil",5.0,5.0,+55 47 3013-1111,"health, store, point_of_interest, establishment",Google Places API,Indústria produtos odontológicos Santa Catarina
Dental Fenix - Comércio de Material Odontológico,http://dentalfenix.com.br/,"R. São Paulo, 1698 - Itoupava Seca, Blumenau - SC, 89012-001, Brazil",4.3,33.0,+55 47 3326-2919,"health, store, point_of_interest, establishment",Google Places API,Indústria produtos odontológicos Santa Catarina
Dental LL Materiais Odontológicos,,"Av. Cel. Procópio Gomes, 548 - Bucarein, Joinville - SC, 89202-300, Brazil",4.4,49.0,+55 47 3028-9066,"health, store, point_of_interest, establishment",Google Places API,Indústria produtos odontológicos Santa Catarina
Ilha Dental,http://www.ilhadental.com.br/,"R. Duarte Schutel, 89 - Centro, Florianópolis - SC, 88015-640, Brazil",4.3,9.0,+55 48 3225-2359,"health, store, point_of_interest, establishment",Google Places API,Indústria produtos odontológicos Santa Catarina
Dental Brasil,,"Av. Marcolino Martins Cabral, 600 - Centro, Tubarão - SC, 88701-001, Brazil",4.2,5.0,+55 48 98436-5680,"health, store, point_of_interest, establishment",Google Places API,Indústria produtos odontológicos Santa Catarina
Indústria e Comércio de Materiais Dentários Corrêa,,"Servidão Morfim, 202 - Estreito, Florianópolis - SC, 88075-040, Brazil",,,+55 48 3240-7548,"health, store, point_of_interest, establishment",Google Places API,Indústria produtos odontológicos Santa Catarina
Biodental Produtos,http://www.biodentalprodutos.com.br/,"Rua Antônio de Lucca, 20 - Sala 101 - Pio Corrêa, Criciúma - SC, 88801-240, Brazil",5.0,7.0,+55 48 3433-5881,"health, store, point_of_interest, establishment",Google Places API,Indústria produtos odontológicos Santa Catarina
Dental Kobrasol,http://www.dentalkobrasol.com.br/,"R. Brasilpinho, 74 - Kobrasol, São José - SC, 88102-300, Brazil",3.9,15.0,+55 48 3259-1500,"health, store, point_of_interest, establishment",Google Places API,Indústria produtos odontológicos Santa Catarina
"SD Saúde e Beleza - Sul Dental - Venda, no atacado e varejo, de materiais para uso em clínicas e consultórios.",https://bio.site/sdsaudebeleza,"Av. Pref. Osmar Cunha, 183 - Bloco B - Sala 508 - Centro, Florianópolis - SC, 88015-100, Brazil",5.0,25.0,+55 48 99925-1169,"health, store, point_of_interest, establishment",Google Places API,Indústria produtos odontológicos Santa Catarina
Dental Business | Produtos para Harmonização Facial e Corporal,http://www.dentalbusiness.com.br/,"Av. do Estado Dalmo Vieira, 1555 - 2º Andar - Pioneiros, Balneário Camboriú - SC, 88331-150, Brazil",4.3,6.0,+55 47 99925-1113,"health, store, point_of_interest, establishment",Google Places API,Indústria produtos odontológicos Santa Catarina
DZ Equipamentos Odontológicos - Consultórios - Periféricos - SAEVO - NSK,,"R. Felipe Schmidt, 649 - sala 907 - Centro, Florianópolis - SC, 88010-001, Brazil",5.0,2.0,+55 48 3039-8215,"health, store, point_of_interest, establishment",Google Places API,Indústria produtos odontológicos Santa Catarina
FGM Products Odontologicos Ltda,https://fgmdentalgroup.com/,"Av. Edgar Nelson Meister, 474 - Zona Industrial Norte, Joinville - SC, 89219-501, Brazil",4.2,42.0,+55 800 644 6100,"health, store, point_of_interest, establishment",Google Places API,Indústria produtos odontológicos Santa Catarina
Praiana Ind e Com de Produtos Odontológicos,,"Av. Lédio João Martins, 201 - Kobrasol, São José - SC, 88102-000, Brazil",,,+55 48 3034-7890,"health, store, point_of_interest, establishment",Google Places API,Indústria produtos odontológicos Santa Catarina
DENTALTECH Assistência técnica equipamentos odontologica,,"R. 1101, 431 - Centro, Balneário Camboriú - SC, 88330-780, Brazil",5.0,1.0,+55 47 99635-3842,"health, store, point_of_interest, establishment",Google Places API,Indústria produtos odontológicos Santa Catarina
Minas Medical,http://www.minasmedical.com.br/,"R. Santa Quitéria, 432 - Carlos Prates, Belo Horizonte - MG, 30710-460, Brazil",4.9,9.0,+55 31 2112-5151,"health, point_of_interest, store, establishment",Google Places API,Medical Manufacturer Minas Gerais
Abbott,,"Rua Professor José Vieira de Mendonça, 1301 - Engenho Nogueira, Belo Horizonte - MG, 34000-000, Brazil",4.7,29.0,+55 31 3888-5217,"point_of_interest, establishment",Google Places API,Medical Manufacturer Minas Gerais
MG MEDICAL MATERIAIS MÉDICOS HOSPITALARES,,"Alameda das Patativas, 246 - Sala 102 - Cabral, Contagem - MG, 32146-039, Brazil",5.0,3.0,+55 31 3355-8071,"point_of_interest, establishment",Google Places API,Medical Manufacturer Minas Gerais
GE Healthcare,http://www3.gehealthcare.com.br/,"Via Ver. Joaquim Costa, 1405 - Campina Verde, Contagem - MG, 32150-240, Brazil",4.5,13.0,+55 3004-2525,"point_of_interest, establishment",Google Places API,Medical Manufacturer Minas Gerais
MG Medical - Soluções Hospitalares,http://www.mgmedical.med.br/,"Av. Luís Antônio Carvalho, 179 - Vila Mariana, Cambuí - MG, 37600-000, Brazil",,,+55 35 3431-4443,"health, point_of_interest, establishment",Google Places API,Medical Manufacturer Minas Gerais
Easelabs Indústria Farmacêutica,https://easelabspharma.com.br/,"Av. Waldomiro Lobo, 641 - São Bernardo, Belo Horizonte - MG, 31814-620, Brazil",5.0,63.0,+55 800 301 5489,"point_of_interest, establishment",Google Places API,Medical Manufacturer Minas Gerais
Contourline Equipamentos Médicos e Diagnósticos,https://contourline.com.br/,"R. Joaquim Dias Drumond, 100 - Henrique Nery, Sete Lagoas - MG, 35700-333, Brazil",5.0,57.0,+55 31 3775-0709,"point_of_interest, establishment",Google Places API,Medical Manufacturer Minas Gerais
MedBras Industria e Comercio Ltda,,"Av. Norte-Sul, 1315 - Distrito Industrial, Pirapora - MG, 39270-000, Brazil",3.6,33.0,+55 38 3741-3059,"point_of_interest, establishment",Google Places API,Medical Manufacturer Minas Gerais
Bio Hospitalar Loja e Distribuidora de produto Médicos hospitalares,https://www.biohospitalar.com.br/,"R. Minas Gerais, 1366 - Centro, Divinópolis - MG, 35500-007, Brazil",4.7,52.0,+55 37 3214-3636,"health, wholesaler, point_of_interest, store, establishment",Google Places API,Medical Manufacturer Minas Gerais
Manancial Medical,https://www.manancialmedical.com.br/,"R. Sr. do Bonfim, 929 - Santa Maria, Vespasiano - MG, 33205-230, Brazil",5.0,68.0,+55 31 3991-0184,"health, wholesaler, point_of_interest, establishment",Google Places API,Medical Manufacturer Minas Gerais
Advanced – Indústria Médica,https://advancedmedical.com.br/contato/,"R. Gracyra Resse de Gouvêia, 1525 - Dom I. Jardim Piemonte / Norte, Betim - MG, 32689-372, Brazil",5.0,1.0,+55 31 3146-5811,"point_of_interest, establishment",Google Places API,Medical Manufacturer Minas Gerais
VMG Farmacêutica,https://vmgfarmaceutica.com.br/,"R. Caetano Pirri, 520 - Milionários, Belo Horizonte - MG, 30620-070, Brazil",4.8,6.0,+55 31 3115-6120,"health, point_of_interest, establishment",Google Places API,Medical Manufacturer Minas Gerais
TECH MINAS,https://www.techminas.com/,"R. Barão de Leopoldina, 351 - Alto dos Pinheiros, Belo Horizonte - MG, 30530-080, Brazil",4.1,9.0,+55 31 3376-2638,"health, point_of_interest, store, establishment",Google Places API,Medical Manufacturer Minas Gerais
Oximil Oxigênio Minas Gerais,http://www.oximil.com.br/,"Avenida das industrias, 1000 - Distrito Industrial de Ibirite, Ibirité - MG, 32400-000, Brazil",4.5,80.0,+55 31 3385-6268,"health, point_of_interest, establishment",Google Places API,Medical Manufacturer Minas Gerais
Saga Medição,http://sagamedicao.com.br/,"Rodovia BR 135 Nº 1456 - Quadra 02 - Bocaiúva, MG, 39390-000, Brazil",4.7,155.0,+55 38 3251-1666,"point_of_interest, establishment",Google Places API,Medical Manufacturer Minas Gerais
Medictech Ind.e Comércio,http://www.medictech.com.br/,"Rua Maria Gomes de Almeida, 112 - Planalto, Belo Horizonte - MG, 31730-685, Brazil",,,+55 31 99628-9958,"point_of_interest, establishment",Google Places API,Medical Manufacturer Minas Gerais
Libertae Medical Tech Ltda,https://libertaemedicaltech.kicatalogo.com/?fbclid=PAb21jcANPrI9leHRuA2FlbQIxMQABp6PC-f1qRRzm8rn1vrIxlY3xDlPxJPX-pHOnUJ7ydku9xaQKrwlVVo1enm-8_aem_Eg7CJnl0WBVCfPFrZ-w9fw,"R. José Dale, 116 - Centro, Paraopeba - MG, 35774-000, Brazil",5.0,15.0,+55 31 99710-5254,"health, point_of_interest, store, establishment",Google Places API,Medical Manufacturer Minas Gerais
VMI Médica - Fábrica de equipamentos de Raios X em Minas Gerais,http://www.vmimedica.com/,"Alves da Silva - R. Pref. Eliseu Alves da Silva, 4000 - Distrito Industrial Genesco Aparecido De Oliveira, Lagoa Santa - MG, 33240-097, Brazil",5.0,20.0,+55 31 3370-3750,"doctor, health, point_of_interest, establishment",Google Places API,Medical Manufacturer Minas Gerais
Agitec Hospitalar (Autorizada ORTOSINTESE em MG) Vendas de Peças e Equipamentos & Assist. Técnica,https://agitechospitalar.com.br/,"R. Cantagalo, 139 - Aparecida, Belo Horizonte - MG, 31230-770, Brazil",4.4,12.0,+55 31 3201-7704,"health, point_of_interest, store, establishment",Google Places API,Medical Manufacturer Minas Gerais
OrthoDynamic,http://orthodynamic.com.br/,"R. Jacarandás, 56 - Eldorado, Contagem - MG, 32310-340, Brazil",4.3,6.0,+55 31 3395-7120,"point_of_interest, establishment",Google Places API,Medical Manufacturer Minas Gerais
Ortosintese | Divisão Ortopedia,http://www.ortosintese.com.br/,"Av. Nelson Palma Travassos, 651 - Lot. City Jaragua, São Paulo - SP, 02998-000, Brazil",5.0,3.0,+55 11 3948-4000,"point_of_interest, establishment",Google Places API,Fabricante implantes ortopédicos SP
IOL - Implantes Ortopédicos,https://iolimplantes.com.br/,"R. Doná Maria Fidélis, 226 - Piraporinha, Diadema - SP, 09950-350, Brazil",4.6,54.0,+55 11 4070-5700,"store, point_of_interest, establishment",Google Places API,Fabricante implantes ortopédicos SP
Ocx Implantes,http://ocximplantes.com.br/,"R. João Pacheco, 89 - Luz, São Paulo - SP, 01107-030, Brazil",4.0,1.0,+55 11 4306-4274,"point_of_interest, establishment",Google Places API,Fabricante implantes ortopédicos SP
LINK DISTRIBUICAO DE PRODUTOS ORTOPEDICOS DO BRASIL LTDA,https://www.linkorthopaedics.com/pt,"R. Inácio Luís da Costa, 1632 - Salas 5 e 6 - Parque Sao Domingos, São Paulo - SP, 05112-010, Brazil",,,+55 11 3835-9513,"health, point_of_interest, establishment",Google Places API,Fabricante implantes ortopédicos SP
Abimade Produtos Médicos para Ortopedia (tratamento da dor),http://abimade.com.br/,"R. Avencas, 74 - Recanto Sombra do Ipê, Santana de Parnaíba - SP, 06513-212, Brazil",5.0,3.0,+55 11 4622-7555,"point_of_interest, establishment",Google Places API,Fabricante implantes ortopédicos SP
Spine Implantes Importação e Exportação,http://www.spineimplantes.com.br/,"R. 27, 1886 - Jardim Mirassol, Rio Claro - SP, 13503-140, Brazil",5.0,3.0,+55 19 3522-2260,"health, point_of_interest, establishment",Google Places API,Fabricante implantes ortopédicos SP
Spine Sys - Implantes Ortopédicos,http://www.spinesys.com.br/,"R. Um, 2209 - Centro, Rio Claro - SP, 13500-142, Brazil",4.9,15.0,+55 19 3532-1021,"point_of_interest, establishment",Google Places API,Fabricante implantes ortopédicos SP
Ortho System Comércio de Implantes Ortopédicos,http://osimplantes.com.br/,"R. Quatorze, 1281 - Vila do Radio, Rio Claro - SP, 13500-270, Brazil",4.0,4.0,+55 19 3522-4419,"health, store, point_of_interest, establishment",Google Places API,Fabricante implantes ortopédicos SP
Premium Medical Soluções em Imagem,http://www.premiumortopedia.com.br/,"R. Dr. Abelardo Vergueiro César, 526 - Vila Alexandria, São Paulo - SP, 04635-080, Brazil",5.0,1.0,+55 11 94143-8840,"health, point_of_interest, establishment",Google Places API,Fabricante implantes ortopédicos SP
Ortocir Ortopedia Cirurgia,http://www.ortocir.com.br/,"R. Itapicuru, 937 - Perdizes, São Paulo - SP, 05006-000, Brazil",4.3,3.0,+55 11 3674-6786,"health, point_of_interest, establishment",Google Places API,Fabricante implantes ortopédicos SP
Ótima,http://otimaindustria.com.br/,"Av. Maria Servidei Demarchi, 2405 – São Bernardo do Campo / SP – CEP: - Demarchi, São Bernardo do Campo - SP, 09820-000, Brazil",5.0,1.0,+55 11 2897-5200,"point_of_interest, establishment",Google Places API,Fabricante implantes ortopédicos SP
Globomedical Implantes Médicos Importados,https://www.globomedical.com.br/,"Rua Lincoln Albuquerque, 259 - Perdizes, São Paulo - SP, 05004-010, Brazil",4.0,12.0,+55 11 3862-4427,"health, point_of_interest, establishment",Google Places API,Fabricante implantes ortopédicos SP
Biomecanica,http://www.biomecanica.com.br/,"R. Luiz Pengo, 145 - Jardim Orlando Chesini Ometto, Jaú - SP, 17212-811, Brazil",4.3,15.0,+55 14 2104-7900,"corporate_office, point_of_interest, establishment",Google Places API,Fabricante implantes ortopédicos SP
Mag SD Implantes,http://www.magimplantes.com.br/,"Av. Expedito Quartieri, 1440 - Jardim Sbeghen, Mogi Mirim - SP, 13802-100, Brazil",5.0,2.0,+55 19 3805-9292,"health, point_of_interest, establishment",Google Places API,Fabricante implantes ortopédicos SP
HelpMed Implantes,https://www.helpmedimplantes.com.br/,"R. Antônio Guedes da Silva, 53 - Sala 3 - Gopouva, Guarulhos - SP, 07093-150, Brazil",,,+55 11 2376-5818,"doctor, health, point_of_interest, establishment",Google Places API,Fabricante implantes ortopédicos SP
Medihosp - Distribuidora de materiais Médico- Hospitalares Ltda.,http://medihosp.com.br/,"Rua Robert Bosch, 315 - Parque Industrial Tomas Edson, São Paulo - SP, 01141-010, Brazil",3.1,16.0,+55 11 2501-6272,"wholesaler, health, point_of_interest, establishment",Google Places API,Distribuidora materiais medico hospitalares Brasil
Luimed Distribuidora,http://luimed.com.br/,"Rua Willis Roberto Banks, 487 - Parque Maria Domitila, São Paulo - SP, 05128-000, Brazil",4.6,38.0,+55 11 3977-1777,"wholesaler, health, point_of_interest, establishment",Google Places API,Distribuidora materiais medico hospitalares Brasil
Mirassol Hospitalar – Distribuidora de Produtos Médicos e Farmacêuticos,https://mirassolhospitalar.odoo.com/,"Av. Amélia Scarpelli Colombo, 951 - Jardim Tarraf II, São José do Rio Preto - SP, 15057-605, Brazil",4.9,70.0,+55 17 2122-2826,"wholesaler, health, point_of_interest, store, establishment",Google Places API,Distribuidora materiais medico hospitalares Brasil
"RS Distribuidora de Produtos Hospitalar, Médico, Limpeza, Descartável e Medicamentos",https://rsmedi.com.br/,"R. Princesa Maria Amélia, 570 - Nova Petrópolis, São Bernardo do Campo - SP, 09771-120, Brazil",5.0,1.0,+55 11 98363-3064,"health, point_of_interest, store, establishment",Google Places API,Distribuidora materiais medico hospitalares Brasil
MAIS MEDICAL DISTRIBUIDORA HOSPITALAR,,"Av. T-9, 1979 - QD-552 LT-18 - Jardim América, Goiânia - GO, 74255-220, Brazil",5.0,1.0,+55 62 3015-8441,"wholesaler, health, point_of_interest, establishment",Google Places API,Distribuidora materiais medico hospitalares Brasil
FM Hospitalar Distribuidora,https://www.fmhospitalar.com.br/,"R. Pedro José Lorenzini, 207 - Centro, São Caetano do Sul - SP, 09521-070, Brazil",5.0,39.0,+55 11 2897-8023,"health, point_of_interest, establishment",Google Places API,Distribuidora materiais medico hospitalares Brasil
"MedicalSP Distribuidora de Medicamentos, Materiais Hospitalares e Soro Fisiológico",,"Rua Serra da Mantiqueira Jardim Helena Maria 73 - Lote 15/16 - QuadraE, Vargem Grande Paulista - SP, 06730-000, Brazil",5.0,8.0,+55 11 4210-3203,"wholesaler, health, point_of_interest, establishment",Google Places API,Distribuidora materiais medico hospitalares Brasil
Brasilhosp-Brasil Produtos Médicos e Hospitalares,,"Av. Ana Jansen, 1040 - São Francisco, São Luís - MA, 65076-730, Brazil",4.4,14.0,+55 98 3227-1116,"health, point_of_interest, store, establishment",Google Places API,Distribuidora materiais medico hospitalares Brasil
Farmatex do Brasil | Importação e Distribuição de Produtos Hospitalares,http://www.farmatex.com.br/,"Rua Roberto Ozório de Almeida, 1010 - Cidade Industrial de Curitiba, Curitiba - PR, 81460-110, Brazil",5.0,9.0,+55 41 3078-7760,"health, point_of_interest, establishment",Google Places API,Distribuidora materiais medico hospitalares Brasil
Medic Distribuidora de Equipamentos Médicos Ltda.,http://www.medic.com.br/,"Av. Cel. Fernando Ferreira Leite, 1.520 - Sala 1212 - Jardim Nova Alianca, Ribeirão Preto - SP, 14026-020, Brazil",5.0,7.0,+55 16 3289-8272,"wholesaler, health, point_of_interest, establishment",Google Places API,Distribuidora materiais medico hospitalares Brasil
Brasil Med Material Médico Hospitalar,,"Estr. de Itapecerica, 7201 - 2 - Conj. Hab. Jardim Sao Bento, São Paulo - SP, 05858-002, Brazil",4.7,20.0,+55 11 5821-0254,"health, point_of_interest, store, establishment",Google Places API,Distribuidora materiais medico hospitalares Brasil
Vital Hospital Comercial Ltda,http://www.vitalhospitalar.com.br/,"R. Victorino, 207 - Galpão 06 - Jardim Mutinga, Barueri - SP, 06463-290, Brazil",5.0,3.0,+55 11 94778-2850,"health, point_of_interest, establishment",Google Places API,Distribuidora materiais medico hospitalares Brasil
MEDCOM - Distribuidora de Medicamentos e Materiais Hospitalares,http://www.medcom.net.br/,"R. da Gávea, 547 - Vila Maria, São Paulo - SP, 02121-020, Brazil",4.7,13.0,+55 11 2628-7867,"wholesaler, health, point_of_interest, establishment",Google Places API,Distribuidora materiais medico hospitalares Brasil
Asamed Distribuidora | Médico-Hospitalar,http://www.asamed.com.br/,"R. da Independência, 1163 - Areias, São José - SC, 88113-280, Brazil",4.4,7.0,+55 48 3034-5714,"wholesaler, health, point_of_interest, establishment",Google Places API,Distribuidora materiais medico hospitalares Brasil
MDK HOSPITALAR - Distribuidora de Materiais Médicos e Hospitalares,,"Tv. Cinco, 05 - QUADRA 14 - Chacara Itapiracó, São Luís - MA, 65054-882, Brazil",,,+55 98 98428-1988,"wholesaler, health, point_of_interest, establishment",Google Places API,Distribuidora materiais medico hospitalares Brasil
BS Medical Distribuidora Médico Hospitalar LTDA,http://bsmedical.com.br/,"R. Dr. Américo Figueiredo, 1367 - Jardim Simus, Sorocaba - SP, 18055-132, Brazil",5.0,18.0,+55 15 3318-5781,"health, point_of_interest, establishment",Google Places API,Distribuidora materiais medico hospitalares Brasil
Alfa Distribuidora de Materiais Hospitalares e Hemodiálise,,"R. Francisco Jose Albuquerque Pereira, 880 - Cajazeiras, Fortaleza - CE, 60864-520, Brazil",5.0,4.0,+55 85 4141-2445,"wholesaler, health, point_of_interest, establishment",Google Places API,Distribuidora materiais medico hospitalares Brasil
DISTRIBUIDORA MATMED HOSPITALAR,https://www.matmedhospitalar.com/,"Av. Antônio Sales, 913 - Joaquim Távora (Fortaleza), Fortaleza - CE, 60135-101, Brazil",5.0,1.0,+55 85 99827-0053,"wholesaler, health, point_of_interest, establishment",Google Places API,Distribuidora materiais medico hospitalares Brasil
Distribuidora BRASIL,http://www.distribuidorabrasilmed.com.br/,"Rua MP 06, Qd 16-A Lote 01 304 - Residencial Marília, Sen. Canedo - GO, 75250-000, Brazil",4.8,10.0,+55 62 3565-1600,"wholesaler, health, point_of_interest, establishment",Google Places API,Importadora produtos saúde Brasil
SOS DISTRIBUIDORA IMPORTADORA E EXPORTADORA DE PRODUTOS PARA SAÚDE LTDA.,,"Av. Ângelo Moreira da Fonseca, : 6035 - Zona I-A, Umuarama - PR, 87504-050, Brazil",,,+55 44 2020-0822,"health, point_of_interest, establishment",Google Places API,Importadora produtos saúde Brasil
VR Medical Importadora e Distribuidora de Produtos Médicos,https://www.vrmedical.com.br/,"Edifício Garden Office - R. Batataes, 391 - Jardim Paulista, São Paulo - SP, 01423-010, Brazil",,,+55 11 3884-1976,"point_of_interest, establishment",Google Places API,Importadora produtos saúde Brasil
Official Produtos para Saúde,,"Av. Eng. Francisco Rodolfo Simch, 117 - Sarandi, Porto Alegre - RS, 91130-210, Brazil",,,+55 51 98227-2829,"wholesaler, health, point_of_interest, establishment",Google Places API,Importadora produtos saúde Brasil
Brazil Health,http://www.brazilh.com.br/,"R. Lino Luiz da Silva, 208 - Sertão do Maruim, São José - SC, 88122-075, Brazil",5.0,24.0,+55 48 99117-2309,"store, health, point_of_interest, establishment",Google Places API,Importadora produtos saúde Brasil
Medical Brazil,,"Rua Orense, 41 salas 1101/1102 - Centro, Diadema - SP, 09920-650, Brazil",5.0,3.0,+55 11 3938-0070,"store, health, point_of_interest, establishment",Google Places API,Importadora produtos saúde Brasil
Top Med Importação E Distribuição,http://www.topmedbrasil.com.br/,"Metropolitan Mall - Av. Dep. Jamel Cecílio, 2690 - Andar 27, Sala 2705 - Jardim Goiás, Goiânia - GO, 74810-100, Brazil",,,+55 62 3642-9440,"wholesaler, store, health, point_of_interest, establishment",Google Places API,Importadora produtos saúde Brasil
Brazil Health Produtos Hospitalares,,"Fazenda Santo Antônio, São José - SC, 88104-732, Brazil",,,,"health, point_of_interest, establishment",Google Places API,Importadora produtos saúde Brasil
The Smile Company: Dental Implant Center,https://thesmilecompany.com/,"2078 Woodruff Rd B, Greenville, SC 29607, USA",4.9,314.0,+1 864-548-9470,"dentist, health, point_of_interest, establishment",Google Places API,Dental Implants Manufacturer Santa Catarina
Titan Implants Inc,http://www.titanimplants.com/,"18 Columbia Ave, Bergenfield, NJ 07621, USA",4.7,62.0,+1 201-439-0470,"point_of_interest, establishment",Google Places API,Dental Implants Manufacturer Santa Catarina
Dente Pró Inglesess,https://dentepro.com.br/,"Rod. Armando Calil Bulos, 6055 - Ingleses do Rio Vermelho, Florianópolis - SC, 88058-001, Brazil",4.5,302.0,+55 48 3380-5210,"dental_clinic, health, point_of_interest, establishment",Google Places API,Dental Implants Manufacturer Santa Catarina
Dental Implant Technologies,https://dit-usa.com/,"9414 E San Salvador Dr #112, Scottsdale, AZ 85258, USA",5.0,37.0,+1 800-452-0582,"health, store, point_of_interest, establishment",Google Places API,Dental Implants Manufacturer Santa Catarina
Odonto Company Porto União,,"R. Sete de Setembro, 102 - Centro, Porto União - SC, 89400-000, Brazil",5.0,2.0,+55 42 99806-4843,"dental_clinic, health, point_of_interest, establishment",Google Places API,Dental Implants Manufacturer Santa Catarina
Odonto Company Tijucas - SC,,"Rua Alexandre Ternes Neto, 70 – Centro, Tijucas, Cep:, Tijucas - SC, 88200-000, Brazil",4.6,85.0,+55 47 99746-2745,"dental_clinic, dentist, doctor, health, point_of_interest, establishment",Google Places API,Dental Implants Manufacturer Santa Catarina
Carolina Periodontics and Dental Implants,https://carolinaperioandimplants.com/,"233 E Blackstock Rd Ste D, Spartanburg, SC 29301, USA",5.0,224.0,+1 864-586-5004,"dentist, health, point_of_interest, establishment",Google Places API,Dental Implants Manufacturer Santa Catarina
Dentelli Itajaí,https://dentelli.com.br/,"R. Dr. Nereu Ramos, 67 - Centro, Itajaí - SC, 88301-215, Brazil",4.9,601.0,+55 47 2125-1327,"dentist, health, point_of_interest, establishment",Google Places API,Dental Implants Manufacturer Santa Catarina
OdontoCompany Schroeder,https://linktr.ee/odontocompany_schroeder,"R. Mal. Castelo Branco, 3246 - Sl 03 - Centro, Schroeder - SC, 89275-000, Brazil",4.9,85.0,+55 47 99651-0116,"dental_clinic, health, point_of_interest, establishment",Google Places API,Dental Implants Manufacturer Santa Catarina
OdontoCompany,,"R. Adhemar da Silva, 1096 - Kobrasol, São José - SC, 88101-091, Brazil",3.8,51.0,+55 48 99145-8513,"dental_clinic, health, point_of_interest, establishment",Google Places API,Dental Implants Manufacturer Santa Catarina
OdontoCompany Blumenau - Itoupava,http://linktr.ee/odontocompany_itoupava,"Rua Dr. Pedro Zimmermann, 6273 - sala 1 - Itoupava Central, Blumenau - SC, 89068-001, Brazil",4.8,100.0,+55 47 99172-5354,"dental_clinic, health, point_of_interest, establishment",Google Places API,Dental Implants Manufacturer Santa Catarina
OdontoCompany,,"R. João de Oliveira Filho, 243 - Centro, Imbituba - SC, 88780-000, Brazil",4.9,59.0,+55 48 3701-0150,"dental_clinic, health, point_of_interest, establishment",Google Places API,Dental Implants Manufacturer Santa Catarina
OdontoBlumenau,https://campanhas.opsolucoesdigitais.com.br/odonto-blumenau-implantes-dentarios,"R. XV de Novembro, 866 - Centro, Blumenau - SC, 89010-000, Brazil",4.5,230.0,+55 47 99164-1110,"dental_clinic, health, point_of_interest, establishment",Google Places API,Dental Implants Manufacturer Santa Catarina
IDC Implant & Dental Company,https://www.idcimplant.com/it/,"Viale Europa, 126/o/p, 55012 Capannori LU, Italy",3.5,2.0,+39 0583 308371,"dentist, health, point_of_interest, establishment",Google Places API,Dental Implants Manufacturer Santa Catarina
Corbari Centro de Odontologia Especializada | Dentista em Gaspar,https://corbariodontologia.com.br/,"R. Doralício García, 163 - Centro, Gaspar - SC, 89110-013, Brazil",5.0,425.0,+55 47 98810-0928,"dentist, dental_clinic, health, point_of_interest, establishment",Google Places API,Dental Implants Manufacturer Santa Catarina
Jurerê Medical Center- Clínica de Saúde e Bem Estar- Coworking,http://www.jureremedical.com.br/,"Rodovia Jornalista Maurício Sirotski Sobrinho, 5145 - Jurerê, Florianópolis - SC, 88053-700, Brazil",4.5,54.0,+55 48 3028-1030,"dental_clinic, consultant, health, point_of_interest, establishment",Google Places API,Dental Implants Manufacturer Santa Catarina
dental Excellence Itajaí,https://www.instagram.com/odonto_excellence_cordeiros,"R. Dr. Reinaldo Schmithausen, 1200 - Cordeiros, Itajaí - SC, 88310-000, Brazil",4.7,365.0,+55 47 3083-2200,"dental_clinic, health, point_of_interest, establishment",Google Places API,Dental Implants Manufacturer Santa Catarina
Vivare Consultórios Integrados,https://www.vivareconsultorios.com.br/,"R. Arthur Max Doose, 153 - SL 802 - Pioneiros, Balneário Camboriú - SC, 88331-085, Brazil",4.2,10.0,+55 47 99284-7000,"dental_clinic, dentist, hospital, doctor, consultant, health, store, point_of_interest, establishment",Google Places API,Dental Implants Manufacturer Santa Catarina
OdontoCompany Balneário Barra do Sul,https://linktr.ee/odontocompany.bbs,"Av. Jaraguá do Sul, 563 - Costeira, Balneário Barra do Sul - SC, 89247-000, Brazil",,,+55 47 3407-1753,"dental_clinic, dentist, doctor, health, point_of_interest, establishment",Google Places API,Dental Implants Manufacturer Santa Catarina
Art Medical Produtos Médico Hospitalares Ltda,https://artmedical.com.br/,"R. Domingos Crescêncio, 394 - Sala 202 - Santana, Porto Alegre - RS, 90650-090, Brazil",4.2,5.0,+55 51 3231-3415,"health, store, point_of_interest, establishment",Google Places API,Medical Equipment Supplier Porto Alegre
Quallys - Products for Health and Quality of Life,http://www.espacoquallys.com.br/,"Av. Wenceslau Escobar, 1838 - Tristeza, Porto Alegre - RS, 90035-075, Brazil",4.9,191.0,+55 51 3110-8690,"shoe_store, health, store, point_of_interest, establishment",Google Places API,Medical Equipment Supplier Porto Alegre
"Quallys CPAP, Fisio e Produtos Médicos Hospitalares - Unidade Centro",http://www.espacoquallys.com.br/,"Rua Professor Annes Dias, 150 - Centro Histórico, Porto Alegre - RS, 90020-090, Brazil",4.9,92.0,+55 51 99008-4643,"shoe_store, health, store, point_of_interest, establishment",Google Places API,Medical Equipment Supplier Porto Alegre
Quântica W - Fornecedor de Produtos Médicos e Hospitalares,https://www.quanticaw.com.br/,"R. Barão do Amazonas, 756 - Sala 102 - Jardim Botânico, Porto Alegre - RS, 90670-001, Brazil",4.8,29.0,+55 51 3388-3577,"health, store, point_of_interest, establishment",Google Places API,Medical Equipment Supplier Porto Alegre
"OXIGENAR PORTO ALEGRE -LOCAÇÃO E VENDA DE CPAP, BIPAP, MÁSCARA, CONCENTADOR E CILINDRO DE OXIGÊNIO",https://loja.oxigenar.com.br/cpap-loja-oxigenar-porto-alegre.html,"Edifício MedCenter, torre A - Av. Soledade, 569 - Sala 904 - Três Figueiras, Porto Alegre - RS, 90470-340, Brazil",4.9,219.0,+55 51 99400-7335,"health, store, point_of_interest, establishment",Google Places API,Medical Equipment Supplier Porto Alegre
Maximed Sul Comércio de Produtos Médico-Hospitalares Ltda,https://www.maximedsul.com.br/,"Av. Amazonas, 1411 - São Geraldo, Porto Alegre - RS, 90240-542, Brazil",5.0,16.0,+55 51 3342-0002,"health, store, point_of_interest, establishment",Google Places API,Medical Equipment Supplier Porto Alegre
Medicalmed,http://www.medicalmed.com.br/,"Av. Pará, 1125 - Navegantes, Porto Alegre - RS, 90240-590, Brazil",4.3,6.0,+55 51 3026-5636,"wholesaler, health, store, point_of_interest, establishment",Google Places API,Medical Equipment Supplier Porto Alegre
Isaclin Moinhos de Vento - Produtos Hospitalares,http://www.isaclin.com.br/,"R. Dr. Florêncio Ygartua, 200 - Loja A - Moinhos de Vento, Porto Alegre - RS, 90430-010, Brazil",4.7,66.0,+55 51 98039-3132,"health, store, point_of_interest, establishment",Google Places API,Medical Equipment Supplier Porto Alegre
MEDPOA COMERCIO DE MATERIAL HOSPITALAR LTDA,http://medpoa.com.br/,"R. José Pedro Boéssio, 130 - Humaitá, Porto Alegre - RS, 90250-050, Brazil",4.8,6.0,+55 51 3907-1001,"health, store, point_of_interest, establishment",Google Places API,Medical Equipment Supplier Porto Alegre
Sanit CPAP e Produtos para Saúde,https://www.sanitservicos.com.br/,"R. Santa Rita, 184 - Floresta, Porto Alegre - RS, 90220-220, Brazil",5.0,128.0,+55 51 3398-8646,"health, store, point_of_interest, establishment",Google Places API,Medical Equipment Supplier Porto Alegre
"Quallys CPAP, Fisioterapia e Produtos Médicos Hospitalares",http://www.espacoquallys.com.br/,"Av. Cristóvão Colombo, 1630 - Floresta, Porto Alegre - RS, 90560-001, Brazil",4.7,306.0,+55 51 3095-0395,"shoe_store, health, sporting_goods_store, store, point_of_interest, establishment",Google Places API,Medical Equipment Supplier Porto Alegre
MKS Medical Technologies - Materiais Médicos,https://www.mksmed.com.br/,"Av. Carlos Gomes, 466 - sala 1001 - Auxiliadora, Porto Alegre - RS, 90480-003, Brazil",5.0,11.0,+55 51 3779-2074,"health, point_of_interest, establishment",Google Places API,Medical Equipment Supplier Porto Alegre
Pé de Apoio - Dr. Flores 01,http://www.pedeapoio.com.br/,"R. Dr. Flores, 348 - Centro Histórico, Porto Alegre - RS, 90020-121, Brazil",4.7,183.0,+55 51 3019-2222,"health, store, point_of_interest, establishment",Google Places API,Medical Equipment Supplier Porto Alegre
Isaclin Hospital de Clínicas - Produtos Hospitalares,http://isaclin.com.br/,"R. Ramiro Barcelos, 2093 - Santana, Porto Alegre - RS, 90035-007, Brazil",4.8,57.0,+55 51 99984-0872,"health, store, point_of_interest, establishment",Google Places API,Medical Equipment Supplier Porto Alegre
Isaclin Floresta - Produtos Hospitalares,https://www.isaclin.com.br/,"R. Ramiro Barcelos, 601 - Independência, Porto Alegre - RS, 90035-005, Brazil",5.0,105.0,+55 51 99760-3993,"health, store, point_of_interest, establishment",Google Places API,Medical Equipment Supplier Porto Alegre
"HS Med - Aparelhos de Estética e Fisioterapia. Loja Oficial: Ibramed, KLD, Medical San, MM Optics, Cecbra, Fismatek, Tonederm",https://www.hsmed.com.br/,"Av. Getúlio Vargas, 1020 - Menino Deus, Porto Alegre - RS, 90150-002, Brazil",5.0,30.0,+55 11 95222-2728,"health, store, point_of_interest, establishment",Google Places API,Medical Equipment Supplier Porto Alegre
CPAPS - Porto Alegre,https://materiais.cpaps.com.br/porto-alegre,"R. Quintino Bocaiúva, 954 - Floresta, Porto Alegre - RS, 90440-050, Brazil",4.9,512.0,+55 51 98116-5986,"health, store, point_of_interest, establishment",Google Places API,Medical Equipment Supplier Porto Alegre
Loja Helfer Distribuidora de Suprimentos Corporativos,https://www.helferlojavirtual.com.br/,"R. Souza Lôbo, 446 - Vila Jardim, Porto Alegre - RS, 91320-320, Brazil",4.5,43.0,+55 51 3024-8811,"wholesaler, health, clothing_store, store, point_of_interest, establishment",Google Places API,Medical Equipment Supplier Porto Alegre
"LíderMed Produtos e Serviços - Venda e manutenção de equipamentos médicos, odontológicos e laboratoriais.",http://www.lidermed.poa.br/,"R. Ouro Preto, 722 - Jardim Floresta, Porto Alegre - RS, 91040-610, Brazil",5.0,14.0,+55 51 2312-5555,"wholesaler, health, store, point_of_interest, establishment",Google Places API,Medical Equipment Supplier Porto Alegre
Lumiar Healthcare Porto Alegre,https://portal.lumiarsaude.com.br/unidades/porto-alegre-rs/,"R. Câncio Gomes, 496 - Floresta, Porto Alegre - RS, 90220-060, Brazil",4.2,20.0,+55 51 99701-2214,"health, store, point_of_interest, establishment",Google Places API,Medical Equipment Supplier Porto Alegre
Hospfar Industria e Comércio de Produtos Hospitalares SA,http://www.hospfar.com.br/,"R. 3, 975 - St. Morais, Goiânia - GO, 74620-385, Brazil",4.3,16.0,+55 62 3269-3500,"wholesaler, health, point_of_interest, establishment",Google Places API,Indústria Farmacêutica e Hospitalar
Medicalog - Gestão de Logística Hospitalar,http://medicalog.com.br/,"R. Palmorino Mônaco, 500 - Brás, São Paulo - SP, 03043-000, Brazil",5.0,11.0,+55 11 3347-2700,"point_of_interest, establishment",Google Places API,Logística Hospitalar Brasil
